0.0,0,0.0,5.29842892402917e-05,0.00010809267519773465
0.0,0,0.0,0.00012132663348930071,0.00010809267519773465
0.0,0,0.0,8.837602969733686e-05,0.00012132663348930071
0.0,0,0.0,0.0001999052395370786,0.00012132663348930071
0.0,0,0.0,0.0001114170431099415,0.0001999052395370786
0.0,0,0.0,0.00013321475850229959,0.0001999052395370786
0.0,0,0.0,0.00013507944985154263,0.0001999052395370786
0.0,0,0.0,0.00013505575610032764,0.0001999052395370786
0.0,0,0.0,9.913411938678148e-05,0.0001999052395370786
0.0,0,0.0,0.0001386592516986017,0.0001999052395370786
0.0,0,0.0,0.0003737048082841477,0.0001999052395370786
0.0,0,0.0,0.00011905215252329504,0.0003737048082841477
0.0,0,0.0,0.0001303066768334289,0.0003737048082841477
0.0,0,0.0,6.31025724826341e-05,0.0003737048082841477
0.0,0,0.0,0.00011601421196641132,0.0003737048082841477
0.0,0,0.0,0.00020688720825644518,0.0003737048082841477
0.0,0,0.0,8.366472824027904e-05,0.0003737048082841477
0.0,0,0.0,0.00011139888691335468,0.0003737048082841477
0.0,0,0.0,8.503931581251122e-05,0.0003737048082841477
0.0,0,0.0,0.00010674687914478159,0.0003737048082841477
0.0,0,0.0,0.00011410142638696378,0.0003737048082841477
0.0,0,0.0,0.0001460653273779847,0.0003737048082841477
0.0,0,0.0,8.651456529158907e-05,0.0003737048082841477
0.0,0,0.0,0.000253969122352286,0.0003737048082841477
0.0,0,0.0,0.00024951268010804385,0.0003737048082841477
0.0,0,0.0,0.00014661202697849866,0.0003737048082841477
0.0,0,0.0,9.152377783512629e-05,0.0003737048082841477
0.0,0,0.0,9.711129809327791e-05,0.0003737048082841477
0.0,0,0.0,0.00015118346851740743,0.0003737048082841477
0.0,0,0.0,9.559149759044916e-05,0.0003737048082841477
0.0,0,0.0,0.00014592278608552522,0.0003737048082841477
0.0,0,0.0,9.425159421146092e-05,0.0003737048082841477
0.0,0,0.0,0.00011198022724899972,0.0003737048082841477
0.0,0,0.0,0.00020175567944697158,0.0003737048082841477
0.0,0,0.0,0.00010334295143067743,0.0003737048082841477
0.0,0,0.0,0.00010653823159646724,0.0003737048082841477
0.0,0,0.0,0.00016598824479752253,0.0003737048082841477
0.0,0,0.0,0.00020226908350961742,0.0003737048082841477
0.0,0,0.0,0.00010950204258890119,0.0003737048082841477
0.0,0,0.0,9.975296751540003e-05,0.0003737048082841477
0.0,0,0.0,0.00017551172059952734,0.0003737048082841477
0.0,0,0.0,0.00017551172059952734,0.0003737048082841477
0.0,0,0.0,0.00012706994330614,0.0003737048082841477
0.0,0,0.0,0.00012739687329296257,0.0003737048082841477
0.0,0,0.0,0.0001283847711940659,0.0003737048082841477
0.0,0,0.0,0.00018092171152121173,0.0003737048082841477
0.0,0,0.0,0.00022625487317669775,0.0003737048082841477
0.0,0,0.0,0.00024128824339044152,0.0003737048082841477
0.0,0,0.0,6.0320867424277194e-05,0.0003737048082841477
0.0,0,0.0,9.026170821229298e-05,0.0003737048082841477
0.0,0,0.0,0.00017801404332522787,0.0003737048082841477
0.0,0,0.0,0.00013243006651161203,0.0003737048082841477
0.0,0,0.0,0.00011523696004031249,0.0003737048082841477
0.0,0,0.0,8.444439196622111e-05,0.0003737048082841477
0.0,0,0.0,0.00014050314376569989,0.0003737048082841477
0.0,0,0.0,0.00010968062984029031,0.0003737048082841477
0.0,0,0.0,0.00019075609786272865,0.0003737048082841477
0.0,0,0.0,0.00020624469211417423,0.0003737048082841477
0.0,0,0.0,0.00010995509277816486,0.0003737048082841477
0.0,0,0.0,0.00017322517938671002,0.0003737048082841477
0.0,0,0.0,0.00011368833272991056,0.0003737048082841477
0.0,0,0.0,9.347085796862869e-05,0.0003737048082841477
0.0,0,0.0,7.792024704989286e-05,0.0003737048082841477
0.0,0,0.0,0.00011556831988079753,0.0003737048082841477
0.0,0,0.0,0.00019562159488582302,0.0003737048082841477
0.0,0,0.0,7.148117947901848e-05,0.0003737048082841477
0.0,0,0.0,0.00019514053382155522,0.0003737048082841477
0.0,0,0.0,0.00013061879020076936,0.0003737048082841477
0.0,0,0.0,0.00013570568366580018,0.0003737048082841477
0.0,0,0.0,0.00015440944364478225,0.0003737048082841477
0.0,0,0.0,0.00011279868365400068,0.0003737048082841477
0.0,0,0.0,0.00014148960009474501,0.0003737048082841477
0.0,0,0.0,0.00013047490385100657,0.0003737048082841477
0.0,0,0.0,0.00013088643304268673,0.0003737048082841477
0.0,0,0.0,0.0001272906489592329,0.0003737048082841477
0.0,0,0.0,0.00010211349369021064,0.0003737048082841477
0.0,0,0.0,8.105302063444939e-05,0.0003737048082841477
0.0,0,0.0,6.179867490648367e-05,0.0003737048082841477
0.0,0,0.0,0.0004866960000679937,0.0003737048082841477
0.0,0,0.0,0.000543957210108761,0.0004866960000679937
0.0,0,0.0,0.00018055992409804386,0.000543957210108761
0.0,0,0.0,9.151056923852766e-05,0.000543957210108761
0.0,0,0.0,0.00011976047259476223,0.000543957210108761
0.0,0,0.0,0.0001825866200540731,0.000543957210108761
0.0,0,0.0,0.0001042730087291745,0.000543957210108761
0.0,0,0.0,0.0001724802057294061,0.000543957210108761
0.0,0,0.0,8.554245061546352e-05,0.000543957210108761
0.0,0,0.0,7.20218060608349e-05,0.000543957210108761
0.0,0,0.0,0.0001302032770304113,0.000543957210108761
0.0,0,0.0,0.00012567869236530926,0.000543957210108761
0.0,0,0.0,0.0001369667355591533,0.000543957210108761
0.0,0,0.0,0.00022908008963880524,0.000543957210108761
0.0,0,0.0,0.00010550950002878748,0.000543957210108761
0.0,0,0.0,0.00018331056409852294,0.000543957210108761
0.0,0,0.0,7.703218736727715e-05,0.000543957210108761
0.0,0,0.0,0.00010393672499968248,0.000543957210108761
0.0,0,0.0,0.00013795747856688203,0.000543957210108761
0.0,0,0.0,7.630634399262025e-05,0.000543957210108761
0.0,0,0.0,0.00010274978131603375,0.000543957210108761
0.0,0,0.0,8.300703689983865e-05,0.000543957210108761
0.0,0,0.0,9.030674530499361e-05,0.000543957210108761
0.0,0,0.0,0.00017236686404416705,0.000543957210108761
0.0,0,0.0,0.0001444217399774573,0.000543957210108761
0.0,0,0.0,8.356472335922753e-05,0.000543957210108761
0.0,0,0.0,0.00011249308210067364,0.000543957210108761
0.0,0,0.0,0.00011096555638119043,0.000543957210108761
0.0,0,0.0,7.924741552223951e-05,0.000543957210108761
0.0,0,0.0,0.00014938086233620923,0.000543957210108761
0.0,0,0.0,0.00011807552463529531,0.000543957210108761
0.0,0,0.0,7.782478695921357e-05,0.000543957210108761
0.0,0,0.0,0.00011023914395091564,0.000543957210108761
0.0,0,0.0,9.762105011291494e-05,0.000543957210108761
0.0,0,0.0,8.876280584949044e-05,0.000543957210108761
0.0,0,0.0,0.00017441590437257347,0.000543957210108761
0.0,0,0.0,0.000138992127990602,0.000543957210108761
0.0,0,0.0,9.566397979181957e-05,0.000543957210108761
0.0,0,0.0,0.00011173399587846846,0.000543957210108761
0.0,0,0.0,9.495420643722456e-05,0.000543957210108761
0.0,0,0.0,0.00011932740797032056,0.000543957210108761
0.0,0,0.0,0.00010375560345915549,0.000543957210108761
0.0,0,0.0,0.00011522530850983817,0.000543957210108761
0.0,0,0.0,0.00018835025786317731,0.000543957210108761
0.0,0,0.0,0.00029264515141555887,0.000543957210108761
0.0,0,0.0,8.297606799407004e-05,0.000543957210108761
0.0,0,0.0,9.537141258627086e-05,0.000543957210108761
0.0,0,0.0,9.359966451586758e-05,0.000543957210108761
0.0,0,0.0,6.057820544779689e-05,0.000543957210108761
0.0,0,0.0,0.00010764001567029424,0.000543957210108761
0.0,0,0.0,0.00011517608145308969,0.000543957210108761
0.0,0,0.0,0.0001244371694143213,0.000543957210108761
0.0,0,0.0,8.234779112009419e-05,0.000543957210108761
0.0,0,0.0,0.00010203671102770057,0.000543957210108761
0.0,0,0.0,9.258696797420938e-05,0.000543957210108761
0.0,0,0.0,0.0001174017055397466,0.000543957210108761
0.0,0,0.0,0.00011723169540890906,0.000543957210108761
0.0,0,0.0,0.00016284986762718273,0.000543957210108761
0.0,0,0.0,0.0001741611211920387,0.000543957210108761
0.0,0,0.0,0.00011035974054298141,0.000543957210108761
0.0,0,0.0,0.00011253414154321956,0.000543957210108761
0.0,0,0.0,0.00010958626442413126,0.000543957210108761
0.0,0,0.0,0.00010494390989332045,0.000543957210108761
0.0,0,0.0,0.00011631243297369496,0.000543957210108761
0.0,0,0.0,0.00014472657169436098,0.000543957210108761
0.0,0,0.0,0.0001388286980655648,0.000543957210108761
0.0,0,0.0,0.0002018419305104239,0.000543957210108761
0.0,0,0.0,0.000264313444852441,0.000543957210108761
0.0,0,0.0,7.717406823388216e-05,0.000543957210108761
0.0,0,0.0,8.209511527768093e-05,0.000543957210108761
0.0,0,0.0,0.00011670522284363284,0.000543957210108761
0.0,0,0.0,7.988711315344643e-05,0.000543957210108761
0.0,0,0.0,9.860388667324663e-05,0.000543957210108761
0.0,0,0.0,9.199545703458656e-05,0.000543957210108761
0.0,0,0.0,8.178165039303309e-05,0.000543957210108761
0.0,0,0.0,0.00021290460646307272,0.000543957210108761
0.0,0,0.0,9.78296924037189e-05,0.000543957210108761
0.0,0,0.0,0.00013164937451460632,0.000543957210108761
0.0,0,0.0,0.00012587413298574763,0.000543957210108761
0.0,0,0.0,0.00018284436192608737,0.000543957210108761
0.0,0,0.0,0.0001533992683233455,0.000543957210108761
0.0,0,0.0,0.00013129232488313613,0.000543957210108761
0.0,0,0.0,8.044037377111963e-05,0.000543957210108761
0.0,0,0.0,9.558924965308633e-05,0.000543957210108761
0.0,0,0.0,0.00011099887487097658,0.000543957210108761
0.0,0,0.0,0.00010483752700663859,0.000543957210108761
0.0,0,0.0,7.605093049425557e-05,0.000543957210108761
0.0,0,0.0,9.057447035285912e-05,0.000543957210108761
0.0,0,0.0,0.00013428042067954057,0.000543957210108761
0.0,0,0.0,9.938521476429722e-05,0.000543957210108761
0.0,0,0.0,0.00016024581492264688,0.000543957210108761
0.0,0,0.0,0.0001786153792855769,0.000543957210108761
0.0,0,0.0,0.00011896882318601217,0.000543957210108761
0.0,0,0.0,9.655482266966926e-05,0.000543957210108761
0.0,0,0.0,8.285502472516632e-05,0.000543957210108761
0.0,0,0.0,0.0001341225949734124,0.000543957210108761
0.0,0,0.0,9.032445720453398e-05,0.000543957210108761
0.0,0,0.0,0.0001296763796460297,0.000543957210108761
0.0,0,0.0,0.00015287257856317913,0.000543957210108761
0.0,0,0.0,8.242371844346308e-05,0.000543957210108761
0.0,0,0.0,0.00011865200595562688,0.000543957210108761
0.0,0,0.0,0.00010857807610607037,0.000543957210108761
0.0,0,0.0,0.0004075318814284801,0.000543957210108761
0.0,0,0.0,6.848714632487569e-05,0.000543957210108761
0.0,0,0.0,0.00031533845987698233,0.000543957210108761
0.0,0,0.0,8.42547101921374e-05,0.000543957210108761
0.0,0,0.0,0.00016099292917690753,0.000543957210108761
0.0,0,0.0,0.00014237218476622477,0.000543957210108761
0.0,0,0.0,7.451435122751586e-05,0.000543957210108761
0.0,0,0.0,0.00013571952464331492,0.000543957210108761
0.0,0,0.0,8.19890575843836e-05,0.000543957210108761
0.0,0,0.0,5.174547485023571e-05,0.000543957210108761
0.0,0,0.0,0.00011498039948838843,0.000543957210108761
0.0,0,0.0,0.00015222531679270383,0.000543957210108761
0.0,0,0.0,9.283378259884827e-05,0.000543957210108761
0.0,0,0.0,0.00018902357877342708,0.000543957210108761
0.0,0,0.0,0.00012199627340336351,0.000543957210108761
0.0,0,0.0,9.893269194071429e-05,0.000543957210108761
0.0,0,0.0,0.0001007113933727409,0.000543957210108761
0.0,0,0.0,0.00016636264276397833,0.000543957210108761
0.0,0,0.0,0.0001714822877323395,0.000543957210108761
0.0,0,0.0,7.772799216398246e-05,0.000543957210108761
0.0,0,0.0,9.215364235180294e-05,0.000543957210108761
0.0,0,0.0,5.960575430724387e-05,0.000543957210108761
0.0,0,0.0,8.137964453907884e-05,0.000543957210108761
0.0,0,0.0,9.318238774139206e-05,0.000543957210108761
0.0,0,0.0,0.00010181414795347068,0.000543957210108761
0.0,0,0.0,0.00015017532661515574,0.000543957210108761
0.0,0,0.0,0.00015848770898592004,0.000543957210108761
0.0,0,0.0,0.00010169902028293992,0.000543957210108761
0.0,0,0.0,7.888039554076792e-05,0.000543957210108761
0.0,0,0.0,7.659981284828924e-05,0.000543957210108761
0.0,0,0.0,0.0003590396324567295,0.000543957210108761
-0.0010452444444444444,0,0.003929490392648287,0.0006959268254591069,0.0007395459411673288
-0.00013065555555555555,0,0.007367794486215539,0.0007963681471126875,0.0010511110044733579
-0.0002613111111111111,0,0.09234302422723474,0.0032999502513482316,0.005247319950134677
-0.0002613111111111111,0,0.09234302422723474,0.003499552786117016,0.0077509020543702215
0.0003919666666666667,0,0.16552978279030908,0.008080525224421296,0.011478110954432283
0.0003919666666666667,0,0.16552978279030908,0.008277550991486535,0.016059083392736564
0.0003919666666666667,0,0.16552978279030908,0.011473707900095257,0.0162561091598018
-0.0005226222222222222,0,0.25246975772765246,0.01648444243454385,0.02364277660894472
-0.0005226222222222222,0,0.25246975772765246,0.017662439688557057,0.028653511143393314
0.0002613111111111111,0,0.33105956558061816,0.02659038108819883,0.03361951578020733
0.0002613111111111111,0,0.33105956558061816,0.028259843870240095,0.042547457179849105
0.0016985222222222224,0,0.40424632414369255,0.029733557897163445,0.047744690754827304
0.0016985222222222224,0,0.40424632414369255,0.03368786186758185,0.04921840478175065
0.0009145888888888889,0,0.38754598997493733,0.027003490594268945,0.05236763122743563
0.0009145888888888889,0,0.38754598997493733,0.0293123641019938,0.05236763122743563
-0.003919666666666667,0,0.35070701754385963,0.021126026881977338,0.050593008403535034
-0.003919666666666667,0,0.35070701754385963,0.022888082211620163,0.050593008403535034
0.0010452444444444444,0,0.3163239766081871,0.02176757497618609,0.048934761779001947
0.0010452444444444444,0,0.3163239766081871,0.014690509781677772,0.048934761779001947
0.0010452444444444444,0,0.3163239766081871,0.017528573739250184,0.048934761779001947
0.0005226222222222222,0,0.2809585630743525,0.014375699197641756,0.04723008831862966
0.0005226222222222222,0,0.2809585630743525,0.015383111131044434,0.04723008831862966
-0.0018291777777777777,0,0.2367517961570593,0.01037794106665397,0.04509964310652677
-0.0018291777777777777,0,0.2367517961570593,0.009450738534192439,0.04509964310652677
0.0023518000000000002,0,0.21710434419381786,0.010870392850883294,0.04415291251663342
0.0023518000000000002,0,0.21710434419381786,0.006988894189950911,0.04415291251663342
0.00013065555555555555,0,0.18321248955722638,0.0074106078101028395,0.04251870613680614
0.00013065555555555555,0,0.18321248955722638,0.005244528100873346,0.04251870613680614
0.0002613111111111111,0,0.16798571428571427,0.004324571090259904,0.0417847832103603
0.0002613111111111111,0,0.16798571428571427,0.004686152965270064,0.0417847832103603
0.0002613111111111111,0,0.16798571428571427,0.004074249099971483,0.0417847832103603
0.0011759000000000001,0,0.1242701336675021,0.002858347168057392,0.03967795366192545
0.0011759000000000001,0,0.1242701336675021,0.0037565331335504067,0.03967795366192545
-0.0006532777777777777,0,0.11542878028404344,0.002403272112733628,0.039251619250397704
0.0005226222222222222,0,0.10314912280701753,0.0025287060658744425,0.03865971416862414
0.0005226222222222222,0,0.10314912280701753,0.0029306415427626607,0.03865971416862414
0.0005226222222222222,0,0.10314912280701753,0.0014519311732795076,0.03865971416862414
0.0002613111111111111,0,0.10020200501253132,0.0021275294162009578,0.038517615129954046
0.0002613111111111111,0,0.10020200501253132,0.0018472281400394343,0.038517615129954046
0.0003919666666666667,0,0.09872844611528821,0.001384513387309255,0.03844661092472147
0.0003919666666666667,0,0.09872844611528821,0.0020382574419348177,0.03844661092472147
-0.0002613111111111111,0,0.09725488721804511,0.0023005241693626974,0.0383755645559088
-0.0002613111111111111,0,0.09725488721804511,0.0005335946863631493,0.0383755645559088
-0.00013065555555555555,0,0.10069319131161236,0.0019678159211521115,0.038541277823755854
-0.00013065555555555555,0,0.10069319131161236,0.0023988417323421774,0.038541277823755854
0.0,0,0.10020200501253132,0.004021555990540304,0.03851759850918586
0.0,0,0.10020200501253132,0.0010917052441374872,0.03851759850918586
0.0002613111111111111,0,0.10020200501253132,0.002647449078149151,0.038517615129954046
0.0002613111111111111,0,0.10020200501253132,0.002397045770695094,0.038517615129954046
0.0,0,0.09921963241436925,0.0010488614498182962,0.03847024814995445
0.0026131111111111108,0,0.06287184628237259,0.0006413157823675689,0.03672092704949387
0.0026131111111111108,0,0.06287184628237259,0.0005239003114706684,0.03672092704949387
0.0026131111111111108,0,0.06287184628237259,0.00039294276531470204,0.03672092704949387
-0.0003919666666666667,0,-0.0024559314954051793,0.0003205031359566416,0.033807709770566914
-0.0003919666666666667,0,-0.0024559314954051793,0.00030418106537394144,0.033807709770566914
0.0006532777777777777,0,0.0004911862990810359,0.00017042548417565907,0.033721181602895646
0.0006532777777777777,0,0.0004911862990810359,0.00025951848898722563,0.033721181602895646
0.005356877777777778,0,0.01817389306599833,0.00016046159992825227,0.034598358271212416
0.009799166666666666,0,0.0014735588972431077,0.0005927641127326693,0.03394315969259538
0.009799166666666666,0,0.0014735588972431077,0.000653988160229737,0.03394315969259538
0.026131111111111112,0,0.0029471177944862155,0.0004152892695375034,0.03432892723688031
0.026131111111111112,0,0.0029471177944862155,0.0005280175576168769,0.03432892723688031
0.042724366666666666,0,0.0014735588972431077,0.0005153790733277607,0.03460137698581396
0.042724366666666666,0,0.0014735588972431077,0.000766301746023782,0.03460137698581396
0.06467450000000001,0,-0.0024559314954051793,0.0012017033661361487,0.035079745889405003
0.08923774444444443,0,-0.011297284878863827,0.0017481233363658283,0.035926910716220915
0.08923774444444443,0,-0.011297284878863827,0.0017481233363658283,0.035926910716220915
0.08923774444444443,0,-0.011297284878863827,0.0014166765707141205,0.035926910716220915
0.11105722222222222,0,-0.022594569757727653,0.0026405175088489614,0.036820503030156056
0.11105722222222222,0,-0.022594569757727653,0.0016031089944666223,0.036820503030156056
0.1479020888888889,0,-0.0068766081871345025,0.0026065910904732046,0.03692150537885242
0.1479020888888889,0,-0.0068766081871345025,0.0023609092830443427,0.03692150537885242
0.1782141777777778,0,0.0029471177944862155,0.004144552884359908,0.03737011205973018
0.1782141777777778,0,0.0029471177944862155,0.004588212112844241,0.03737011205973018
0.1782141777777778,0,0.0029471177944862155,0.004321671496843649,0.03737011205973018
0.2125765888888889,0,0.010314912280701753,0.004939914985187441,0.03835283141625244
0.2125765888888889,0,0.010314912280701753,0.005626027379313879,0.03835283141625244
0.2564768555555556,0,0.011297284878863827,0.008562329913626569,0.03927012680901922
0.2564768555555556,0,0.011297284878863827,0.009509830083766123,0.03927012680901922
0.2879648444444444,0,0.013753216374269005,0.013024253157305777,0.039998391477777735
0.2879648444444444,0,0.013753216374269005,0.012650751904878901,0.039998391477777735
0.3295133111111111,0,0.0383125313283208,0.01660157278904147,0.04181811327645575
0.3295133111111111,0,0.0383125313283208,0.015609001268804401,0.04181811327645575
0.3463678777777778,0,0.10167556390977443,0.022778992603143138,0.044732233810612476
0.36152392222222224,0,0.044697953216374264,0.019521046017795984,0.04271554227159622
0.3842579888888889,0,-0.04076846282372598,0.018708479718425486,0.043011027710884796
0.40516287777777776,0,0.03782134502923977,0.026149965331862826,0.04330990593338513
0.4433143,0,0.03782134502923977,0.03698241167089582,0.011057688768209136
0.48211899999999996,0,0.05501286549707602,0.03703260276692623,0.048835852698552416
0.5147828888888889,0,0.05697761069340016,0.04405946353994434,0.013441935149415342
0.5147828888888889,0,0.05697761069340016,0.04850001178602505,0.013052612573066944
0.5419592444444444,0,0.017682706766917293,0.04818179931204359,0.011979367418620155
0.5725326444444444,0,0.0029471177944862155,0.05503588660000691,0.011734602125034998
0.5948747444444444,0,-0.009332539682539682,0.08586221153857339,0.06730692919079914
0.5948747444444444,0,-0.009332539682539682,0.0879688163475247,0.09813325412936562
0.5948747444444444,0,-0.009332539682539682,0.08886115040914182,0.10023985893831693
0.6321115777777778,0,-0.015717961570593148,0.09726352003029057,0.1021327574120298
0.6321115777777778,0,-0.015717961570593148,0.10056526980338476,0.11053512703317855
0.6483128666666667,0,-0.014735588972431077,0.10055618965039831,0.11412151369593584
0.6483128666666667,0,-0.014735588972431077,0.10093408669918107,0.11412151369593584
0.6629462888888888,0,-0.057959983291562225,0.1040579985039209,0.11651992723570181
0.6629462888888888,0,-0.057959983291562225,0.10050257865674876,0.11964383904044165
0.6758811888888889,0,-0.06139828738512949,0.10356701727326446,0.1200409263609341
0.6758811888888889,0,-0.06139828738512949,0.0681437980435659,0.1200409263609341
0.6924744444444444,0,-0.05894235588972431,0.06746827808927812,0.12027361277752668
0.6924744444444444,0,-0.05894235588972431,0.06674980446570362,0.12027361277752668
0.6999218111111111,0,-0.05845116959064327,0.06661684665360156,0.12040268459771715
0.6999218111111111,0,-0.05845116959064327,0.06668183928094831,0.12040268459771715
0.7077611444444445,0,-0.06925726817042607,0.06446853639995102,0.12099489984678713
0.7077611444444445,0,-0.06925726817042607,0.06875574194562699,0.12099489984678713
0.7216106333333333,0,-0.049609816207184625,0.06722720953716152,0.12048033591927665
0.7216106333333333,0,-0.049609816207184625,0.10893455312291711,0.12048033591927665
0.7549278,0,-0.035365413533834586,0.07314895222042943,0.1254505103726949
0.7549278,0,-0.035365413533834586,0.1781190928394736,0.1254505103726949
0.7695612222222223,0,-0.040277276524644946,0.03733853501442643,0.01716210569762074
0.7695612222222223,0,-0.040277276524644946,0.17524125624878484,0.05434439371233061
0.7790990777777778,0,-0.06139828738512949,0.17603760337823396,0.19328730086652132
0.7790990777777778,0,-0.06139828738512949,0.17920991186042595,0.19408364799597044
0.8053608444444444,0,-0.031435923141186296,0.19168921140483705,0.19657662821237057
0.8053608444444444,0,-0.031435923141186296,0.19773498014755203,0.20905592775678167
0.8124162444444445,0,-0.03733015873015873,0.042167966840945335,0.0183415392967551
0.8124162444444445,0,-0.03733015873015873,0.18958399949722646,0.05991238124909214
0.8120242777777777,0,-0.06631015037593983,0.1843964628171523,0.20848599097724538
0.8120242777777777,0,-0.06631015037593983,0.17997433699714718,0.20848599097724538
0.7869384111111112,0,-0.08890472013366749,0.16800227931583137,0.2088958315273105
0.7869384111111112,0,-0.08890472013366749,0.17409839495801296,0.2088958315273105
0.764335,0,-0.07858980785296574,0.16081126145136732,0.20802786942958085
0.764335,0,-0.07858980785296574,0.16139382770321897,0.20802786942958085
0.7589781222222223,0,-0.07613387635756057,0.15459110661291492,0.20782174948223542
0.7589781222222223,0,-0.07613387635756057,0.15955009805104342,0.20782174948223542
0.7431688,0,-0.04322439431913116,0.15125041888075566,0.20618057675290294
0.7431688,0,-0.04322439431913116,0.14927464151523456,0.20618057675290294
0.7284047222222223,0,-0.06336303258145363,0.14589991279688894,0.206695877757874
0.7284047222222223,0,-0.06336303258145363,0.14658919170011903,0.206695877757874
0.7033188555555555,0,-0.03683897243107769,0.14589506873670074,0.20512717875540962
0.7033188555555555,0,-0.03683897243107769,0.13051712770588703,0.20512717875540962
0.6816300333333334,0,-0.028979991645781113,0.12959511927770956,0.20437787084127343
0.6816300333333334,0,-0.028979991645781113,0.12074392784456114,0.20437787084127343
0.6507953222222223,0,-0.0329094820384294,0.11771358547075293,0.20391908239230486
0.6507953222222223,0,-0.0329094820384294,0.11347395782146928,0.20391908239230486
0.6507953222222223,0,-0.0329094820384294,0.1307564669401034,0.20391908239230486
0.6387750111111111,0,0.0014735588972431077,0.13634834643261032,0.20241844778952864
0.6387750111111111,0,0.0014735588972431077,0.12715846397750105,0.20241844778952864
0.6336794444444444,0,0.008841353383458646,0.18406645691297643,0.2026114498848225
0.6251868333333334,0,0.027997619047619042,0.04835899551605459,0.013888492020998169
0.6229656888888889,0,-0.0009823725981620718,0.049451177998682164,0.012991872100892553
0.6223124111111111,0,0.011297284878863827,0.1123327902991801,0.06234966236377441
0.6315889555555555,0,0.013753216374269005,0.05166811027597528,0.013724337045721713
0.6311969888888889,0,0.0191562656641604,0.035977634092687436,0.01390314706230863
0.6305437111111112,0,0.008841353383458646,0.03383635475482424,0.01340060748949915
0.6305437111111112,0,0.008841353383458646,0.12397037492512515,0.046801091506967644
0.6313276444444444,0,0.020629824561403505,0.1293969786484425,0.1374232539388676
0.6403428777777779,0,0.01817389306599833,0.02518124481427669,0.01397455034060576
0.6442625444444445,0,0.01424440267335004,0.03480363560819557,0.013606189507797095
0.6442625444444445,0,0.01424440267335004,0.06522037288589481,0.013741072269084824
0.6412574666666666,0,0.05108337510442774,0.0393659288392284,0.015338480903232834
0.6071563666666666,0,0.1301643692564745,0.09704579095892052,0.017714589257802477
0.6117293111111111,0,0.07171319966583123,0.06779308528097026,0.01531074529232172
0.5904324555555556,0,0.03487422723475355,0.06282363379720345,0.013423257114457323
0.48434014444444445,0,0.027997619047619042,0.061536930223204014,0.010861278555614813
0.3339556,0,0.1296731829573935,0.026731913147639987,0.01566321926405241
-0.010844411111111112,0,-0.005403049289891395,3.8893982288301536e-05,0.000464509346265057
-0.010844411111111112,0,-0.005403049289891395,5.200492229406443e-05,0.0004763831473292593
0.004572944444444445,0,0.016209147869674187,0.0002669467834452629,0.0008617124898337953
0.004442288888888889,0,0.03929490392648287,0.018588638131580446,0.002172985589639113
0.0052262222222222215,0,0.02652406015037594,0.00023607012332076932,0.0014926008081341995
0.0052262222222222215,0,0.02652406015037594,0.0001246001216912534,0.0015383423551824503
-0.00013065555555555555,0,-0.0004911862990810359,0.0001143001586134865,0.00026051871470309033
-0.00013065555555555555,0,-0.0004911862990810359,8.348638977345938e-05,0.00026051871470309033
-0.00013065555555555555,0,-0.0004911862990810359,4.498906174721363e-05,0.00026051871470309033
-0.00013065555555555555,0,-0.0004911862990810359,0.00018308745951494608,0.00026051871470309033
0.0015678666666666668,0,-0.0009823725981620718,0.00023913274910320687,0.00030774052282565975
0.0015678666666666668,0,-0.0009823725981620718,5.9736304188980054e-05,0.0003108031486080973
0.023387344444444444,0,-0.0034383040935672513,6.94760493418289e-05,0.0008452607504045691
0.023387344444444444,0,-0.0034383040935672513,0.00016960517878632822,0.0008452607504045691
0.04037256666666667,0,-0.005403049289891395,0.00039725513953849486,0.001263920652401758
0.04037256666666667,0,-0.005403049289891395,0.0006242124563149797,0.001422043042837046
0.05539795555555555,0,-0.011788471177944862,0.001265172251126395,0.002207919278047473
0.05539795555555555,0,-0.011788471177944862,0.0008869582023328714,0.002848879072858888
0.0611468,0,-0.03340066833751044,0.0009405108877507339,0.0038544290977553563
0.06598105555555556,0,-0.015226775271512115,0.001656639359385178,0.003199758175490645
0.07342842222222222,0,-0.011788471177944862,0.0010986664474252822,0.0035999246139667086
0.07342842222222222,0,-0.011788471177944862,0.0017409252134907294,0.0035999246139667086
0.07447366666666666,0,-0.014735588972431077,0.0009338349971985534,0.0038247152407448128
0.07447366666666666,0,-0.014735588972431077,0.0007679727119747371,0.0038247152407448128
0.07447366666666666,0,-0.014735588972431077,0.000930489420665961,0.0038247152407448128
0.07368973333333334,0,-0.013753216374269005,0.001294456301629644,0.0037691571226654624
0.07368973333333334,0,-0.013753216374269005,0.0009285682352977704,0.0037691571226654624
0.05748844444444444,0,-0.004911862990810359,0.0005867118390160528,0.0030878738774919048
0.05748844444444444,0,-0.004911862990810359,0.0008491331337777879,0.0030878738774919048
0.05160894444444444,0,-0.0034383040935672513,0.0006355360466339056,0.002911021256894131
0.05160894444444444,0,-0.0034383040935672513,0.0004303077074196655,0.002911021256894131
0.045990755555555554,0,-0.011788471177944862,0.000506030051918001,0.003137344620731172
0.045990755555555554,0,-0.011788471177944862,0.00070835251088427,0.003137344620731172
0.040503222222222225,0,0.008841353383458646,0.0002959855817428857,0.002907881582520114
0.040503222222222225,0,0.008841353383458646,0.0004042192695153909,0.002907881582520114
0.040503222222222225,0,0.008841353383458646,0.0006114280421898235,0.002907881582520114
0.03854338888888889,0,0.0024559314954051793,0.00028673367072853847,0.0026102932634891923
0.03854338888888889,0,0.0024559314954051793,0.0005841018067832618,0.0026102932634891923
0.03710617777777778,0,-0.02750643274853801,0.00020329697047665848,0.0036168251048339364
0.03710617777777778,0,-0.02750643274853801,0.0003497497869390459,0.0036168251048339364
0.033709133333333335,0,-0.04420676691729323,0.0001510937409110112,0.004274653431380818
0.026000455555555555,0,-0.09774607351712614,0.0003224675112810187,0.0066061948985726045
0.026000455555555555,0,-0.09774607351712614,0.00023237129858903413,0.0066061948985726045
0.012804244444444444,0,-0.05010100250626566,0.0006068808213477908,0.004229072013879504
-0.0009145888888888889,0,0.006385421888053467,1.3372995123813074e-05,0.002051805652290409
0.0006532777777777777,0,-0.0034383040935672513,0.00012139145991135197,0.0019095317340900664
0.0006532777777777777,0,-0.0034383040935672513,0.00015064718385496167,0.0019095317340900664
0.0006532777777777777,0,-0.0034383040935672513,6.027053507778655e-05,0.0019095317340900664
0.0,0,0.0,9.092367757340054e-05,0.0017409252134907294
0.0,0,0.0,0.00010962850634508217,0.0017409252134907294
0.0016985222222222224,0,0.021121010860484544,0.0006292980765630242,0.002762258027587538
0.0016985222222222224,0,0.021121010860484544,0.0010282741436156392,0.002762258027587538
0.0,0,0.07269557226399331,0.001085475343511192,0.005244851796615207
0.0,0,0.07269557226399331,0.0012902908999448375,0.005244851796615207
0.0011759000000000001,0,0.137040977443609,0.0016962962364232323,0.008346546396419978
0.0011759000000000001,0,0.137040977443609,0.0024415737962214185,0.008346546396419978
0.0011759000000000001,0,0.137040977443609,0.0033925914823093374,0.009047194979150667
0.0019598333333333334,0,0.19794807852965748,0.00338784955874696,0.01293416206209748
0.0019598333333333334,0,0.19794807852965748,0.005065869355149004,0.01293416206209748
0.001437211111111111,0,0.25492568922305764,0.0035424153843542933,0.017353485192174185
-0.005748844444444444,0,0.2819409356725146,0.002604639486727457,0.018658279721626446
-0.0002613111111111111,0,0.30257076023391816,0.0027695855898299954,0.019649785502753796
-0.0002613111111111111,0,0.30257076023391816,0.0033348063280348103,0.019649785502753796
0.0,0,0.301588387635756,0.0026024513680812265,0.019602429639192447
0.0,0,0.301588387635756,0.0024804700680665565,0.019602429639192447
-0.0003919666666666667,0,0.29618533834586463,0.002534218048236396,0.0193420153151442
-0.0003919666666666667,0,0.29618533834586463,0.00402705427788351,0.0193420153151442
-0.0003919666666666667,0,0.301097201336675,0.0032981576969337467,0.019578766904912025
-0.0003919666666666667,0,0.301097201336675,0.0025818264039532976,0.019578766904912025
-0.0003919666666666667,0,0.301097201336675,0.0031525380619042056,0.019578766904912025
0.0007839333333333334,0,0.30257076023391816,0.0034556495330871676,0.01964982953695369
0.0007839333333333334,0,0.30257076023391816,0.002882149762642915,0.01964982953695369
-0.0002613111111111111,0,0.29765889724310773,0.0030018656823469227,0.019413033797427055
-0.0002613111111111111,0,0.29765889724310773,0.0030212000499385758,0.019413033797427055
0.0,0,0.2966765246449457,0.004747311008959575,0.01936567784303539
0.0,0,0.2966765246449457,0.0030767388941916607,0.01936567784303539
0.0006532777777777777,0,0.2981500835421888,0.0033804693027846954,0.019436738293814072
0.0006532777777777777,0,0.2981500835421888,0.0040589925971807736,0.019436738293814072
-0.00013065555555555555,0,0.3020795739348371,0.004940236956594462,0.019626106197129314
-0.00013065555555555555,0,0.3020795739348371,0.0035355661351726526,0.019626106197129314
-0.00013065555555555555,0,0.3020795739348371,0.004453307457019388,0.019626106197129314
-0.0003919666666666667,0,0.2981500835421888,0.005329330043782795,0.0194367159502353
-0.0003919666666666667,0,0.2981500835421888,0.0026720246534003085,0.01970017663886909
0.0006532777777777777,0,0.3001148287385129,0.0034278274636337903,0.0197948994723579
0.0006532777777777777,0,0.3001148287385129,0.003475896821053873,0.0197948994723579
-0.0005226222222222222,0,0.30060601503759393,0.00319948681130802,0.01981856212974359
-0.0005226222222222222,0,0.30060601503759393,0.0032181897959110764,0.01981856212974359
-0.0006532777777777777,0,0.2981500835421888,0.05738640015263435,0.01970019898244786
0.00013065555555555555,0,0.2991324561403509,0.0036679621026630455,0.014742572678032534
0.00013065555555555555,0,0.2991324561403509,0.0035818648084465156,0.018086147880528633
0.0015678666666666668,0,0.30257076023391816,0.0039019803551088236,0.01825207089412304
0.0015678666666666668,0,0.30257076023391816,0.00255326346719188,0.018486089146568817
0.0015678666666666668,0,0.30257076023391816,0.001803758126542399,0.018486089146568817
0.010452444444444443,0,0.13360267335004175,0.0006771342774281088,0.010361396008544091
0.010452444444444443,0,0.13360267335004175,0.00042980619896126323,0.010361396008544091
-0.0015678666666666668,0,-0.013753216374269005,6.91975815695847e-05,0.004569163668026377
-0.0015678666666666668,0,-0.013753216374269005,9.130062524860531e-05,0.004569163668026377
-0.0024824555555555557,0,0.0191562656641604,0.0006315420562830837,0.0048329719713792445
-0.0024824555555555557,0,0.0191562656641604,0.0004858422274567082,0.0048329719713792445
-0.0011759000000000001,0,0.07908099415204678,0.00048660069987848113,0.007714110599479407
-0.0011759000000000001,0,0.07908099415204678,0.0004891989541685046,0.007714110599479407
0.00013065555555555555,0,0.11542878028404344,0.0006738010716212284,0.009465651171889657
0.00013065555555555555,0,0.11542878028404344,0.0005692478007845831,0.009465651171889657
0.0011759000000000001,0,0.15374131161236423,0.0009744186360577897,0.01131253092024061
0.0011759000000000001,0,0.15374131161236423,0.0013156725643962612,0.01131253092024061
0.0011759000000000001,0,0.15374131161236423,0.0010122626298890234,0.01131253092024061
0.0009145888888888889,0,0.17830062656641604,0.0023809037640496905,0.012496184974603426
0.0009145888888888889,0,0.17830062656641604,0.001036922565623123,0.012496184974603426
0.0003919666666666667,0,0.1900890977443609,0.0009146293136239127,0.013064294579465868
0.0003919666666666667,0,0.1900890977443609,0.0011192670907867468,0.013064294579465868
0.0007839333333333334,0,0.21317485380116957,0.00046735624887295825,0.014177078620365071
0.0007839333333333334,0,0.21317485380116957,0.0009804108205477093,0.014177078620365071
0.0006532777777777777,0,0.21956027568922307,0.0023702689349034446,0.014484833051416087
0.0006532777777777777,0,0.21956027568922307,0.0009837999944028273,0.014484833051416087
0.0002613111111111111,0,0.22005146198830408,0.0015628243523606,0.014508468391391268
0.0002613111111111111,0,0.22005146198830408,0.0022817152801490746,0.014508468391391268
0.0002613111111111111,0,0.22005146198830408,0.0017461826443395004,0.014508468391391268
-0.0003919666666666667,0,0.2175955304928989,0.001616013291606698,0.014390102146024429
-0.0003919666666666667,0,0.2175955304928989,0.0012310605408190093,0.014390102146024429
0.0013065555555555554,0,0.19254502923976607,0.001530594922407561,0.013182866991432483
-0.0007839333333333334,0,0.17879181286549706,0.0017861788778149902,0.012519829568100996
-0.0007839333333333334,0,0.17879181286549706,0.0010506339450251456,0.012519829568100996
-0.0007839333333333334,0,0.17879181286549706,0.0017183251853007462,0.012519829568100996
0.0002613111111111111,0,0.16307385129490393,0.0013251748473149295,0.011762150200348659
0.0002613111111111111,0,0.16307385129490393,0.00031737513379676,0.011762150200348659
-0.0016985222222222224,0,0.16061791979949874,0.0019428051286454254,0.011644202107892507
-0.0016985222222222224,0,0.16061791979949874,0.0003707623940033736,0.011644202107892507
-0.0005226222222222222,0,0.1424440267335004,0.0005900149145922084,0.010767829210603198
-0.0005226222222222222,0,0.1424440267335004,0.0005040952938121041,0.010767829210603198
-0.0009145888888888889,0,0.12034064327485378,0.0005143382030008573,0.009702568879946269
-0.0009145888888888889,0,0.12034064327485378,0.000457331068037372,0.009702568879946269
-0.0005226222222222222,0,0.11690233918128654,0.00045868742750727036,0.009536730088020376
-0.0005226222222222222,0,0.11690233918128654,0.0006639957948030226,0.009536730088020376
0.0003919666666666667,0,0.10167556390977443,0.000899253641475009,0.008802779389865
0.0003919666666666667,0,0.10167556390977443,0.0003610603529562543,0.008802779389865
-0.00013065555555555555,0,0.09971081871345029,0.0006517615932225669,0.008708045992789671
-0.00013065555555555555,0,0.09971081871345029,0.0007752705983181874,0.008708045992789671
-0.00013065555555555555,0,0.09971081871345029,0.00043573611754634716,0.008708045992789671
0.00013065555555555555,0,0.09872844611528821,0.00043250213273012065,0.008660695675107223
0.0,0,0.09823725981620718,0.0003882952201538134,0.00863701627825001
0.0,0,0.09823725981620718,0.00036951059269585564,0.00863701627825001
0.0,0,0.09823725981620718,0.0004590847226384385,0.00863701627825001
0.0,0,0.09823725981620718,0.00046158099434544686,0.00863701627825001
0.0,0,0.09823725981620718,0.00036365742037132296,0.00863701627825001
-0.0002613111111111111,0,0.10020200501253132,0.0005989880802968393,0.008731733617481016
-0.0002613111111111111,0,0.10020200501253132,0.0002549760340394031,0.008731733617481016
0.00013065555555555555,0,0.09872844611528821,0.0001642463821478567,0.008660695675107223
0.00013065555555555555,0,0.09872844611528821,0.00014604139270843358,0.008660695675107223
0.0005226222222222222,0,0.09823725981620718,0.0007276826896427483,0.008637084088815927
0.0005226222222222222,0,0.09823725981620718,0.0003151617604908521,0.008637084088815927
-0.00013065555555555555,0,0.09971081871345029,0.00018110875617755222,0.008708045992789671
-0.00013065555555555555,0,0.09971081871345029,0.0008287705471282068,0.008708045992789671
0.0,0,0.09823725981620718,0.00035259118560807874,0.00863701627825001
0.0,0,0.09823725981620718,0.0006662551924084272,0.00863701627825001
0.0,0,0.09823725981620718,0.00039453427460557075,0.00863701627825001
-0.0002613111111111111,0,0.10020200501253132,0.0006560713109911622,0.008731733617481016
0.0,0,0.10020200501253132,0.00039739564637443324,0.008731716996712834
0.0010452444444444444,0,0.06876608187134503,0.0002700804536499779,0.007216892873507786
0.0010452444444444444,0,0.06876608187134503,0.0003793179604276197,0.007216892873507786
-0.0005226222222222222,0,0.0,0.0002865434743330514,0.003912432799553268
0.0007839333333333334,0,-0.005894235588972431,0.0003164780918828647,0.004188561918502154
0.0007839333333333334,0,-0.005894235588972431,0.00013292902602781193,0.004188561918502154
0.0,0,0.0,0.0003849180945173689,0.0039019803551088236
0.0,0,0.0009823725981620718,0.0003862391314782738,0.003949330714340235
0.0,0,0.0009823725981620718,0.0007929365863284333,0.003949330714340235
0.0,0,-0.0009823725981620718,0.0004846997022392678,0.003949330714340235
0.0,0,-0.0009823725981620718,0.0006784957287167738,0.003949330714340235
0.0,0,0.0,0.0008265351411393917,0.0039019803551088236
0.0,0,0.0,0.0006326608387784245,0.0039019803551088236
0.0,0,0.0,0.0005425793270428268,0.0039019803551088236
-0.002090488888888889,0,0.0,0.0004409690714114486,0.003943790132886601
-0.002090488888888889,0,0.0,0.00020053601445709803,0.003943790132886601
-0.002090488888888889,0,0.0,0.0005287403509908152,0.003943790132886601
-0.032533233333333335,0,-0.0024559314954051793,0.00021651442783425355,0.004651193861188675
-0.032533233333333335,0,-0.0024559314954051793,0.0005930824483815155,0.004651193861188675
-0.061408111111111115,0,0.0,0.0006448400759096907,0.005130142577331046
-0.061408111111111115,0,0.0,0.0007376411681266052,0.005130142577331046
-0.08923774444444443,0,0.011297284878863827,0.00037604960163663075,0.006141029203747886
-0.08923774444444443,0,0.011297284878863827,0.0002010579665134868,0.006141029203747886
-0.10347920000000001,0,0.012770843776106934,0.00039776129808186155,0.006485045850897082
-0.10347920000000001,0,0.012770843776106934,0.0005138896376561117,0.006485045850897082
-0.11641409999999999,0,0.005403049289891395,0.0003609080906911683,0.006446805829711922
-0.11641409999999999,0,0.005403049289891395,0.0009753112959533447,0.006446805829711922
-0.12320818888888888,0,-0.0014735588972431077,0.0008963640129953951,0.006425116113924225
-0.12320818888888888,0,-0.0014735588972431077,0.0008805804987449943,0.006425116113924225
-0.12320818888888888,0,-0.0014735588972431077,0.0009838535117175687,0.006425116113924225
-0.13183145555555556,0,-0.012279657477025897,0.0010913307370138544,0.007031717807443305
-0.13183145555555556,0,-0.012279657477025897,0.0008339252795934003,0.007031717807443305
-0.13901751111111113,0,-0.02750643274853801,0.0014832115692122883,0.007791721739316446
-0.13901751111111113,0,-0.02750643274853801,0.0012721886269598227,0.007791721739316446
-0.14189193333333336,0,-0.02554168755221387,0.0013375828367667663,0.00776920477658999
-0.14189193333333336,0,-0.02554168755221387,0.0010648618214146905,0.00776920477658999
-0.14189193333333336,0,-0.02848880534670008,0.0018953957234828897,0.007888970204980673
-0.14189193333333336,0,-0.02848880534670008,0.0011891501999140759,0.007888970204980673
-0.14685684444444444,0,-0.032418295739348374,0.0015939618032923708,0.0081478542135272
-0.14685684444444444,0,-0.032418295739348374,0.0005876739675060637,0.0081478542135272
-0.14659553333333333,0,-0.024559314954051795,0.002616079325841504,0.007823171871207122
-0.14659553333333333,0,-0.024559314954051795,0.0011302668936007654,0.007823171871207122
-0.14659553333333333,0,-0.024559314954051795,0.0008657120116703326,0.007823171871207122
-0.14737946666666668,0,-0.029471177944862155,0.000960424346703446,0.008038306839210568
-0.15012323333333333,0,-0.01817389306599833,0.0012799322879846202,0.007635096885215626
-0.15012323333333333,0,-0.01817389306599833,0.0017277743809986311,0.007635096885215626
-0.15012323333333333,0,-0.01817389306599833,0.0015206458187674223,0.007635096885215626
-0.1479020888888889,0,-0.01670033416875522,0.0012284504699308287,0.007531203689620144
-0.1479020888888889,0,-0.01670033416875522,0.0009740308217623237,0.007531203689620144
-0.14920864444444445,0,-0.017682706766917293,0.002281477509766066,0.007596982101943074
-0.14920864444444445,0,-0.017682706766917293,0.0016553521922503197,0.007596982101943074
-0.14960061111111111,0,-0.021121010860484544,0.0026485743077774267,0.00774384142791487
-0.14960061111111111,0,-0.021121010860484544,0.000558660212753762,0.00774384142791487
-0.1493393,0,-0.0014735588972431077,0.000794446967872714,0.006947733152440453
-0.1493393,0,-0.0014735588972431077,0.0021015197512152476,0.006947733152440453
-0.1510378222222222,0,-0.0029471177944862155,0.0004871086981052278,0.0070407181765071705
-0.1510378222222222,0,-0.0029471177944862155,0.000861600233972175,0.0070407181765071705
-0.14960061111111111,0,-0.017191520467836258,0.0032504713358797875,0.007584972509539431
-0.14960061111111111,0,-0.017191520467836258,0.0032488535562316652,0.007584972509539431
-0.1493393,0,-0.016209147869674187,0.0030612960198608107,0.007540088233736852
-0.1493393,0,-0.016209147869674187,0.0013165135871471096,0.007540088233736852
-0.14907798888888887,0,-0.01424440267335004,0.004524991562544061,0.0074556032923422545
-0.14907798888888887,0,-0.01424440267335004,0.0030969580700200214,0.008078614499777492
-0.14907798888888887,0,-0.01424440267335004,0.0028556518008354998,0.008078614499777492
-0.1486860222222222,0,-0.011788471177944862,0.003028734015585701,0.007971821570804123
-0.1486860222222222,0,-0.011788471177944862,0.005731370948990286,0.007971821570804123
-0.14986192222222222,0,-0.010314912280701753,0.0039728698811907085,0.009142399106117124
-0.14986192222222222,0,-0.010314912280701753,0.0019043857155164056,0.009142399106117124
-0.14777143333333334,0,-0.0024559314954051793,0.004727368816866994,0.008785105488200636
-0.14777143333333334,0,-0.0024559314954051793,0.0026072368080680957,0.008785105488200636
-0.14920864444444445,0,-0.007858980785296574,0.0034450763512255587,0.009030598823044623
-0.14920864444444445,0,-0.007858980785296574,0.004014800569634737,0.009030598823044623
-0.14960061111111111,0,0.005403049289891395,0.0019914257291246073,0.008939833153801794
-0.14960061111111111,0,0.005403049289891395,0.002374648967855134,0.008939833153801794
-0.15012323333333333,0,0.0024559314954051793,0.0024118991348665627,0.00883214041335199
-0.15012323333333333,0,0.0024559314954051793,0.003166055581631589,0.00883214041335199
-0.15012323333333333,0,0.0024559314954051793,0.0021168029939182373,0.00883214041335199
-0.14973126666666667,0,0.008841353383458646,0.0015253069301257869,0.00908052788122526
-0.14973126666666667,0,0.008841353383458646,0.0021855008207965106,0.00908052788122526
-0.15038454444444446,0,0.005403049289891395,0.002081475060203837,0.008955510110779571
-0.15038454444444446,0,0.005403049289891395,0.0026583376729104125,0.008955510110779571
-0.1493393,0,0.006385421888053467,0.002597249248021785,0.008974032747097979
-0.1493393,0,0.006385421888053467,0.0021887635445488637,0.008974032747097979
-0.14881667777777777,0,0.007367794486215539,0.0031679057766006856,0.009003029405268292
-0.14881667777777777,0,0.007367794486215539,0.003908187617999652,0.009003029405268292
-0.14711815555555555,0,0.007858980785296574,0.0017549967635149938,0.008988798929289664
-0.14711815555555555,0,0.007858980785296574,0.003595943715398424,0.008988798929289664
-0.1328767,0,0.004420676691729323,0.002436422159517965,0.008565979232438787
-0.1328767,0,0.004420676691729323,0.0008930407514122468,0.008565979232438787
-0.1328767,0,0.004420676691729323,0.0024243440313975414,0.008565979232438787
-0.12072573333333332,0,0.0029471177944862155,0.0013304305536373814,0.00826389126242684
-0.12072573333333332,0,0.0029471177944862155,0.0011479551203992884,0.00826389126242684
-0.11066525555555555,0,0.012279657477025897,0.00133827385285082,0.008438151668006315
-0.11066525555555555,0,0.012279657477025897,0.0009755754886512716,0.008438151668006315
-0.1025646111111111,0,0.0034383040935672513,0.0005647868999317995,0.007920389083404348
-0.1025646111111111,0,0.0034383040935672513,0.000995662077566887,0.007920389083404348
-0.09603183333333333,0,0.010314912280701753,0.00024009673260026973,0.008066465650244352
-0.09603183333333333,0,0.010314912280701753,0.0014814187272247244,0.008066465650244352
-0.08440348888888889,0,0.003929490392648287,0.0006282944464307105,0.007576927839007096
-0.08440348888888889,0,0.003929490392648287,0.0003749948093071069,0.007576927839007096
-0.08440348888888889,0,0.003929490392648287,0.0008801501248309065,0.007576927839007096
-0.07721743333333332,0,0.0034383040935672513,0.0002307422352057809,0.007413509117883541
-0.07721743333333332,0,0.0034383040935672513,0.0007821554552868394,0.007413509117883541
-0.07055399999999999,0,0.003929490392648287,0.0003451941511852506,0.007299998407219177
-0.07055399999999999,0,0.003929490392648287,0.00029194595429432195,0.007299998407219177
-0.0649358111111111,0,0.007367794486215539,0.00037443029851391994,0.007326203456918654
-0.0649358111111111,0,0.007367794486215539,0.00029626663721453835,0.007326203456918654
-0.06206138888888889,0,0.0024559314954051793,0.00034344290756550437,0.007070999348245719
-0.06206138888888889,0,0.0024559314954051793,0.0002380334337188946,0.007070999348245719
-0.05814172222222223,0,0.0004911862990810359,0.000744184549229818,0.006913859820828336
-0.05814172222222223,0,0.0004911862990810359,0.00022791590448491375,0.006913859820828336
-0.05592057777777778,0,0.0029471177944862155,0.000290277609646308,0.0069679282763466625
-0.05592057777777778,0,0.0029471177944862155,0.00039643968134644986,0.0069679282763466625
-0.05252353333333333,0,-0.004911862990810359,0.0003718687950468758,0.006979088009871557
-0.05252353333333333,0,-0.004911862990810359,0.0003297706030907434,0.006979088009871557
-0.05252353333333333,0,-0.004911862990810359,0.00025115601857216593,0.006979088009871557
-0.04677468888888889,0,-0.0009823725981620718,6.34756613440195e-05,0.006706194312463087
-0.04677468888888889,0,-0.0009823725981620718,0.00043122523347783513,0.006706194312463087
-0.043377644444444446,0,0.0019647451963241435,0.0005662681630332134,0.006677663226852491
-0.043377644444444446,0,0.0019647451963241435,0.00022957858585027693,0.006677663226852491
-0.041679122222222226,0,0.0014735588972431077,0.00020775696222924102,0.0066239833205315015
-0.041679122222222226,0,0.0014735588972431077,8.623294416975399e-05,0.0066239833205315015
-0.03736748888888889,0,0.0029471177944862155,0.00034557376787396505,0.00659699605929453
-0.03736748888888889,0,0.0029471177944862155,0.0001359264874309192,0.00659699605929453
-0.03736748888888889,0,0.0029471177944862155,7.914984836234061e-05,0.00659699605929453
-0.035799622222222216,0,0.0009823725981620718,0.00019378369803321768,0.0064867036109028265
-0.032533233333333335,0,-0.0034383040935672513,0.00032998635060891554,0.006520178335170098
-0.032533233333333335,0,-0.0034383040935672513,0.00010424794841625325,0.006520178335170098
-0.032533233333333335,0,-0.0034383040935672513,0.00034029341700102115,0.006520178335170098
-0.029658811111111114,0,0.00835016708437761,0.00041465165054304563,0.006662492662432537
-0.029658811111111114,0,0.00835016708437761,0.0001918468936040731,0.006662492662432537
-0.02717635555555556,0,-0.0019647451963241435,0.0004190792623230761,0.006353726590592917
-0.02717635555555556,0,-0.0019647451963241435,6.825471670242495e-05,0.006353726590592917
-0.02456324444444444,0,0.005894235588972431,0.00045512765359909753,0.006460777125659324
-0.022995377777777777,0,0.0029471177944862155,0.0001429471762054028,0.006309797703257294
-0.022995377777777777,0,0.0029471177944862155,0.0002520428531788173,0.006309797703257294
-0.022864722222222224,0,0.0034383040935672513,0.0002799301814507424,0.006327065874021835
-0.021688822222222223,0,0.0009823725981620718,0.0001503107618973998,0.006204517087921389
-0.021296855555555556,0,0.0034383040935672513,0.00013438488647317772,0.006295772331034973
-0.021296855555555556,0,0.0034383040935672513,0.00032627109758574373,0.006295772331034973
-0.021296855555555556,0,0.0034383040935672513,0.00023716582853551383,0.006295772331034973
-0.021296855555555556,0,0.0034383040935672513,0.00019756550201365818,0.006295772331034973
-0.021296855555555556,0,0.0004911862990810359,0.0001229191557502069,0.006176974555048901
-0.021296855555555556,0,0.0004911862990810359,0.00014715394892849423,0.006176974555048901
-0.021296855555555556,0,0.0004911862990810359,0.00012610346150647092,0.006176974555048901
-0.02012095555555556,0,0.0,4.1347819109780684e-05,0.006133790060101397
-0.02012095555555556,0,0.0,0.00037210760403907944,0.006133790060101397
-0.020643577777777776,0,0.0009823725981620718,0.0009186177543843828,0.006183615985193094
-0.020643577777777776,0,0.0009823725981620718,0.0002774308893692752,0.006183615985193094
-0.020382266666666666,0,0.0009823725981620718,0.0001399775470874918,0.006178390770169338
-0.020382266666666666,0,0.0009823725981620718,0.00024261645771707545,0.006178390770169338
-0.019859644444444446,0,0.0019647451963241435,0.00026454492695573284,0.00620748025627011
-0.019859644444444446,0,0.0019647451963241435,0.000212823063112181,0.00620748025627011
-0.01972898888888889,0,0.0004911862990810359,0.00021796486442597054,0.006145618734989375
-0.01972898888888889,0,0.0004911862990810359,0.0002130566590262916,0.006145618734989375
-0.01972898888888889,0,0.0004911862990810359,0.0006632581379847247,0.006145618734989375
-0.01972898888888889,0,0.0004911862990810359,0.00028205491912256664,0.006145618734989375
-0.01972898888888889,0,0.0004911862990810359,0.00034815218575207324,0.006145618734989375
-0.019859644444444446,0,0.0009823725981620718,0.00030399841148655423,0.006167940419613494
-0.019859644444444446,0,0.0009823725981620718,0.0002195301513242552,0.006167940419613494
-0.019598333333333332,0,0.0,0.00042716212471152596,0.006123337615656953
-0.0199903,0,0.0014735588972431077,0.0005261161023342192,0.0061903018558991385
-0.0199903,0,0.0014735588972431077,0.0003042825206149337,0.0061903018558991385
-0.013326866666666666,0,-0.0019647451963241435,0.00032350429359379317,0.006076984560091432
-0.00013065555555555555,0,-0.0004911862990810359,0.00046962370946698116,0.005755819540372607
0.0,0,0.0,0.00026477338797276784,0.005731370948990286
0.0,0,0.0,0.00027521986622742865,0.005731370948990286
0.0,0,0.0,0.000525992122613251,0.005731370948990286
0.0,0,0.0,0.0002253407840384386,0.005731370948990286
0.00013065555555555555,0,0.0004911862990810359,0.0003977881791763998,0.005755819540372607
0.0,0,0.0,0.00037424756349284014,0.005731370948990286
0.0,0,0.0,0.00035250430354449473,0.005731370948990286
0.0,0,0.0,0.00028862355046260237,0.005731370948990286
0.0,0,0.0,0.0004212012223449885,0.005731370948990286
0.0,0,0.0,0.0005069436716299493,0.005731370948990286
0.0,0,0.0,0.00028622513518777686,0.005731370948990286
0.0,0,0.0,0.0001658283623850862,0.005731370948990286
0.0,0,0.0,0.00035773998716966864,0.005731370948990286
0.0,0,0.0,0.0001939245132104697,0.005731370948990286
0.0,0,0.0,0.0002625583026365221,0.005731370948990286
0.0,0,0.0,0.00034329329888152017,0.005731370948990286
0.0,0,0.0,0.0003692010198407823,0.005731370948990286
0.0,0,0.0,0.0002693478475257966,0.005731370948990286
0.0,0,0.0,0.00035520032089200786,0.005731370948990286
0.0,0,0.0,0.00026657916218171865,0.005731370948990286
0.0,0,0.0,0.0002576049200640181,0.005731370948990286
0.0,0,0.0,0.0006475817579189465,0.005731370948990286
0.0,0,0.0,0.00027235350559359084,0.005731370948990286
0.0,0,0.0,0.0005414870919151152,0.005731370948990286
0.0,0,0.0,0.0005819832699977637,0.005731370948990286
0.0,0,0.0,0.00034857412539406464,0.005731370948990286
0.0,0,0.0,0.0003397141194875772,0.005731370948990286
0.0,0,0.0,0.00047388002563229217,0.005731370948990286
0.0,0,0.0,0.0008175543962749526,0.005731370948990286
0.0,0,0.0,0.00041744773483678207,0.005731370948990286
0.0,0,0.0,0.0002492945611682292,0.005731370948990286
0.0,0,0.0,0.0007474748231803894,0.005731370948990286
0.0,0,0.0,0.000289524556952598,0.005731370948990286
0.0,0,0.0,0.000524001092685646,0.005731370948990286
0.0,0,0.0,0.0008532995606374222,0.005731370948990286
0.0,0,0.0,0.00021916190895217036,0.005731370948990286
0.0,0,0.0,0.00027820530160268213,0.005731370948990286
0.0,0,0.0,0.0005770288057677715,0.005731370948990286
0.0,0,0.0,0.00036378577153143465,0.005731370948990286
0.0,0,0.0,0.00041029667723158515,0.005731370948990286
0.0,0,0.0,0.0003400767658928998,0.005731370948990286
0.0,0,0.0,0.0003068094576381176,0.005731370948990286
0.0,0,0.0,0.0003688312656071423,0.005731370948990286
0.0,0,0.0,0.0004093805546001838,0.005731370948990286
0.0,0,0.0,0.00023471152932288825,0.005731370948990286
0.0,0,0.0,0.0002842718949630699,0.005731370948990286
0.0,0,0.0,0.0005303972835871777,0.005731370948990286
0.0,0,0.0,0.00030458707467232365,0.005731370948990286
0.0,0,0.0,0.0007503909556912146,0.005731370948990286
0.0,0,0.0,0.00022029435809085837,0.005731370948990286
0.0,0,0.0,0.00026385562205868886,0.005731370948990286
0.0,0,0.0,0.0004712045957136466,0.005731370948990286
0.0,0,0.0,0.00030394223363710155,0.005731370948990286
0.0,0,0.0,0.0002837072265672022,0.005731370948990286
0.0,0,0.0,0.0005005897229715129,0.005731370948990286
0.0,0,0.0,0.0008860255205373721,0.005731370948990286
0.0,0,0.0,0.0004738309078331084,0.005731370948990286
0.0,0,0.0,0.00035101924426023183,0.005731370948990286
0.0,0,0.0,0.0006493664399279241,0.005731370948990286
0.0,0,0.0,0.000470304316265672,0.005731370948990286
0.0,0,0.0,0.000418247599630384,0.005731370948990286
0.0,0,0.0,0.0006169438680251523,0.005731370948990286
0.0,0,0.0,0.0005941172526836157,0.005731370948990286
0.0,0,0.0,0.00030018395995155405,0.005731370948990286
0.0,0,0.0,0.00023871015885566435,0.005731370948990286
0.0,0,0.0,0.00037107168658669223,0.005731370948990286
0.0,0,0.0,0.0005048370450417564,0.005731370948990286
0.0,0,0.0,0.0004953669609974473,0.005731370948990286
0.0,0,0.0,0.0006571695996098612,0.005731370948990286
0.0,0,0.0,0.00033535502103660715,0.005731370948990286
0.0,0,0.0,0.00027509467448619013,0.005731370948990286
0.0,0,0.0,0.0005417396033044945,0.005731370948990286
0.0,0,0.0,0.0003130023396259028,0.005731370948990286
0.0,0,0.0,0.00022011266571593565,0.005731370948990286
0.0,0,0.0,0.0002794391712743134,0.005731370948990286
0.0,0,0.0,0.0002827996073423837,0.005731370948990286
0.0,0,0.0,0.0002753969714208577,0.005731370948990286
0.0,0,0.0,0.00043495531882431146,0.005731370948990286
0.0,0,0.0,0.00037770271758746113,0.005731370948990286
0.0026131111111111108,0,-0.009823725981620717,0.0004643937029778132,0.006220342776636706
0.0049649111111111114,0,-0.0009823725981620718,0.00017429844413480928,0.0058702902841405585
0.03854338888888889,0,-0.0034383040935672513,0.0008102851996902474,0.006640286310455177
0.03854338888888889,0,-0.0034383040935672513,0.0010223539306778247,0.006640286310455177
0.03854338888888889,0,-0.0034383040935672513,0.00035278183648716386,0.006640286310455177
0.0693781,0,-0.0014735588972431077,0.0017393518163981243,0.007177927915337245
0.10034346666666667,0,-0.0019647451963241435,0.002561833368933829,0.007816894757381001
0.10034346666666667,0,-0.0019647451963241435,0.003853001114973115,0.007816894757381001
0.10034346666666667,0,-0.0019647451963241435,0.0035798839921770595,0.007816894757381001
0.1314394888888889,0,-0.0009823725981620718,0.00460804503165593,0.008399467972915365
0.1314394888888889,0,-0.0009823725981620718,0.0042391136179925895,0.008399467972915365
0.16070633333333334,0,0.0019647451963241435,0.0066141490256243565,0.009024127801478371
0.16070633333333334,0,0.0019647451963241435,0.007160143193662274,0.009906905878112441
0.15939977777777775,0,-0.003929490392648287,0.006640074926657446,0.01050548119752973
0.15939977777777775,0,-0.003929490392648287,0.005760199033241079,0.01050548119752973
0.15953043333333333,0,0.0004911862990810359,0.00677570599497068,0.010370401854531811
0.15953043333333333,0,-0.0004911862990810359,0.0066279804949197635,0.010370401854531811
0.15953043333333333,0,-0.0004911862990810359,0.005933093124634282,0.010370401854531811
0.15953043333333333,0,-0.0004911862990810359,0.006971335580404493,0.010370401854531811
0.15953043333333333,0,-0.0004911862990810359,0.005729242001756131,0.010370401854531811
0.16096764444444447,0,-0.0009823725981620718,0.007533595635180334,0.010418801064630126
0.16096764444444447,0,-0.0009823725981620718,0.005485918653109262,0.010792253506148186
0.15861584444444446,0,0.0009823725981620718,0.006568979714624108,0.010745217655576657
0.15861584444444446,0,0.0009823725981620718,0.006745219029814668,0.010745217655576657
0.1613596111111111,0,-0.0004911862990810359,0.006782866984710659,0.010780437822786539
0.1613596111111111,0,-0.0004911862990810359,0.00811599980260936,0.010780437822786539
0.15913846666666667,0,-0.0019647451963241435,0.004981520165876788,0.011377399719571538
0.15913846666666667,0,-0.0019647451963241435,0.006905256028492588,0.011377399719571538
0.15966108888888889,0,0.0009823725981620718,0.0060494481885087995,0.011348526644938444
0.15966108888888889,0,0.0009823725981620718,0.0075574152403417375,0.011348526644938444
0.15966108888888889,0,-0.0029471177944862155,0.005919276700416312,0.011427197736626144
0.15966108888888889,0,-0.0029471177944862155,0.00733783646234917,0.011427197736626144
0.1605756777777778,0,0.006385421888053467,0.006185665894915374,0.011583357047321788
0.1605756777777778,0,0.006385421888053467,0.005854372909158667,0.011583357047321788
0.15861584444444446,0,-0.0009823725981620718,0.005882158998839621,0.011327621823005682
0.15861584444444446,0,-0.0009823725981620718,0.0041668343330577475,0.011327621823005682
0.15861584444444446,0,-0.0009823725981620718,0.00676997596986084,0.011327621823005682
0.16096764444444447,0,0.0019647451963241435,0.006091150396357123,0.011413982811771839
0.16096764444444447,0,0.0019647451963241435,0.00743293355330144,0.011413982811771839
0.15939977777777775,0,-0.0029471177944862155,0.006488853322193022,0.011421971664308568
0.15939977777777775,0,-0.0029471177944862155,0.006382305354412263,0.011421971664308568
0.1599224,0,0.0009823725981620718,0.005719961442712696,0.011353752850558391
0.1599224,0,0.0009823725981620718,0.007350004493711927,0.011353752850558391
0.15835453333333332,0,0.0019647451963241435,0.005724157161131786,0.011361721254762541
0.15835453333333332,0,0.0019647451963241435,0.005967573278274166,0.011361721254762541
0.15835453333333332,0,0.0019647451963241435,0.006110891923290174,0.011361721254762541
0.1587465,0,-0.0024559314954051793,0.007953256674877842,0.011389230931656035
0.1587465,0,-0.0024559314954051793,0.005465251976570737,0.011389230931656035
0.1608369888888889,0,0.0014735588972431077,0.0068810406670507624,0.01139170463049608
0.15900781111111115,0,-0.0034383040935672513,0.005959435487612946,0.011433813165342291
0.15900781111111115,0,-0.0034383040935672513,0.004602661095705352,0.011433813165342291
0.15900781111111115,0,-0.0034383040935672513,0.005747843692026723,0.011433813165342291
0.15953043333333333,0,-0.0004911862990810359,0.008784465615317118,0.011326258463478896
0.15953043333333333,0,-0.0004911862990810359,0.008521162933299978,0.011994724276186655
0.15913846666666667,0,-0.003929490392648287,0.00375189855016612,0.012124577664325684
0.15913846666666667,0,-0.003929490392648287,0.004971262215268008,0.012124577664325684
0.15953043333333333,0,0.0014735588972431077,0.0026021353243724536,0.01203403951795724
0.15953043333333333,0,0.0014735588972431077,0.004412110093160722,0.01203403951795724
0.1613596111111111,0,0.0014735588972431077,0.0038079212732594885,0.012070622814145253
0.1613596111111111,0,0.0014735588972431077,0.0034759759230731445,0.012070622814145253
0.15939977777777775,0,0.0019647451963241435,0.002589396278257764,0.012051091687656838
0.15939977777777775,0,0.0019647451963241435,0.002961710542070234,0.012051091687656838
0.16122895555555555,0,0.0,0.0037280499923832014,0.01200904472642823
0.16122895555555555,0,0.0,0.003316000522657929,0.01200904472642823
0.16122895555555555,0,0.0,0.003443579032270337,0.01200904472642823
0.1605756777777778,0,0.0014735588972431077,0.002219484152883408,0.012054944257912549
0.1605756777777778,0,0.0014735588972431077,0.0029539141634299603,0.012054944257912549
0.15939977777777775,0,0.0,0.0023388855259169725,0.011972461170872674
0.15939977777777775,0,0.0,0.0036260419560321805,0.011972461170872674
0.15861584444444446,0,0.003929490392648287,0.002954369849794173,0.012114125757250498
0.15861584444444446,0,0.003929490392648287,0.0033204182017041767,0.012114125757250498
0.13888685555555555,0,0.0034383040935672513,0.002587354755042949,0.011699877971824785
0.13888685555555555,0,0.0034383040935672513,0.0033365310291827164,0.011699877971824785
0.12281622222222223,0,0.0019647451963241435,0.0021083679026439655,0.011319432702379447
0.12281622222222223,0,0.0019647451963241435,0.00201793460469354,0.011319432702379447
0.10583100000000001,0,0.0019647451963241435,0.0015669658656179168,0.010979736737359982
0.10583100000000001,0,0.0019647451963241435,0.001435242432881549,0.010979736737359982
0.10583100000000001,0,0.0019647451963241435,0.001434265182349106,0.010979736737359982
0.09982084444444443,0,-0.0019647451963241435,0.001635006456271595,0.010859537317824144
0.10099674444444444,0,-0.0014735588972431077,0.0013665586036524493,0.010863379000370616
0.10099674444444444,0,-0.0014735588972431077,0.0017871011502145538,0.010863379000370616
0.10099674444444444,0,-0.0014735588972431077,0.0015830644060724874,0.010863379000370616
0.10217264444444445,0,0.004911862990810359,0.0008926915714846954,0.011024789925935306
0.10217264444444445,0,0.004911862990810359,0.0016666638222366777,0.011024789925935306
0.10008215555555557,0,0.0009823725981620718,0.0018991073301866562,0.010825419839562306
0.10008215555555557,0,0.0009823725981620718,0.0018843511041580431,0.010825419839562306
0.10047412222222223,0,0.0004911862990810359,0.0010261423533692465,0.010813599548230274
0.10047412222222223,0,0.0004911862990810359,0.0016386155653167458,0.010813599548230274
0.09890625555555556,0,-0.005403049289891395,0.001818892597267189,0.010979208795887216
0.09890625555555556,0,-0.005403049289891395,0.0014124294950996958,0.010979208795887216
0.09916756666666668,0,-0.0004911862990810359,0.001999826238059781,0.010787468490300944
0.09916756666666668,0,-0.0004911862990810359,0.001376680719848292,0.010787468490300944
0.09982084444444443,0,0.003929490392648287,0.0012776670368399644,0.01093832213027428
0.09982084444444443,0,0.003929490392648287,0.0018380877507659747,0.01093832213027428
0.09929822222222222,0,-0.0029471177944862155,0.0010075121246179574,0.010888461801268914
0.06846351111111111,0,0.019647451963241434,0.0010834439697700738,0.010949079431601436
0.037498144444444444,0,-0.09676370091896408,0.0005041552530557082,0.013746813465075813
0.004180977777777778,0,0.02848880534670008,0.00044935073435208435,0.010172140828872845
-0.0003919666666666667,0,-0.0024559314954051793,0.00045462733674776214,0.008904313518302186
-0.0003919666666666667,0,-0.0024559314954051793,0.00017283132076580395,0.008904313518302186
-0.0003919666666666667,0,0.0034383040935672513,0.00013566373152049715,0.008951261443546507
-0.0003919666666666667,0,0.0034383040935672513,0.00017347281418156059,0.008951261443546507
-0.0003919666666666667,0,0.0034383040935672513,0.00037769213494406596,0.008951261443546507
-0.0003919666666666667,0,0.005403049289891395,0.00038550240756378195,0.009045580792424771
-0.010975066666666665,0,0.04518913951545531,0.000798581280782323,0.011022715346391572
0.0002613111111111111,0,0.08743116123642439,0.001211372549927845,0.01299866663537322
0.0002613111111111111,0,0.08743116123642439,0.0014887576556007471,0.01299866663537322
-0.0002613111111111111,0,0.16110910609857979,0.0014052520889224073,0.01654993486663981
-0.0002613111111111111,0,0.16110910609857979,0.0026875878700879713,0.01654993486663981
0.0,0,0.2446107769423559,0.004104000662348734,0.020574705063938672
0.0,0,0.2446107769423559,0.004597659594607561,0.020574705063938672
-0.0003919666666666667,0,0.32860363408521304,0.007604411171818499,0.024623172181802284
-0.0003919666666666667,0,0.32860363408521304,0.007521677242051722,0.024623172181802284
-0.0006532777777777777,0,0.40424632414369255,0.008661447951418098,0.02826916418826723
-0.0006532777777777777,0,0.40424632414369255,0.008988916837129879,0.02826916418826723
-0.00013065555555555555,0,0.4032639515455305,0.008088189351340386,0.028426240334106324
-0.00013065555555555555,0,0.4032639515455305,0.00849403096947714,0.028426240334106324
-0.00013065555555555555,0,0.4032639515455305,0.008608702437682208,0.028426240334106324
0.0,0,0.40571988304093565,0.009920424338892375,0.02854461519970298
0.00013065555555555555,0,0.40228157894736843,0.008301109426756423,0.02931039747915873
0.00013065555555555555,0,0.40228157894736843,0.004751127637063691,0.02931039747915873
0.00013065555555555555,0,0.40228157894736843,0.0072434079261223,0.02931039747915873
-0.00013065555555555555,0,0.397369715956558,0.006159954026965741,0.029073645695795278
-0.00013065555555555555,0,0.397369715956558,0.008927091660728258,0.029073645695795278
-0.0007839333333333334,0,0.396878529657477,0.006239267743565474,0.029050007235538654
-0.0007839333333333334,0,0.396878529657477,0.006130474311274336,0.029050007235538654
-0.0006532777777777777,0,0.397369715956558,0.004229058580807728,0.029073670842817492
-0.0006532777777777777,0,0.397369715956558,0.006733204813818858,0.029073670842817492
-0.0007839333333333334,0,0.3644602339181286,0.005383520758632897,0.027487448740200426
-0.0007839333333333334,0,0.3644602339181286,0.004271026597852644,0.027487448740200426
0.0006532777777777777,0,0.3443215956558061,0.004446321778493448,0.02651675548000197
0.0006532777777777777,0,0.3443215956558061,0.004633174999291311,0.02651675548000197
0.0011759000000000001,0,0.314850417710944,0.005982007918147459,0.0250963215859195
0.0011759000000000001,0,0.314850417710944,0.0042076785413894405,0.0250963215859195
0.0011759000000000001,0,0.314850417710944,0.003229608489160206,0.0250963215859195
0.0049649111111111114,0,0.24166365914786966,0.002539777896440003,0.021571099020457785
0.0049649111111111114,0,0.24166365914786966,0.0023908002239653226,0.021571099020457785
-0.0005226222222222222,0,0.22889281537176273,0.0027939995696288356,0.020953087144057816
-0.0005226222222222222,0,0.22889281537176273,0.0019198269104366535,0.020953087144057816
-0.0018291777777777777,0,0.18370367585630745,0.0017358087005972856,0.01877538568198025
-0.0018291777777777777,0,0.18370367585630745,0.0009121799025608134,0.01877538568198025
-0.0003919666666666667,0,0.17044164578111945,0.0008591881013742454,0.018135733650988306
-0.0003919666666666667,0,0.17044164578111945,0.001067938331977585,0.018135733650988306
0.00013065555555555555,0,0.12819962406015034,0.0005223304552990514,0.016099649466355764
0.00013065555555555555,0,0.12819962406015034,0.00041127024708250933,0.016099649466355764
0.0002613111111111111,0,0.10806098579782789,0.0005968338082912901,0.01512897926635457
0.0002613111111111111,0,0.10806098579782789,0.0005175405295979514,0.01512897926635457
0.0002613111111111111,0,0.10314912280701753,0.0003283888601821094,0.01489222820408891
0.0002613111111111111,0,0.10314912280701753,0.0002385717493074317,0.01489222820408891
0.0,0,0.09921963241436925,0.00017297006724214183,0.014702810621264974
0.0,0,0.09921963241436925,0.00038794381768638786,0.014702810621264974
-0.0003919666666666667,0,0.09971081871345029,0.00035976854779145895,0.014726523381345877
-0.0003919666666666667,0,0.09971081871345029,0.000947659428176678,0.014726523381345877
-0.0003919666666666667,0,0.09971081871345029,0.00045821197776578547,0.014726523381345877
0.0,0,0.09921963241436925,0.0005403999935982465,0.014702810621264974
0.0,0,0.09921963241436925,0.00039631548416762044,0.014702810621264974
0.00013065555555555555,0,0.10069319131161236,0.0007810907822546912,0.014773840295066374
0.00013065555555555555,0,0.10069319131161236,0.0006511579294885808,0.014773840295066374
0.0003919666666666667,0,0.10069319131161236,0.00040598422415611887,0.014773873373955207
0.0023518000000000002,0,0.06876608187134503,0.00030709997101141355,0.013236907829820973
0.0023518000000000002,0,0.06876608187134503,0.0003690851458187467,0.013236907829820973
0.001437211111111111,0,0.0004911862990810359,0.0009955017845754725,0.009969096830066667
0.0003919666666666667,0,-0.0004911862990810359,0.0007334650364101676,0.009948885288297243
0.0003919666666666667,0,-0.0004911862990810359,0.0008198096239304304,0.009948885288297243
-0.0005226222222222222,0,0.0,0.0006767747374840644,0.009930876783336819
0.0,0,-0.0019647451963241435,0.0009549484322306125,0.010015125057355198
0.0006532777777777777,0,0.0004911862990810359,0.000652295418356852,0.009953744074206168
0.009799166666666666,0,0.004420676691729323,0.0006450046994438032,0.010296558949664867
0.009799166666666666,0,0.004420676691729323,0.0006450046994438032,0.010296558949664867
0.009799166666666666,0,0.004420676691729323,0.0003155753219757819,0.010296558949664867
0.022864722222222224,0,0.005403049289891395,0.0006493606338659021,0.010595981988592035
0.022864722222222224,0,0.005403049289891395,0.0007426173145550024,0.010595981988592035
0.039196666666666664,0,0.0019647451963241435,0.0010459027794243528,0.010783113013312426
0.06219204444444444,0,0.0019647451963241435,0.0009475464532990389,0.011242959369941515
0.09119757777777777,0,-0.005894235588972431,0.0017619176480174854,0.011980785588032993
0.09119757777777777,0,-0.005894235588972431,0.0016732211024905156,0.011980785588032993
0.09119757777777777,0,-0.005894235588972431,0.001597285899605993,0.011980785588032993
0.09119757777777777,0,-0.005894235588972431,0.0015885817381510224,0.011980785588032993
0.12150966666666668,0,-0.0029471177944862155,0.00290012331985252,0.01246862253880855
0.12150966666666668,0,-0.0029471177944862155,0.002836973939750644,0.01246862253880855
0.15182175555555555,0,-0.005894235588972431,0.00547831377356784,0.013193013519525183
0.15182175555555555,0,-0.005894235588972431,0.0031908831571054747,0.013193013519525183
0.15182175555555555,0,-0.005894235588972431,0.004927561570320851,0.013193013519525183
0.18121925555555554,0,-0.010314912280701753,0.007044311585687207,0.013958392755296208
0.18121925555555554,0,-0.010314912280701753,0.007283925443117135,0.013958392755296208
0.21688822222222223,0,0.014735588972431077,0.009782657817569146,0.014849294948569776
0.21688822222222223,0,0.014735588972431077,0.0066191004985209825,0.014849294948569776
0.2617030777777778,0,0.010314912280701753,0.012765371202835305,0.015567765764647183
0.2617030777777778,0,0.010314912280701753,0.008892447539858718,0.018412712628590115
0.30586465555555553,0,0.0024559314954051793,0.016256863422687624,0.018980934722709782
0.30586465555555553,0,0.0024559314954051793,0.012133167251428137,0.022472426942562105
0.3475437777777778,0,0.023576942355889724,0.03429324738274087,0.024153504795805972
0.38530323333333333,0,0.015226775271512115,0.019301821404584266,0.008977809835017987
0.38530323333333333,0,0.015226775271512115,0.017298310942214526,0.02761796855078163
0.4267210444444444,0,0.034383040935672515,0.028251969009132273,0.0111488978014772
0.4630432888888889,0,0.02750643274853801,0.030618150638162443,0.011199266441488873
0.4971443888888889,0,0.016209147869674187,0.033884998863554054,0.011628793192093348
0.5416979333333333,0,0.03634778613199666,0.03990041748932703,0.013415962999014912
0.5822011555555556,0,0.034383040935672515,0.04649766732995868,0.01440993406550076
0.6186540555555555,0,0.01424440267335004,0.029879248409017938,0.014497342099097487
0.6535390888888888,0,-0.0009823725981620718,0.034543178459836614,0.015559373474717504
0.6535390888888888,0,-0.0009823725981620718,0.07794398439728505,0.04765325762380839
0.6830672444444444,0,-0.02750643274853801,0.08347567735410198,0.09270744843974524
0.6830672444444444,0,-0.02750643274853801,0.06742691726447729,0.09823914139656217
0.7085450777777779,0,-0.04764507101086048,0.08158651838843814,0.09955776635301092
0.7085450777777779,0,-0.04764507101086048,0.11205316266255116,0.09955776635301092
0.7085450777777779,0,-0.04764507101086048,0.11000542899768014,0.12813525166146011
0.7329776666666666,0,-0.0658189640768588,0.07770180952814808,0.12935540645039215
0.7329776666666666,0,-0.0658189640768588,0.07551932265976107,0.12935540645039215
0.7502242,0,-0.06876608187134503,0.07879453334589871,0.12981888179039644
0.7502242,0,-0.06876608187134503,0.12485349550130515,0.12981888179039644
0.7801443222222222,0,-0.0849752297410192,0.089194023782682,0.14387094223429855
0.7801443222222222,0,-0.0849752297410192,0.08458584537396596,0.14387094223429855
0.7979134777777778,0,-0.049609816207184625,0.08495340687029775,0.14280134184385287
0.7979134777777778,0,-0.049609816207184625,0.13392456482947554,0.14280134184385287
0.8146373888888889,0,-0.07023964076858813,0.09287116036538992,0.15303707553193732
0.8146373888888889,0,-0.07023964076858813,0.08705343492362717,0.15303707553193732
0.8088885444444445,0,-0.07711624895572264,0.08543091352683138,0.15319933960363272
0.8088885444444445,0,-0.07711624895572264,0.08235768309348838,0.15319933960363272
0.8088885444444445,0,-0.07711624895572264,0.07867458667021952,0.15319933960363272
0.7814508777777779,0,-0.04273320802005012,0.07959897421413052,0.15126683844334038
0.7740035111111112,0,-0.014735588972431077,0.07554739617965493,0.14999453018819262
0.7632897555555554,0,-0.05501286549707602,0.0762997022106554,0.15139753820831145
0.7632897555555554,0,-0.05501286549707602,0.06504373691503769,0.15139753820831145
0.7368973333333333,0,-0.0009823725981620718,0.042717067522609425,0.14870180860154072
0.7368973333333333,0,-0.0009823725981620718,0.04099553371868656,0.14870180860154072
0.734676188888889,0,-0.0004911862990810359,0.041953916317747246,0.14863773661124852
0.734676188888889,0,-0.0004911862990810359,0.04108973824158445,0.14863773661124852
0.7204347333333334,0,0.0,0.03938968031151597,0.1483332594961422
0.7204347333333334,0,0.0,0.042863193577998705,0.1483332594961422
0.7204347333333334,0,0.0,0.04200062708263256,0.1483332594961422
0.7141632666666666,0,-0.014735588972431077,0.03849272601933285,0.14879776481176446
0.7094596666666666,0,0.007858980785296574,0.03884783009211661,0.14842826373663562
0.7094596666666666,0,0.007858980785296574,0.037473055758254055,0.14842826373663562
0.7094596666666666,0,0.007858980785296574,0.04276196298855685,0.14842826373663562
0.7098516333333332,0,0.005403049289891395,0.03678406941034431,0.1483377885993889
0.7084144222222222,0,0.022594569757727653,0.03882634990384234,0.1489978474149612
0.7047560666666668,0,0.017682706766917293,0.04874945643228349,0.016483088335587707
0.7086757333333334,0,0.01080609857978279,0.03716813982948515,0.014805047267903779
0.7086757333333334,0,0.01080609857978279,0.03806985200451568,0.015976315526569185
0.7106355666666667,0,0.0004911862990810359,0.034611395546636836,0.014781502083068868
0.7178216222222221,0,0.007858980785296574,0.04038014789639186,0.049282331860171995
0.7178216222222221,0,0.007858980785296574,0.038054808034153266,0.05505108420992702
0.7178216222222221,0,0.007858980785296574,0.040009623584494516,0.05505108420992702
0.7248770222222222,0,-0.004911862990810359,0.04259837029193196,0.055074218809816826
0.7248770222222222,0,-0.004911862990810359,0.04153565123107589,0.057292441205356925
0.7272288222222222,0,-0.004911862990810359,0.04008412851545954,0.05733947702442189
0.7272288222222222,0,-0.004911862990810359,0.03943833834166508,0.05733947702442189
0.7285353777777778,0,-0.009823725981620717,0.03887223167149196,0.05756224955906971
0.7285353777777778,0,-0.009823725981620717,0.03682062420053684,0.05756224955906971
0.7276207888888889,0,0.020138638262322473,0.037690201656259636,0.05795726853385108
0.729319311111111,0,0.005894235588972431,0.018667406810573925,0.01586719665023482
0.729319311111111,0,0.005894235588972431,0.04139608553602011,0.03348964253261651
0.7306258666666667,0,0.01670033416875522,0.03608010336682804,0.056677257908647735
0.7306258666666667,0,0.01670033416875522,0.015861080087374253,0.01649092176343985
0.731148488888889,0,0.015717961570593148,0.018014720294806077,0.016128110108248238
0.7366360222222222,0,0.014735588972431077,0.04767284000270249,0.03333735979677527
0.7426461777777779,0,0.007858980785296574,0.021238525340238235,0.016432207754118834
0.7426461777777779,0,0.007858980785296574,0.029048078565632848,0.03640594793010339
0.7524453444444444,0,-0.011297284878863827,0.027865454090403242,0.04454916197566248
0.7524453444444444,0,-0.011297284878863827,0.042059140656755714,0.04454916197566248
0.7534905888888889,0,-0.051574561403508766,0.028755392311647147,0.059197867906201226
0.7534905888888889,0,-0.051574561403508766,0.028921333238503072,0.059197867906201226
0.7534905888888889,0,-0.051574561403508766,0.023709656484813935,0.059197867906201226
0.7099822888888888,0,0.01670033416875522,0.024598601431494806,0.05692746013036332
0.39745420000000004,0,0.005894235588972431,0.009900061038271148,0.008954576528895506
0.39745420000000004,0,0.005894235588972431,0.006881919310065729,0.018085061398972462
0.3968009222222222,0,0.006385421888053467,0.007333587520841569,0.01809166908892759
0.3968009222222222,0,0.006385421888053467,0.01107970813195836,0.01809166908892759
0.2943669666666666,0,0.0329094820384294,0.008071762862321481,0.018289608231522245
0.2943669666666666,0,0.0329094820384294,0.0041817492563379285,0.018289608231522245
0.18526957777777778,0,0.032418295739348374,0.0014977753389553037,0.016091354789924357
0.18526957777777778,0,0.032418295739348374,0.0033948269051272,0.016091354789924357
0.2104861,0,0.01817389306599833,0.0021181643925847764,0.016019022818771704
0.2104861,0,0.01817389306599833,0.003083922226370142,0.016019022818771704
0.18931989999999999,0,-0.0024559314954051793,0.0018589628859804347,0.014964396946879302
0.18931989999999999,0,-0.0024559314954051793,0.0019855427850086153,0.014964396946879302
0.17102812222222222,0,0.009332539682539682,0.0015450943830781498,0.014874428108078987
0.17102812222222222,0,0.009332539682539682,0.0023996731059181832,0.014874428108078987
0.18030466666666667,0,0.0029471177944862155,0.0025575588963040806,0.014803767152053011
0.18030466666666667,0,0.0029471177944862155,0.0024196302322181808,0.014803767152053011
0.18030466666666667,0,0.0029471177944862155,0.0028076075122329056,0.014803767152053011
0.17664631111111112,0,-0.009823725981620717,0.002948520880176199,0.015006501639742192
0.17664631111111112,0,-0.009823725981620717,0.0027469924815737737,0.015006501639742192
0.15116847777777778,0,-0.004420676691729323,0.00170921841507565,0.014280122059509954
0.1452889777777778,0,-0.01670033416875522,0.0020347267136520595,0.01465672616346483
0.1452889777777778,0,-0.01670033416875522,0.0020347267136520595,0.01465672616346483
0.1452889777777778,0,-0.01670033416875522,0.002402727904370808,0.01465672616346483
0.11915786666666665,0,-0.013753216374269005,0.0016458601738463298,0.014015661044080871
0.11915786666666665,0,-0.013753216374269005,0.0010847289415196503,0.014015661044080871
0.11915786666666665,0,-0.013753216374269005,0.0017432648834280243,0.014015661044080871
0.09694642222222222,0,-0.013753216374269005,0.0007045514409426315,0.013572042240342587
0.09694642222222222,0,-0.013753216374269005,0.0010269707512323852,0.013572042240342587
0.08571004444444445,0,-0.003929490392648287,0.0008965279714477006,0.012951391446473417
0.08571004444444445,0,-0.003929490392648287,0.0009336608787053872,0.012951391446473417
0.0740817,0,-0.0004911862990810359,0.0008486022286677915,0.012580995058472022
0.0740817,0,-0.0004911862990810359,0.0009384841181467425,0.012580995058472022
0.07277514444444445,0,-0.004420676691729323,0.0011159037098718214,0.012712489419154142
0.07277514444444445,0,-0.004420676691729323,0.0011293341593316547,0.012712489419154142
0.06728761111111112,0,-0.0034383040935672513,0.0008552296978378685,0.01256328782477576
0.06728761111111112,0,-0.0034383040935672513,0.0006516645817205732,0.01256328782477576
0.06506646666666667,0,-0.005894235588972431,0.0007668814780993743,0.0126177041436193
0.06506646666666667,0,-0.005894235588972431,0.0006527093765305523,0.0126177041436193
0.0576191,0,-0.044697953216374264,0.003844113773268128,0.014076891964280368
0.0576191,0,-0.044697953216374264,0.005351064055292044,0.014076891964280368
0.03501568888888889,0,-0.15914436090225564,0.0078050042144140455,0.01892650316197671
0.03501568888888889,0,-0.15914436090225564,0.009640196715234865,0.01892650316197671
0.03501568888888889,0,-0.15914436090225564,0.012058786338994891,0.01892650316197671
0.028482911111111113,0,-0.21317485380116957,0.014410447732364499,0.022424294200584463
0.028482911111111113,0,-0.21317485380116957,0.01629280344600628,0.02477595559395407
0.022472755555555557,0,-0.2662229741019215,0.01946278815917191,0.029170538875862108
0.022472755555555557,0,-0.2662229741019215,0.022387963848917135,0.03234052358902774
0.015809322222222224,0,-0.3089561821219715,0.025775868491175007,0.03729930643452927
0.015809322222222224,0,-0.3089561821219715,0.014547823327613611,0.04068721107678715
0.009407200000000001,0,-0.3644602339181286,0.015054257081068488,0.043348768159932376
0.00013065555555555555,0,-0.40228157894736843,0.018881349550649015,0.020297293517139423
0.0016985222222222224,0,-0.397369715956558,0.012146024406680181,0.019873759076026967
-0.0002613111111111111,0,-0.4017903926482873,0.013994270239647374,0.020794823916175407
-0.0011759000000000001,0,-0.40424632414369255,0.01323197296642665,0.021081463695528636
0.0005226222222222222,0,-0.396878529657477,0.021016130834958773,0.02031319562062043
-0.0019598333333333334,0,-0.39049310776942353,0.018305302025341655,0.02841296245878127
0.0005226222222222222,0,-0.30257076023391816,0.009910179570568185,0.021547263112770276
0.0005226222222222222,0,-0.30257076023391816,0.009090512341291719,0.02449411223108952
-0.0010452444444444444,0,-0.24264603174603172,0.007411959142655228,0.021605828117000132
-0.0010452444444444444,0,-0.24264603174603172,0.005573977353735505,0.021605828117000132
-0.0011759000000000001,0,-0.19107147034252295,0.0042808727379000135,0.019120000937789164
-0.0011759000000000001,0,-0.19107147034252295,0.004280897071881514,0.019120000937789164
0.0009145888888888889,0,-0.13409385964912282,0.0033550567025555315,0.01637365574062502
0.0009145888888888889,0,-0.13409385964912282,0.001504858727388954,0.01637365574062502
-0.00013065555555555555,0,-0.09872844611528821,0.0013133368538231149,0.014668894890566582
-0.0003919666666666667,0,-0.10364030910609856,0.0016965157426398656,0.014905678625157381
-0.0003919666666666667,0,-0.10364030910609856,0.0012093607348974392,0.014905678625157381
-0.0006532777777777777,0,-0.06631015037593983,0.0005666759853883188,0.01310648577154545
-0.0002613111111111111,0,-0.003929490392648287,0.0007266919233217467,0.010100002089965905
-0.0002613111111111111,0,-0.003929490392648287,0.00015600465111724338,0.010100002089965905
0.0002613111111111111,0,0.004911862990810359,0.00041173972892653545,0.010147269018527
0.0002613111111111111,0,0.004911862990810359,0.0003236581686861254,0.010147269018527
0.0002613111111111111,0,0.004911862990810359,0.0006168403883351723,0.010147269018527
0.038282077777777784,0,0.009332539682539682,0.0006858881739750868,0.011052937684646201
0.18749072222222224,0,-0.010314912280701753,0.013890385299371933,0.0140735443204298
0.18749072222222224,0,-0.010314912280701753,0.011027878274642997,0.018053750049233548
0.18749072222222224,0,-0.010314912280701753,0.01024182641032853,0.018053750049233548
0.30272892222222225,0,0.01817389306599833,0.02961716363757034,0.020673753232693978
0.30272892222222225,0,0.01817389306599833,0.028270328916820776,0.03640053157089239
0.3948410888888889,0,0.020629824561403505,0.05624621333631826,0.038340990099231614
0.46905344444444447,0,0.0383125313283208,0.05666782046077644,0.011818909010485972
0.5119084666666667,0,0.03340066833751044,0.03997594765354692,0.012798723033974533
0.5399994111111112,0,0.009332539682539682,0.006982475967533758,0.012111129087536985
0.5399994111111112,0,0.009332539682539682,0.11183895905595563,0.018156036901496614
0.5465321888888889,0,-0.016209147869674187,0.1108280545642705,0.12341877683210246
0.5465321888888889,0,-0.016209147869674187,0.10497670759616201,0.12341877683210246
0.5490146444444444,0,-0.01080609857978279,0.10012858134075377,0.12325185341974428
0.5490146444444444,0,-0.01080609857978279,0.10953218315814114,0.12325185341974428
0.5490146444444444,0,-0.01080609857978279,0.10611038236729357,0.12325185341974428
0.5201397666666666,0,-0.01326203007518797,0.1033010410392719,0.12277280399457109
0.5201397666666666,0,-0.01326203007518797,0.09738676041055064,0.12277280399457109
0.23230557777777777,0,-0.032418295739348374,0.020755951643828097,0.11778940103861082
0.23230557777777777,0,-0.032418295739348374,0.023436402892810966,0.11778940103861082
0.12882637777777778,0,-0.06778370927318295,0.003966303146208902,0.11718610659398675
0.12882637777777778,0,-0.06778370927318295,0.0045668978645367455,0.11718610659398675
0.09093626666666667,0,-0.12377894736842106,0.005321075621171956,0.11887289423023119
0.09093626666666667,0,-0.12377894736842106,0.008429210881879251,0.11887289423023119
0.05957893333333333,0,-0.23085756056808687,0.007623545988521783,0.12331009626453775
0.05957893333333333,0,-0.23085756056808687,0.004643279103371838,0.12331009626453775
0.06480515555555556,0,-0.21121010860484546,0.00261402974902738,0.12245056477160719
0.05317681111111111,0,-0.16749452798663325,0.00301667615151987,0.12027583208107885
0.059448277777777774,0,-0.137040977443609,0.0030694923260695165,0.11895657545298935
0.059448277777777774,0,-0.137040977443609,0.0016961581352459279,0.11895657545298935
0.059448277777777774,0,-0.137040977443609,0.0021333689780540645,0.11895657545298935
0.0611468,0,-0.09921963241436925,0.0019017546719536248,0.1172765939105816
0.0611468,0,-0.09921963241436925,0.0018122540692557998,0.1172765939105816
0.04677468888888889,0,0.015717961570593148,0.0005889033970371181,0.1134120082555789
0.04677468888888889,0,0.015717961570593148,0.0003492921793398164,0.1134120082555789
0.05422205555555556,0,0.03487422723475355,0.0009879459298815798,0.11435544078453973
0.05422205555555556,0,0.03487422723475355,0.0007399372928386607,0.11435544078453973
0.050694355555555556,0,0.06090710108604846,0.0006703739549431577,0.11540546680228546
0.050694355555555556,0,0.06090710108604846,0.0009144603598373248,0.11540546680228546
0.05356877777777778,0,0.06680133667502088,0.0006797645984341907,0.11571429910829958
0.05356877777777778,0,0.06680133667502088,0.000990622997047841,0.11571429910829958
0.05160894444444444,0,0.04568032581453634,0.0008956061823045998,0.11476421691455507
0.05160894444444444,0,0.04568032581453634,0.0007527072900753949,0.11476421691455507
0.05160894444444444,0,0.04568032581453634,0.0007146435115087348,0.11476421691455507
0.042855022222222226,0,-0.018665079365079364,0.0009418342319920529,0.11345622094204577
0.042855022222222226,0,-0.018665079365079364,0.0013048211812837465,0.11345622094204577
0.035407655555555556,0,-0.07023964076858813,0.0016386269280196993,0.11556135166112143
0.035407655555555556,0,-0.07023964076858813,0.00285269632331066,0.11556135166112143
0.029005533333333333,0,-0.11297284878863827,0.00299665681287585,0.11745089789231616
0.029005533333333333,0,-0.11297284878863827,0.004002701793772749,0.11745089789231616
0.03331716666666667,0,-0.12918199665831245,0.0035143681662731805,0.11825768359486556
0.03331716666666667,0,-0.12918199665831245,0.0027925517289849352,0.11825768359486556
0.03566896666666667,0,-0.1301643692564745,0.0019025216649861166,0.11832933344412877
0.03566896666666667,0,-0.1301643692564745,0.0019668070327926186,0.11832933344412877
0.03240257777777778,0,-0.10216675020885548,0.0006885463780929837,0.1169847914476362
0.03240257777777778,0,-0.10216675020885548,0.0004696837427026669,0.1169847914476362
0.03240257777777778,0,-0.10216675020885548,0.0003936813576106225,0.1169847914476362
0.018422433333333335,0,-0.010314912280701753,0.0006025001373531901,0.11262958806189263
0.018422433333333335,0,-0.010314912280701753,0.0011458098574699956,0.11262958806189263
0.016331944444444444,0,0.0672925229741019,0.0032921452006456323,0.11517188907301248
0.016331944444444444,0,0.0672925229741019,0.004109139098042217,0.11517188907301248
0.021558166666666666,0,0.14686470342522975,0.004114528948914348,0.11899269440591341
0.021558166666666666,0,0.14686470342522975,0.005494600998789528,0.11899269440591341
0.024955211111111108,0,0.18026537176274016,0.004959937979735942,0.12060973720473597
0.024955211111111108,0,0.18026537176274016,0.0021867904709511367,0.12060973720473597
0.03109602222222222,0,0.15521487050960733,0.001421443610054371,0.11946413708621309
0.03109602222222222,0,0.15521487050960733,0.001423791469038688,0.11946413708621309
0.03109602222222222,0,0.15521487050960733,0.001359521911370671,0.11946413708621309
0.009276544444444444,0,-0.023085756056808685,0.0008752416147332125,0.113027450446146
0.01972898888888889,0,-0.08693997493734336,0.002155971843083891,0.11613137749631408
0.0011759000000000001,0,-0.017191520467836258,0.0003642339981112624,0.11266953862475448
0.0023518000000000002,0,-0.012770843776106934,0.00010515132028218678,0.11246459200632063
-0.001437211111111111,0,0.005403049289891395,0.0002960271523582853,0.11210789356116116
0.0,0,-0.0019647451963241435,0.0002040970199504821,0.11193365977441845
0.0,0,-0.0019647451963241435,0.0004492236301162834,0.11193365977441845
-0.0003919666666666667,0,0.0004911862990810359,0.00031503185207378573,0.1118674200053605
0.0,0,0.0009823725981620718,0.00038377287774419276,0.11188630941518704
0.0,0,0.0009823725981620718,0.00035209483778794677,0.11188630941518704
0.0,0,0.0009823725981620718,0.0005442434509558393,0.11188630941518704
0.0,0,-0.003929490392648287,0.000576480515635725,0.11202836049288128
0.0,0,-0.003929490392648287,0.001570574679356413,0.11202836049288128
0.0,0,-0.06188947368421053,0.002600141107103293,0.11482203168753459
0.0,0,-0.06188947368421053,0.0029191174127315912,0.11482203168753459
0.0,0,-0.12377894736842106,0.0038194497631846925,0.11780510431911352
0.0,0,-0.12377894736842106,0.00544168757096896,0.11780510431911352
0.007708677777777777,0,-0.15275893901420218,0.008515387235014325,0.11921139213594649
0.0,0,-0.1817389306599833,0.010411423597191794,0.12059877551376683
0.0011759000000000001,0,-0.23724298245614037,0.012418859807879382,0.12327421296060942
0.0011759000000000001,0,-0.23724298245614037,0.01437853842770173,0.020106515073661936
-0.0010452444444444444,0,-0.301588387635756,0.01596684300164748,0.023386181969507723
0.0,0,-0.29962364243943185,0.015040701884661431,0.02346180570949971
-0.0002613111111111111,0,-0.2966765246449457,0.014798461459292835,0.023892863480494637
-0.0002613111111111111,0,-0.30060601503759393,0.01552046816018599,0.016862480514921403
0.0015678666666666668,0,-0.01080609857978279,0.0001531486369987101,0.00058578801528992
0.0015678666666666668,0,-0.01080609857978279,0.00028230479406763666,0.0006793873456523202
0.0006532777777777777,0,0.0024559314954051793,0.0007625370234463155,0.0004045477509792416
0.0006532777777777777,0,0.0024559314954051793,0.00044936058982047403,0.0008847799803579204
-0.00013065555555555555,0,-0.015226775271512115,0.000459472778047123,0.0014964949326606767
-0.00013065555555555555,0,-0.015226775271512115,0.0004830695305955009,0.0014964949326606767
-0.0003919666666666667,0,-0.0034383040935672513,0.0002863719586246454,0.0009293328516757038
-0.0003919666666666667,0,-0.0034383040935672513,0.0002758847076443408,0.0009293328516757038
-0.0002613111111111111,0,0.0009823725981620718,0.00010952404229435593,0.0008114342062109575
-0.0002613111111111111,0,0.0009823725981620718,0.0003951685599102772,0.0008114342062109575
0.00013065555555555555,0,-0.004420676691729323,0.0005912575048047239,0.0009757077032518131
0.00013065555555555555,0,-0.004420676691729323,0.0007811585781245482,0.0009757077032518131
0.0002613111111111111,0,-0.06483659147869675,0.0015311283189603823,0.003906307973678772
0.0002613111111111111,0,-0.06483659147869675,0.0019384196670716193,0.004656277714514606
0.0005226222222222222,0,-0.12181420217209692,0.002199109864166355,0.007809918898511668
0.0005226222222222222,0,-0.12181420217209692,0.0032293135465434834,0.008070609095606404
0.0005226222222222222,0,-0.12181420217209692,0.003546530383766437,0.009100812777983532
0.0007839333333333334,0,-0.17879181286549706,0.004887865845346804,0.01216437959675861
0.00013065555555555555,0,-0.23822535505430242,0.009529070868949724,0.016370329706731957
0.00013065555555555555,0,-0.23822535505430242,0.00667795984107152,0.021011534730334878
0.00013065555555555555,0,-0.23822535505430242,0.00971481688304172,0.021011534730334878
0.0006532777777777777,0,-0.2952029657477026,0.010413664489562257,0.02394363509254592
0.0006532777777777777,0,-0.2952029657477026,0.0101756381017519,0.024642482699066454
-0.0005226222222222222,0,-0.29765889724310773,0.0100327296988825,0.02476084571724413
-0.0005226222222222222,0,-0.29765889724310773,0.0100327296988825,0.02476084571724413
0.0002613111111111111,0,-0.30257076023391816,0.009978832178194666,0.024997580637167047
0.0002613111111111111,0,-0.30257076023391816,0.010698579304925964,0.024997580637167047
0.0003919666666666667,0,-0.2981500835421888,0.008507813067906395,0.02506942590001226
0.0003919666666666667,0,-0.2981500835421888,0.009412520432470768,0.02506942590001226
0.0006532777777777777,0,-0.2952029657477026,0.008474266030670927,0.024927397514430162
0.0006532777777777777,0,-0.2952029657477026,0.008797187975010381,0.024927397514430162
0.0006532777777777777,0,-0.2952029657477026,0.00943670247321991,0.024927397514430162
-0.0005226222222222222,0,-0.30257076023391816,0.00993926684745579,0.0252825119654473
-0.0005226222222222222,0,-0.30257076023391816,0.00963438197843473,0.0252825119654473
0.0005226222222222222,0,-0.2986412698412698,0.008667130175245235,0.02509311081821964
0.0005226222222222222,0,-0.2986412698412698,0.009493756240567123,0.02509311081821964
0.00013065555555555555,0,-0.29225584795321635,0.009165799205134124,0.024785312600922253
0.00013065555555555555,0,-0.29225584795321635,0.008204887234372628,0.024785312600922253
-0.0003919666666666667,0,-0.301097201336675,0.007913717760202445,0.025211476854688983
-0.0003919666666666667,0,-0.301097201336675,0.009418420214991013,0.025211476854688983
0.0002613111111111111,0,-0.301588387635756,0.008317667983758187,0.025235145111228714
0.0002613111111111111,0,-0.301588387635756,0.008595931606097817,0.025235145111228714
0.00013065555555555555,0,-0.2952029657477026,0.009929930582063744,0.024927363664393687
0.00013065555555555555,0,-0.2952029657477026,0.009057967025477632,0.024927363664393687
-0.0005226222222222222,0,-0.30257076023391816,0.00753328667073018,0.0252825119654473
-0.0005226222222222222,0,-0.30257076023391816,0.007224494754750577,0.0252825119654473
-0.0007839333333333334,0,-0.2986412698412698,0.008502534671380431,0.025093138701614493
-0.0007839333333333334,0,-0.2986412698412698,0.006332236621048915,0.025093138701614493
-0.0007839333333333334,0,-0.2986412698412698,0.00768866379885744,0.025093138701614493
0.00013065555555555555,0,-0.2981500835421888,0.0068479177327257675,0.0250694147281463
0.00013065555555555555,0,-0.2981500835421888,0.00586612819441847,0.0250694147281463
0.0003919666666666667,0,-0.3020795739348371,0.0072057892252283115,0.025258827173447962
0.0003919666666666667,0,-0.3020795739348371,0.007175023854546054,0.025258827173447962
-0.0003919666666666667,0,-0.3020795739348371,0.006770024332632079,0.025258827173447962
-0.0003919666666666667,0,-0.3020795739348371,0.006614119847512542,0.025258827173447962
-0.0010452444444444444,0,-0.29471177944862154,0.00629725737576751,0.02490377749055151
-0.0010452444444444444,0,-0.29471177944862154,0.005614651943435246,0.02490377749055151
0.0003919666666666667,0,-0.2971677109440268,0.005554180181602908,0.025022075582328912
0.0003919666666666667,0,-0.2971677109440268,0.005056954094395365,0.025022075582328912
0.0003919666666666667,0,-0.2971677109440268,0.004323424028900207,0.025022075582328912
0.0003919666666666667,0,-0.2991324561403509,0.004306427243623346,0.025116776217968505
0.0003919666666666667,0,-0.2991324561403509,0.004999224147046539,0.025116776217968505
0.00013065555555555555,0,-0.29422059314954047,0.003926339187601659,0.024880013309871548
0.00013065555555555555,0,-0.29422059314954047,0.0033171233059654586,0.024880013309871548
0.0007839333333333334,0,-0.29962364243943185,0.0033113701135375037,0.025140488896290766
0.0007839333333333334,0,-0.29962364243943185,0.0036406877609294654,0.025140488896290766
0.0,0,-0.30257076023391816,0.002009291096183087,0.02528248994820082
0.0,0,-0.30257076023391816,0.0027888033287655637,0.02528248994820082
0.0,0,-0.29471177944862154,0.0032033993917864687,0.024903687074349524
0.0,0,-0.29471177944862154,0.0023555215069121925,0.024903687074349524
0.0,0,-0.29471177944862154,0.0032687550111788156,0.024903687074349524
0.0,0,-0.29765889724310773,0.003076767240891191,0.025045738152043757
0.0005226222222222222,0,-0.30257076023391816,0.0036707312853721417,0.0252825119654473
0.0005226222222222222,0,-0.30257076023391816,0.00347555894729083,0.0252825119654473
0.0005226222222222222,0,-0.30257076023391816,0.003616679497354365,0.0252825119654473
0.0005226222222222222,0,-0.29569415204678356,0.005117433675863168,0.0249510599628517
0.0005226222222222222,0,-0.29569415204678356,0.00473206841931262,0.0249510599628517
0.0007839333333333334,0,-0.2966765246449457,0.004439013064343565,0.024998438315531144
0.0002613111111111111,0,-0.2986412698412698,0.003881097359969929,0.025093094088030336
0.0015678666666666668,0,-0.2927470342522974,0.004098688873584458,0.02480919115278178
0.0015678666666666668,0,-0.2927470342522974,0.01384332751824423,0.02480919115278178
0.0018291777777777777,0,-0.25345213032581454,0.012714857682214793,0.014205425350323401
-0.0016985222222222224,0,-0.22938400167084375,0.0084449778853088,0.013272237822318773
0.0002613111111111111,0,-0.19549214703425227,0.0071849030906117545,0.017867707891610997
0.0002613111111111111,0,-0.19549214703425227,0.007177443179180421,0.017867707891610997
-0.0007839333333333334,0,-0.19745689223057641,0.006958070493674954,0.017962475999588043
-0.0007839333333333334,0,-0.19745689223057641,0.007000407502532426,0.017962475999588043
-0.0006532777777777777,0,-0.18910672514619883,0.0046997295582343005,0.017559977079739133
-0.0006532777777777777,0,-0.18910672514619883,0.0046997295582343005,0.017559977079739133
-0.0006532777777777777,0,-0.18910672514619883,0.0054215930916715754,0.017559977079739133
0.0002613111111111111,0,-0.1709328320802005,0.0039915834902998675,0.016683950134848077
0.0002613111111111111,0,-0.1709328320802005,0.005230703537490953,0.016683950134848077
0.0002613111111111111,0,-0.1709328320802005,0.0033364138311158366,0.016683950134848077
0.0003919666666666667,0,-0.14784707602339178,0.0029663663242393366,0.015571232294918712
0.0003919666666666667,0,-0.12623487886382623,0.0023036419571754096,0.014529528730982455
0.0003919666666666667,0,-0.12623487886382623,0.0010181066070309487,0.014529528730982455
0.0003919666666666667,0,-0.12623487886382623,0.002557020421768191,0.014529528730982455
0.0010452444444444444,0,-0.10609624060150376,0.0018082269019527657,0.013559067806872428
0.0010452444444444444,0,-0.10609624060150376,0.0011107859500576257,0.013559067806872428
0.0,0,-0.10020200501253132,0.0015266323418251092,0.013274714526912808
0.0,0,-0.10020200501253132,0.0018019057966407398,0.013274714526912808
0.0002613111111111111,0,-0.09921963241436925,0.00207790079111304,0.013227380953008263
0.0002613111111111111,0,-0.09921963241436925,0.0015903268048471433,0.013227380953008263
-0.00013065555555555555,0,-0.09774607351712614,0.0023546198419477074,0.013156342888459899
-0.00013065555555555555,0,-0.09774607351712614,0.0021080436741449313,0.013156342888459899
-0.00013065555555555555,0,-0.09872844611528821,0.0015633457108593471,0.013203693205307197
-0.00013065555555555555,0,-0.09872844611528821,0.0018745607925761076,0.013203693205307197
0.0002613111111111111,0,-0.09921963241436925,0.0021337929732115294,0.013227380953008263
0.0002613111111111111,0,-0.09921963241436925,0.0012125694347752233,0.013227380953008263
0.00013065555555555555,0,-0.09971081871345029,0.0016268738814247455,0.013251043522989645
0.00013065555555555555,0,-0.09971081871345029,0.0022176202401389244,0.013251043522989645
0.00013065555555555555,0,-0.09971081871345029,0.0019069955547389495,0.013251043522989645
-0.0003919666666666667,0,-0.09971081871345029,0.0014888466436102068,0.013251076927762302
0.0003919666666666667,0,-0.09872844611528821,0.0014953141674271854,0.013203726942448422
0.0003919666666666667,0,-0.09872844611528821,0.0019093435942692438,0.013203726942448422
0.0003919666666666667,0,-0.09872844611528821,0.0013887231011221078,0.013203726942448422
-0.00013065555555555555,0,-0.09872844611528821,0.001856496177454462,0.013203693205307197
-0.00013065555555555555,0,-0.09872844611528821,0.0014832747885726873,0.013203693205307197
-0.0002613111111111111,0,-0.09921963241436925,0.0027173541985672806,0.013227380953008263
-0.0002613111111111111,0,-0.09921963241436925,0.0009724966593484932,0.013227380953008263
0.0,0,-0.09921963241436925,0.0009388204430867892,0.013227364167681398
0.0003919666666666667,0,-0.06336303258145363,0.000161446109598612,0.011499135191980047
0.0,0,-0.0009823725981620718,0.00012462817559396157,0.008492328244540211
0.0,0,-0.0009823725981620718,0.0001393325113996854,0.008492328244540211
0.0002613111111111111,0,0.0019647451963241435,3.9979390421107395e-05,0.008540505073106577
0.0,0,0.0,7.437454344055032e-05,0.0084449778853088
0.0,0,0.0,4.793460636644125e-05,0.0084449778853088
0.0,0,0.0,9.254993488367064e-05,0.0084449778853088
0.0,0,0.0,0.00017147264602755997,0.0084449778853088
0.0,0,0.0,3.7716494905808185e-05,0.0084449778853088
0.0,0,0.0,5.483463198313966e-05,0.0084449778853088
0.0,0,0.0,0.0001007009805132633,0.0084449778853088
0.0,0,0.0,5.4013580758466883e-05,0.0084449778853088
0.0,0,0.0,0.0002560130805228899,0.0084449778853088
-0.0026131111111111108,0,0.0,8.533318937617661e-05,0.008497240107531022
-0.0026131111111111108,0,0.0,8.480675355198272e-05,0.008497240107531022
-0.031749299999999994,0,-0.0014735588972431077,0.00020307692290525388,0.009139021196564191
-0.031749299999999994,0,-0.0014735588972431077,0.00022234491422286684,0.009139021196564191
-0.05748844444444444,0,-0.005894235588972431,0.0011898548210250467,0.009831531628722159
-0.05748844444444444,0,-0.005894235588972431,0.0014853909474024781,0.009831531628722159
-0.07930792222222223,0,-0.0034383040935672513,0.0018053372639267812,0.010168919049843688
-0.07930792222222223,0,-0.0034383040935672513,0.0025524508280425863,0.010168919049843688
-0.07930792222222223,0,-0.0034383040935672513,0.0028853564997260977,0.010168919049843688
-0.09524790000000001,0,-0.0034383040935672513,0.0037428495291661717,0.010487676679211718
-0.09524790000000001,0,-0.0034383040935672513,0.0031043638392857873,0.010487676679211718
-0.10648427777777777,0,-0.0004911862990810359,0.003343313545326879,0.010594314701506182
-0.11798196666666667,0,-0.016209147869674187,0.005165713176154382,0.011456723622293203
-0.11798196666666667,0,-0.016209147869674187,0.004583037510943486,0.011456723622293203
-0.11798196666666667,0,-0.016209147869674187,0.006050752932719696,0.011456723622293203
-0.12830375555555557,0,-0.0068766081871345025,0.006698540823973985,0.011286736799906603
-0.12830375555555557,0,-0.0068766081871345025,0.005385628710711765,0.011286736799906603
-0.13823357777777776,0,-0.01080609857978279,0.007061499770251763,0.011643313031566002
-0.13823357777777776,0,-0.01080609857978279,0.007075769762368263,0.011643313031566002
-0.14241455555555557,0,-0.01080609857978279,0.007688305711425391,0.011726890929854707
-0.14241455555555557,0,-0.01080609857978279,0.0061105302651304535,0.011726890929854707
-0.14986192222222222,0,-0.0004911862990810359,0.007254717016594407,0.01146186648797143
-0.14986192222222222,0,-0.0004911862990810359,0.009380470812978738,0.01146186648797143
-0.14777143333333334,0,0.010314912280701753,0.006679714544386793,0.012749706065699971
-0.14777143333333334,0,0.010314912280701753,0.00730449262502272,0.012749706065699971
-0.15064585555555554,0,0.0191562656641604,0.008663466285871254,0.013163730567453232
-0.15064585555555554,0,0.0191562656641604,0.006923167939785293,0.013163730567453232
-0.15038454444444446,0,0.021121010860484544,0.008194144986705572,0.013237984487577627
-0.15038454444444446,0,0.021121010860484544,0.00788490639880518,0.013237984487577627
-0.15038454444444446,0,0.021121010860484544,0.0071272112259217184,0.013237984487577627
-0.14946995555555556,0,0.023576942355889724,0.008112788838365893,0.013319192660475803
-0.14946995555555556,0,0.023576942355889724,0.0056948203944049616,0.013319192660475803
-0.15077651111111112,0,0.02652406015037594,0.008034048370649211,0.013464796841467811
-0.15077651111111112,0,0.02652406015037594,0.007393922812373244,0.013464796841467811
-0.1502538888888889,0,0.023576942355889724,0.008200913676052793,0.013334838811710322
-0.1502538888888889,0,0.023576942355889724,0.006644000986867453,0.013334838811710322
-0.14960061111111111,0,0.021121010860484544,0.008658201816641781,0.013222331885784784
-0.14960061111111111,0,0.021121010860484544,0.008597713952226962,0.013222331885784784
-0.1484247111111111,0,0.02652406015037594,0.006126273692876741,0.013417884632998452
-0.1484247111111111,0,0.02652406015037594,0.008685403214964377,0.013417884632998452
-0.1484247111111111,0,0.02652406015037594,0.0063718977501128005,0.013417884632998452
-0.1484247111111111,0,0.02161219715956558,0.0071829107446672235,0.013218738261078883
-0.14751012222222223,0,0.0191562656641604,0.008394219980175487,0.013101102766093999
-0.14751012222222223,0,0.0191562656641604,0.011739541544981798,0.013101102766093999
-0.14960061111111111,0,0.01817389306599833,0.011073220316498704,0.015462218526967341
-0.14960061111111111,0,0.01817389306599833,0.008703946785521431,0.015462218526967341
-0.14960061111111111,0,0.01817389306599833,0.009388856807689234,0.015462218526967341
-0.15077651111111112,0,0.009823725981620717,0.008840825739182923,0.015149096550751464
-0.15077651111111112,0,0.009823725981620717,0.009532280064173884,0.015149096550751464
-0.14881667777777777,0,0.009332539682539682,0.009069409485502852,0.015090160345636925
-0.14881667777777777,0,0.009332539682539682,0.007880541413508413,0.015090160345636925
-0.1486860222222222,0,0.008841353383458646,0.010274155723828778,0.015067799754962787
-0.14999257777777777,0,0.004911862990810359,0.008876031611718627,0.003388936092338167
-0.14999257777777777,0,0.004911862990810359,0.00846540245140898,0.012072628064601977
-0.14999257777777777,0,0.004911862990810359,0.0059522347844797666,0.012072628064601977
-0.14907798888888887,0,0.0014735588972431077,0.0031918034762744,0.0034389298108736463
-0.14907798888888887,0,0.0014735588972431077,0.0039123212974124825,0.006232330094225596
-0.14907798888888887,0,0.0014735588972431077,0.0043123768807944675,0.006952847915363679
-0.14973126666666667,0,0.004911862990810359,0.004833874074683432,0.007503747583276301
-0.14920864444444445,0,0.007858980785296574,0.005544531348471211,0.00352621991911955
-0.14907798888888887,0,-0.0024559314954051793,0.004380878765207274,0.0033272135422198726
-0.14907798888888887,0,-0.0024559314954051793,0.004355932268933455,0.00746074381420397
-0.14986192222222222,0,-0.0014735588972431077,0.00304338962084115,0.0074370839217479745
-0.14986192222222222,0,-0.0014735588972431077,0.004789381904597425,0.0074370839217479745
-0.14999257777777777,0,0.004911862990810359,0.003315858860267731,0.007985978357480775
-0.14999257777777777,0,0.004911862990810359,0.0029310467304384273,0.007985978357480775
-0.1510378222222222,0,-0.004911862990810359,0.0030489643534938,0.008006881375410627
-0.1510378222222222,0,-0.004911862990810359,0.002465294702802055,0.008006881375410627
-0.14777143333333334,0,0.0024559314954051793,0.004354118876763335,0.007843116443807774
-0.14777143333333334,0,0.0024559314954051793,0.0031576999876798697,0.007843116443807774
-0.13157014444444445,0,-0.011297284878863827,0.002291865192313555,0.00787430632533013
-0.13157014444444445,0,-0.011297284878863827,0.0022838224573062775,0.00787430632533013
-0.13157014444444445,0,-0.011297284878863827,0.0038457568476800547,0.00787430632533013
-0.11654475555555556,0,-0.014735588972431077,0.0023464670693226332,0.007712830388391543
-0.11654475555555556,0,-0.014735588972431077,0.0014504030005928438,0.007712830388391543
-0.10766017777777777,0,0.008841353383458646,0.0019256445617115655,0.0072974597844277485
-0.10766017777777777,0,0.008841353383458646,0.0012564707410576774,0.0072974597844277485
-0.10060477777777778,0,-0.0068766081871345025,0.000825726494766655,0.007077331760952924
-0.10060477777777778,0,-0.0068766081871345025,0.0020245188943915442,0.007077331760952924
-0.09067495555555555,0,0.018665079365079364,0.0006802888335471427,0.0073559313547873414
-0.09067495555555555,0,0.018665079365079364,0.0014330396015619447,0.0073559313547873414
-0.08636332222222222,0,0.007367794486215539,0.0018968053092512879,0.006812416412260687
-0.08636332222222222,0,0.007367794486215539,0.0016080010773416899,0.006812416412260687
-0.08152906666666666,0,0.008841353383458646,0.0018314332738073172,0.006775228309182522
-0.08152906666666666,0,0.008841353383458646,0.001577814316441366,0.006775228309182522
-0.08152906666666666,0,0.008841353383458646,0.0009566835001437302,0.006775228309182522
-0.07159924444444443,0,0.007858980785296574,0.0007235031227073387,0.006537175370655923
-0.07016203333333332,0,-0.0004911862990810359,0.001033140900260981,0.006212275803617331
-0.07016203333333332,0,-0.0004911862990810359,0.0012883183026760787,0.006212275803617331
-0.07016203333333332,0,-0.0004911862990810359,0.0017425826301921787,0.006212275803617331
-0.061669422222222214,0,-0.0068766081871345025,0.001715021715388494,0.006299122984329077
-0.061669422222222214,0,-0.0068766081871345025,0.000582596760554715,0.006299122984329077
-0.059056311111111114,0,0.0,0.001223859532237886,0.005970508126819648
-0.059056311111111114,0,0.0,0.0010078217766692156,0.005970508126819648
-0.052392877777777784,0,-0.0024559314954051793,0.0010451826746353048,0.005935670223039082
-0.052392877777777784,0,-0.0024559314954051793,0.0008650408146865705,0.005935670223039082
-0.05265418888888889,0,-0.0014735588972431077,0.0006949150627109907,0.005901477357775999
-0.05265418888888889,0,-0.0014735588972431077,0.0005510417699708654,0.005901477357775999
-0.04559878888888889,0,0.005403049289891395,0.00041341715738063334,0.0059185552179305085
-0.04559878888888889,0,0.005403049289891395,0.0005926363080712725,0.0059185552179305085
-0.04559878888888889,0,0.005403049289891395,0.0010637064555859008,0.0059185552179305085
-0.04429223333333334,0,0.005403049289891395,0.000454425576041793,0.005892455795327886
-0.04429223333333334,0,0.005403049289891395,0.0006776372351726292,0.005892455795327886
-0.03945797777777778,0,-0.003929490392648287,0.0008016542490573583,0.0057363786193125885
-0.03945797777777778,0,-0.003929490392648287,0.0009214773481714557,0.0057363786193125885
-0.03815142222222222,0,0.0,0.00041154525141827534,0.00555241034904187
-0.03815142222222222,0,0.0,0.0010419242250279024,0.00555241034904187
-0.03514634444444444,0,-0.0034383040935672513,0.0011020581309483424,0.00563040615645134
-0.03514634444444444,0,-0.0034383040935672513,0.0006731196813650812,0.00563040615645134
-0.033578477777777775,0,0.0014735588972431077,0.0002009045308617751,0.005520002510290929
-0.033578477777777775,0,0.0014735588972431077,0.0003897625447734085,0.005520002510290929
-0.03201061111111111,0,-0.0004911862990810359,0.0007439374496340121,0.00544925424835476
-0.03201061111111111,0,-0.0004911862990810359,0.0006377236497849256,0.00544925424835476
-0.028613566666666666,0,-0.0014735588972431077,0.0002757453355755527,0.0054207231443657725
-0.028613566666666666,0,-0.0014735588972431077,0.0005403538672588146,0.0054207231443657725
-0.028613566666666666,0,-0.0014735588972431077,0.0006050242354061748,0.0054207231443657725
-0.02874422222222222,0,0.0019647451963241435,0.0005640449505014493,0.005443081863556139
-0.02874422222222222,0,0.0019647451963241435,0.0005217688185304338,0.005443081863556139
-0.025216522222222225,0,-0.0014735588972431077,0.0005670813045673416,0.00535279943381475
-0.025216522222222225,0,-0.0014735588972431077,0.0001214070927641521,0.00535279943381475
-0.023387344444444444,0,-0.0014735588972431077,0.0009349492973925028,0.005316227194198423
-0.023387344444444444,0,-0.0014735588972431077,0.00030610778267919437,0.005316227194198423
-0.021688822222222223,0,0.0019647451963241435,0.0006833275308304323,0.005302047241817738
-0.021688822222222223,0,0.0019647451963241435,0.0005102909599359073,0.005302047241817738
-0.021688822222222223,0,0.0,0.0005374308860031474,0.0052231583490418695
-0.021688822222222223,0,0.0,0.0005900943468795852,0.0052231583490418695
-0.021688822222222223,0,0.0,0.0007084067014015278,0.0052231583490418695
-0.020251611111111113,0,-0.0004911862990810359,0.0002447242703266781,0.005214081604583454
-0.020251611111111113,0,-0.0004911862990810359,0.000128564874513148,0.005214081604583454
-0.0199903,0,0.0014735588972431077,0.00010326548777650352,0.005248312811506278
-0.0199903,0,0.0014735588972431077,0.0001203018677473644,0.005248312811506278
-0.02012095555555556,0,0.0,2.258784765380351e-05,0.005191801015708536
-0.02012095555555556,0,0.0,0.00047725979575090013,0.005191801015708536
-0.0199903,0,-0.0004911862990810359,0.0004633991328900502,0.005208855644123206
-0.0199903,0,-0.0004911862990810359,0.00047388428095953254,0.005208855644123206
-0.01972898888888889,0,0.0014735588972431077,0.0002027796714847306,0.005243089006052837
-0.01972898888888889,0,0.0014735588972431077,0.0005628232051882994,0.005243089006052837
-0.020904888888888886,0,0.0019647451963241435,0.00025935322933797524,0.0052863797826682045
-0.020904888888888886,0,0.0019647451963241435,0.0005316499855776232,0.0052863797826682045
-0.020251611111111113,0,0.0014735588972431077,0.0005324010074066631,0.005253536679285801
-0.020251611111111113,0,0.0014735588972431077,0.0006097322106759586,0.005253536679285801
-0.020251611111111113,0,0.0004911862990810359,0.0006052318959560305,0.005214081604583454
-0.020251611111111113,0,0.0004911862990810359,0.0010952459262208553,0.005214081604583454
-0.02012095555555556,0,0.0,0.0009718211552668882,0.005191801015708536
-0.02012095555555556,0,0.0,0.001787165535456421,0.005191801015708536
-0.008623266666666667,0,-0.007858980785296574,0.0005403914501376453,0.005287853260141946
0.0,0,0.0,0.001174341797321811,0.004789381904597425
-0.00013065555555555555,0,-0.0014735588972431077,0.0003914380362014545,0.004860686770752499
-0.00013065555555555555,0,-0.0014735588972431077,0.0009320228234238145,0.004860686770752499
0.00013065555555555555,0,-0.0004911862990810359,0.0001163251553189297,0.004813830495979746
0.0,0,0.0,0.00014956496105486913,0.004789381904597425
0.0,0,0.0,0.0008728493321502273,0.004789381904597425
0.0,0,0.0,0.00044491618776472934,0.004789381904597425
0.0,0,0.0,0.0009690761457575857,0.004789381904597425
0.0,0,0.0,0.0006522649158840343,0.004789381904597425
0.0,0,0.0,0.0006214851857955514,0.004789381904597425
0.0,0,0.0,0.0004997451489763757,0.004789381904597425
0.0,0,0.0,0.0003806871524259863,0.004789381904597425
0.0,0,0.0,0.0012614508254293456,0.004789381904597425
0.0,0,0.0,0.00036117725146783946,0.004789381904597425
0.0,0,0.0,0.0003768768439471206,0.004789381904597425
0.0,0,0.0,0.0008195286807203089,0.004789381904597425
0.0,0,0.0,0.0012055119556865918,0.004789381904597425
0.0,0,0.0,0.0005437088444508348,0.004789381904597425
0.0,0,0.0,0.0008330957119215181,0.004789381904597425
0.0,0,0.0,0.0008718432810093783,0.004789381904597425
0.0,0,0.0,0.0009989160512004819,0.004789381904597425
0.0,0,0.0,0.0009539177887493746,0.004789381904597425
0.0,0,0.0,0.0006449313440652737,0.004789381904597425
0.0,0,0.0,0.001124222830955959,0.004789381904597425
0.0,0,0.0,0.0009764218318133503,0.004789381904597425
0.0,0,0.0,0.0005912374330189032,0.004789381904597425
0.0,0,0.0,0.0006569765201082974,0.004789381904597425
0.0,0,0.0,0.0008437026202210971,0.004789381904597425
0.0,0,0.0,0.0008511845957682889,0.004789381904597425
0.0,0,0.0,0.00095033644681774,0.004789381904597425
0.0,0,0.0,0.0010320400359470345,0.004789381904597425
0.0,0,0.0,0.0008079587443304133,0.004789381904597425
0.0,0,0.0,0.0009746252939374015,0.004789381904597425
0.0,0,0.0,0.0009029027640406105,0.004789381904597425
0.0,0,0.0,0.0011452693784308379,0.004789381904597425
0.0,0,0.0,0.0006540999675893531,0.004789381904597425
0.0,0,0.0,0.0006699732767934405,0.004789381904597425
0.0,0,0.0,0.0008275041518675933,0.004789381904597425
0.0,0,0.0,0.0005982383192345162,0.004789381904597425
0.0,0,0.0,0.0003006696560246553,0.004789381904597425
0.0,0,0.0,0.00043638776255169973,0.004789381904597425
0.0,0,0.0,0.0007539536544709525,0.004789381904597425
0.0,0,0.0,0.0010533716648378022,0.004789381904597425
0.0,0,0.0,0.0007609410403417873,0.004789381904597425
0.0,0,0.0,0.0007954516420872269,0.004789381904597425
0.0,0,0.0,0.0006726068590322904,0.004789381904597425
0.0,0,0.0,0.0006878337768200408,0.004789381904597425
0.0,0,0.0,0.00033689326207052674,0.004789381904597425
0.0,0,0.0,0.0005478113159131102,0.004789381904597425
0.0,0,0.0,0.0006113279602432125,0.004789381904597425
0.0,0,0.0,0.0006900313008281519,0.004789381904597425
0.0,0,0.0,0.0003891152269103668,0.004789381904597425
0.0,0,0.0,0.0003472550456066804,0.004789381904597425
0.0,0,0.0,0.0010163919241913055,0.004789381904597425
0.0,0,0.0,0.0007072453064069217,0.004789381904597425
0.0,0,0.0,0.0009495057560052059,0.004789381904597425
0.0,0,0.0,0.0007004173933031697,0.004789381904597425
0.0,0,0.0,0.0007786605637751564,0.004789381904597425
0.0,0,0.0,0.0007516568801069019,0.004789381904597425
0.0,0,0.0,0.0009488408413871922,0.004789381904597425
0.0,0,0.0,0.0007786654168602509,0.004789381904597425
0.0,0,0.0,0.0007786654168602509,0.004789381904597425
0.0,0,0.0,0.0007185999966751097,0.004789381904597425
0.0,0,0.0,0.0010840932790322224,0.004789381904597425
0.0,0,0.0,0.0006653296642622912,0.004789381904597425
0.0,0,0.0,0.0010122798261609817,0.004789381904597425
0.0,0,0.0,0.00044063622623288497,0.004789381904597425
0.0,0,0.0,0.0005559637385598294,0.004789381904597425
0.0,0,0.0,0.0010790456478828427,0.004789381904597425
0.0,0,0.0,0.0004883520764484459,0.004789381904597425
0.0,0,0.0,0.0008793938331368785,0.004789381904597425
0.0,0,0.0,0.00037087329831184135,0.004789381904597425
0.0,0,0.0,0.0009235008751930099,0.004789381904597425
0.0,0,0.0,0.000677497534148982,0.004789381904597425
0.0,0,0.0,0.0008052743365748484,0.004789381904597425
0.0,0,0.0,0.00105640230035987,0.004789381904597425
0.0,0,0.0,0.0008169333696284684,0.004789381904597425
0.0,0,0.0,0.00046132644609821156,0.004789381904597425
0.0,0,0.0,0.0010345818112138033,0.004789381904597425
0.0,0,0.0,0.0006044990271176461,0.004789381904597425
0.0024824555555555557,0,0.0004911862990810359,0.000937784671950967,0.004858841572172561
0.0024824555555555557,0,0.0004911862990810359,0.0005975423528669575,0.004858841572172561
0.033709133333333335,0,-0.0068766081871345025,0.00020800001059618662,0.005740982924126994
0.033709133333333335,0,-0.0068766081871345025,0.0005126564839451033,0.005740982924126994
0.0655890888888889,0,-0.0009823725981620718,0.0005244543412677292,0.006140483319740405
0.0655890888888889,0,-0.0009823725981620718,0.0003950794322259995,0.006140483319740405
0.0655890888888889,0,-0.0009823725981620718,0.0011772297570911555,0.006140483319740405
0.09577052222222222,0,-0.0014735588972431077,0.0019395338295334287,0.00676377281735242
0.09577052222222222,0,-0.0014735588972431077,0.0014406924457461797,0.00676377281735242
0.12778113333333332,0,0.0068766081871345025,0.0031355797830241064,0.007620690907779708
0.12778113333333332,0,0.0068766081871345025,0.00272274326150339,0.007620690907779708
0.16122895555555555,0,0.004911862990810359,0.0034405269430263868,0.008210687071383014
0.16122895555555555,0,0.004911862990810359,0.0032580532265808417,0.008210687071383014
0.16175157777777777,0,0.0009823725981620718,0.0042179692994790685,0.008063718393388061
0.16175157777777777,0,0.0009823725981620718,0.004980983751603774,0.008063718393388061
0.1592691222222222,0,-0.0014735588972431077,0.004209167748777172,0.008225331469560506
0.1592691222222222,0,-0.0014735588972431077,0.004666898137460951,0.008225331469560506
0.1592691222222222,0,-0.0014735588972431077,0.003612529317472418,0.008225331469560506
0.1605756777777778,0,0.0004911862990810359,0.0035378311683901243,0.008212147284813866
0.1605756777777778,0,0.0004911862990810359,0.0038600031113658153,0.008212147284813866
0.16031436666666665,0,-0.004420676691729323,0.0027888556346177206,0.008364303060599473
0.15953043333333333,0,0.004420676691729323,0.0023477998143483225,0.00834862540078687
0.15953043333333333,0,0.004420676691729323,0.0036198359614460465,0.00834862540078687
0.15953043333333333,0,0.004420676691729323,0.0036357067515625993,0.00834862540078687
0.16227419999999998,0,0.0009823725981620718,0.003556462110618195,0.008265772652538443
0.16227419999999998,0,0.0009823725981620718,0.003898390366735931,0.008265772652538443
0.16070633333333334,0,0.0019647451963241435,0.0038703380238103526,0.008273740604091858
0.16070633333333334,0,0.0019647451963241435,0.003179684216389089,0.008273740604091858
0.16096764444444447,0,0.0009823725981620718,0.004451792559997192,0.008239641622571625
0.1605756777777778,0,-0.0004911862990810359,0.004800956048209473,0.008212147284813866
0.15966108888888889,0,0.0009823725981620718,0.004640723976887761,0.008213510593932858
0.15966108888888889,0,0.0009823725981620718,0.0036155240695353503,0.008213510593932858
0.1599224,0,0.0029471177944862155,0.004232113242997105,0.008297407758427997
0.1599224,0,0.0029471177944862155,0.004610147046725502,0.008297407758427997
0.1610983,0,0.0014735588972431077,0.004233583494822568,0.008261914764901587
0.1610983,0,0.0014735588972431077,0.004361640810197888,0.008261914764901587
0.1610983,0,0.0014735588972431077,0.005351930797196784,0.008261914764901587
0.15770125555555556,0,-0.0004911862990810359,0.008834922149557287,0.008525605931998194
0.15770125555555556,0,-0.0004911862990810359,0.007953819114647346,0.012008597284358697
0.1599224,0,-0.005894235588972431,0.00449881062507941,0.012269504737661764
0.1599224,0,-0.005894235588972431,0.0041615120490130515,0.012269504737661764
0.15953043333333333,0,-0.0034383040935672513,0.003092738986556855,0.01216318754732637
0.15953043333333333,0,-0.0034383040935672513,0.004204931853870401,0.01216318754732637
0.16031436666666665,0,0.0004911862990810359,0.009836868405858538,0.01206085946466201
0.16031436666666665,0,0.0004911862990810359,0.008576445489488532,0.013062805720963262
0.15953043333333333,0,-0.0014735588972431077,0.00931611274970835,0.013086442308498659
0.15953043333333333,0,-0.0014735588972431077,0.0063932237272553575,0.013086442308498659
0.1604450222222222,0,0.0,0.009674065775470295,0.013045768850302982
0.1604450222222222,0,0.0,0.009254206955273537,0.013045768850302982
0.1604450222222222,0,0.0,0.009368700203258163,0.013045768850302982
0.1604450222222222,0,0.0009823725981620718,0.009739643820855159,0.0130850738652097
0.1599224,0,0.0029471177944862155,0.010230546734167805,0.013153292412682762
0.15913846666666667,0,0.0,0.008228533126402428,0.013413316067501138
0.15913846666666667,0,0.0,0.008827770964173842,0.013413316067501138
0.1613596111111111,0,-0.0024559314954051793,0.009117826169659093,0.013556039051137486
0.1613596111111111,0,-0.0024559314954051793,0.007519130205584546,0.013556039051137486
0.15835453333333332,0,-0.0009823725981620718,0.009485301046424022,0.013436942549219047
0.15835453333333332,0,-0.0009823725981620718,0.009582390660451297,0.013436942549219047
0.15835453333333332,0,-0.0009823725981620718,0.00942058915143626,0.013436942549219047
0.1592691222222222,0,-0.0014735588972431077,0.007302864027034946,0.013474894452124537
0.1605756777777778,0,0.0014735588972431077,0.008366789357669166,0.013501025376763235
0.1605756777777778,0,0.0014735588972431077,0.0101179436836254,0.013501025376763235
0.15979174444444444,0,0.0034383040935672513,0.009903231266250314,0.013564038150459179
0.15979174444444444,0,0.0034383040935672513,0.010782017944543122,0.013564038150459179
0.15979174444444444,0,0.0034383040935672513,0.01058535531476858,0.014115509360834496
0.15900781111111115,0,-0.0014735588972431077,0.010588282375159814,0.014021139477939848
0.15900781111111115,0,-0.0014735588972431077,0.009055212623388577,0.014021139477939848
0.16096764444444447,0,0.0009823725981620718,0.009292721807268993,0.014040675815510974
0.16096764444444447,0,0.0009823725981620718,0.010489524859071543,0.014040675815510974
0.1570479777777778,0,-0.0019647451963241435,0.01155368247221527,0.01400160862649282
0.1570479777777778,0,-0.0019647451963241435,0.009313605072552772,0.014773273154164967
0.15678666666666666,0,0.0009823725981620718,0.011495192782724194,0.014728721056377422
0.15678666666666666,0,0.0009823725981620718,0.0083986383114761,0.014728721056377422
0.12908768888888889,0,-0.012770843776106934,0.007005596852276746,0.014648392969534126
0.12908768888888889,0,-0.012770843776106934,0.007306102637898967,0.014648392969534126
0.11288640000000001,0,-0.01080609857978279,0.004978043624627106,0.01424539260359452
0.11288640000000001,0,-0.01080609857978279,0.006397962515782174,0.01424539260359452
0.11288640000000001,0,-0.01080609857978279,0.004775632101276398,0.01424539260359452
0.10191133333333334,0,-0.003929490392648287,0.003355181084863615,0.013749343432077636
0.1002128111111111,0,0.0024559314954051793,0.005022889122242123,0.013656277127574386
0.09969018888888888,0,0.0004911862990810359,0.004434325066202639,0.013567137770203543
0.09969018888888888,0,0.0004911862990810359,0.0037182375774049703,0.013567137770203543
0.09916756666666668,0,0.0004911862990810359,0.004889562001404729,0.013556685347199095
0.09916756666666668,0,0.0004911862990810359,0.003920218875070986,0.013556685347199095
0.09929822222222222,0,-0.0009823725981620718,0.0033488897969033,0.01357895815776017
0.09929822222222222,0,-0.0009823725981620718,0.004554643790897842,0.01357895815776017
0.09877559999999999,0,-0.0019647451963241435,0.004607838525889777,0.013607849973702348
0.09877559999999999,0,-0.0019647451963241435,0.004260229671557093,0.013607849973702348
0.09812232222222224,0,0.0004911862990810359,0.003883220304860247,0.013535780501875358
0.09773035555555556,0,-0.0009823725981620718,0.0034408743876666414,0.013547601086518328
0.09773035555555556,0,-0.0009823725981620718,0.005001217538545027,0.013547601086518328
0.10060477777777778,0,0.0,0.004784897824387054,0.013565778027770824
0.10060477777777778,0,0.0,0.003920855447065003,0.013565778027770824
0.10165002222222222,0,0.0019647451963241435,0.003737070835334364,0.013665336560545364
0.10165002222222222,0,0.0019647451963241435,0.003946102044806118,0.013665336560545364
0.09955953333333332,0,0.0009823725981620718,0.005101042476676895,0.013584184337103022
0.09890625555555556,0,-0.0004911862990810359,0.004938542480308342,0.013551459135781836
0.09890625555555556,0,-0.0004911862990810359,0.003972159116585913,0.013551459135781836
0.06689564444444444,0,0.012770843776106934,0.0020193557457862206,0.013406521204294898
-0.001437211111111111,0,0.012279657477025897,0.0001167585286327205,0.012149584334073179
-0.001437211111111111,0,0.012279657477025897,7.554728787113566e-05,0.012149584334073179
0.0009145888888888889,0,-0.004420676691729323,8.347795083422635e-05,0.011771112728524108
0.0009145888888888889,0,-0.004420676691729323,0.0002533220251503599,0.011771112728524108
0.0010452444444444444,0,0.005894235588972431,0.00014458520204340246,0.01184211181739931
0.0010452444444444444,0,0.005894235588972431,0.0003044300629584368,0.01184211181739931
0.0016985222222222224,0,0.027997619047619042,0.0006099240355624362,0.012905667362833367
0.0016985222222222224,0,0.027997619047619042,0.00038777205698043327,0.012905667362833367
0.0016985222222222224,0,0.027997619047619042,0.0009212269821315943,0.012905667362833367
0.0009145888888888889,0,0.048627443609022554,0.0009586119394302355,0.013897944586404067
0.001437211111111111,0,0.07023964076858813,0.0017605329700320198,0.014939949968538728
0.001437211111111111,0,0.07023964076858813,0.0011585706426303416,0.014939949968538728
0.006532777777777778,0,0.03634778613199666,0.00017188927745633595,0.013333025595839241
0.0,0,0.0,4.6333201288014724e-05,0.01155368247221527
0.0,0,0.0,0.000197359505771365,0.01155368247221527
0.0003919666666666667,0,0.0024559314954051793,4.5637397359131456e-05,0.011673530375200337
0.0003919666666666667,0,0.0024559314954051793,0.00017097414854123168,0.011673530375200337
0.01554801111111111,0,-0.004420676691729323,0.0003227329054780382,0.0120435754907605
0.01554801111111111,0,-0.004420676691729323,0.00044725228547256115,0.0120435754907605
0.01554801111111111,0,-0.004420676691729323,0.00015858797826674655,0.0120435754907605
0.15469617777777778,0,-0.0068766081871345025,0.00990257996942559,0.01492318416298171
0.15469617777777778,0,-0.0068766081871345025,0.009058022348137244,0.01492318416298171
0.26039652222222226,0,0.005403049289891395,0.024004809103576222,0.016977923341029617
0.26039652222222226,0,0.005403049289891395,0.025936486404755755,0.02942904997239057
0.3478050888888889,0,-0.0009823725981620718,0.046983312189275366,0.03293188775073467
0.3478050888888889,0,-0.0009823725981620718,0.04951270881222521,0.05397871353525428
0.42058023333333333,0,-0.0014735588972431077,0.06708012324950864,0.0579832645134607
0.42058023333333333,0,-0.0014735588972431077,0.06758634002670852,0.07555067895074412
0.4819883444444445,0,0.02406812865497076,0.09649366237564459,0.07819085214995732
0.5137376444444445,0,0.03340066833751044,0.04851762582019409,0.01322170312326958
0.5018479888888889,0,0.01817389306599833,0.04631445077690915,0.011117952240267967
0.41731384444444447,0,0.008841353383458646,0.036219454663592075,0.009138230398556364
0.41731384444444447,0,0.008841353383458646,0.06559820391905058,0.04491970055995327
0.41731384444444447,0,0.008841353383458646,0.07211187850453303,0.07429844981541178
0.35891081111111106,0,0.004420676691729323,0.04639733462208855,0.0794670133228331
0.35891081111111106,0,0.004420676691729323,0.052221253640729944,0.0794670133228331
0.34741312222222226,0,0.022103383458646614,0.04761689409336262,0.07994663983927036
0.3380059222222222,0,0.01817389306599833,0.020907877875742175,0.007767568572818538
0.3380059222222222,0,0.01817389306599833,0.04271560895023,0.028396594471755705
0.22577280000000002,0,-0.018665079365079364,0.020067764531052378,0.005370829452029421
0.06689564444444444,0,-0.014735588972431077,0.0012244278734163379,0.022000546280937117
0.06689564444444444,0,-0.014735588972431077,0.0008886611417099981,0.022000546280937117
0.06754892222222222,0,-0.012279657477025897,0.0015943271260744274,0.021913676586930723
0.06754892222222222,0,-0.012279657477025897,0.0010134420011138217,0.021913676586930723
0.06754892222222222,0,-0.012279657477025897,0.0014554740317739294,0.021913676586930723
0.07355907777777777,0,-0.009332539682539682,0.0012097543494357435,0.02191423668702963
0.07342842222222222,0,-0.011788471177944862,0.00184266868899205,0.022011049785633906
0.07342842222222222,0,-0.011788471177944862,0.0018800674944881377,0.022011049785633906
0.07342842222222222,0,-0.011788471177944862,0.003192776369635123,0.022011049785633906
0.03775945555555555,0,0.052556934001670844,0.0038864435300711916,0.023039549238377727
0.03775945555555555,0,0.052556934001670844,0.007087496282762686,0.023039549238377727
0.03005077777777778,0,0.13851453634085215,0.010181397706698223,0.02689337709269659
0.025085866666666668,0,0.19745689223057641,0.013019815277465376,0.010331669713721105
0.020904888888888886,0,0.2583639933166249,0.02103951734008427,0.01377303566484121
0.014894733333333332,0,0.30748262322472847,0.01835270367984516,0.021323025850800592
0.014894733333333332,0,0.30748262322472847,0.01821166211326275,0.03319090303907252
0.008100644444444445,0,0.3624954887218045,0.026363319783142332,0.0358293981853176
0.008100644444444445,0,0.3624954887218045,0.026694543840733772,0.043840014288614775
0.008100644444444445,0,0.3624954887218045,0.029992842107484576,0.04417123834620621
-0.0016985222222222224,0,0.40129920634920635,0.032166632452736446,0.04933563919260243
-0.0016985222222222224,0,0.40129920634920635,0.03416562892525981,0.0515094295378543
0.0010452444444444444,0,0.40277276524644945,0.03342133883241491,0.05357934236891024
0.0010452444444444444,0,0.40277276524644945,0.03334111325277349,0.05357934236891024
-0.0011759000000000001,0,0.40031683375104427,0.03495546810554782,0.053460984557712594
-0.0011759000000000001,0,0.40031683375104427,0.03791025564218022,0.0542508237380006
0.0005226222222222222,0,0.4037551378446115,0.034973865030043474,0.057371269785864966
0.0005226222222222222,0,0.4037551378446115,0.033900179075806655,0.057371269785864966
0.0010452444444444444,0,0.3978609022556391,0.02970244378978777,0.057087218106431886
0.0010452444444444444,0,0.3978609022556391,0.029984193674758283,0.057087218106431886
0.0010452444444444444,0,0.3978609022556391,0.028103458891852704,0.057087218106431886
-0.003266388888888889,0,0.3492334586466165,0.023911514649415114,0.05474405338894188
-0.003266388888888889,0,0.3492334586466165,0.02204020254198811,0.05474405338894188
-0.0005226222222222222,0,0.3094473684210526,0.019109880957067574,0.052825640328053494
-0.0005226222222222222,0,0.3094473684210526,0.02075810705810141,0.052825640328053494
-0.0006532777777777777,0,0.2775202589807853,0.014133129655400974,0.05128676963216758
-0.0006532777777777777,0,0.2775202589807853,0.0164988027016863,0.05128676963216758
0.0058795,0,0.2244721386800334,0.009890346779886237,0.04873356497904349
0.0058795,0,0.2244721386800334,0.00905058734005098,0.04873356497904349
0.0058795,0,0.2244721386800334,0.01087606357077118,0.04873356497904349
0.0010452444444444444,0,0.19745689223057641,0.0065566688497139605,0.04742781279415021
0.0007839333333333334,0,0.1984392648287385,0.008813937380356338,0.0474751037399224
0.0003919666666666667,0,0.19696570593149543,0.005586941423646311,0.04740402169292823
0.0015678666666666668,0,0.15128538011695908,0.002623116922732785,0.04520260721272856
0.0015678666666666668,0,0.15128538011695908,0.005100477378783976,0.04520260721272856
0.0015678666666666668,0,0.15128538011695908,0.004812612261724002,0.04520260721272856
0.0002613111111111111,0,0.1316379281537176,0.0028227790504605148,0.04425521643087274
0.0002613111111111111,0,0.1316379281537176,0.0029861562862493864,0.04425521643087274
0.0009145888888888889,0,0.11051691729323308,0.0028516216659981827,0.04323735564011485
0.0009145888888888889,0,0.11051691729323308,0.002871560893864941,0.04323735564011485
0.00013065555555555555,0,0.09774607351712614,0.001710300960329639,0.04262162064533132
0.00013065555555555555,0,0.09774607351712614,0.002116735824372656,0.04262162064533132
0.0,0,0.10020200501253132,0.0018260333437490094,0.04273999228378423
0.0,0,0.10020200501253132,0.0015237167025089074,0.04273999228378423
-0.00013065555555555555,0,0.09872844611528821,0.0030425397525748097,0.042668970962178615
-0.00013065555555555555,0,0.09872844611528821,0.0022904082695138933,0.042668970962178615
-0.0005226222222222222,0,0.09823725981620718,0.002253491263691892,0.04264535937588733
-0.0005226222222222222,0,0.09823725981620718,0.0020277807082180995,0.04264535937588733
0.00013065555555555555,0,0.09872844611528821,0.001869056374386425,0.042668970962178615
0.00013065555555555555,0,0.09872844611528821,0.003255205961649324,0.042668970962178615
0.00013065555555555555,0,0.09872844611528821,0.002528924333451585,0.042668970962178615
0.00013065555555555555,0,0.09872844611528821,0.002333770080133338,0.042668970962178615
0.00013065555555555555,0,0.09872844611528821,0.0027730064152146038,0.042668970962178615
0.0002613111111111111,0,0.09725488721804511,0.0014894816668295386,0.04259795833050717
0.0,0,0.09921963241436925,0.0022854946694842704,0.04269264192455282
-0.0005226222222222222,0,0.06385421888053466,0.0008212234955100833,0.04098813331016889
-0.0005226222222222222,0,0.06385421888053466,0.0002609177591550695,0.04098813331016889
-0.00013065555555555555,0,0.0004911862990810359,0.00043923290867513244,0.037934704233562544
-0.00013065555555555555,0,0.0004911862990810359,0.0003404377195020506,0.037934704233562544
-0.00013065555555555555,0,0.0004911862990810359,0.00023125672671696964,0.037934704233562544
0.0010452444444444444,0,0.003929490392648287,0.0002681044643871956,0.03810584437323879
0.0010452444444444444,0,0.003929490392648287,0.00023910135658941717,0.03810584437323879
0.009537855555555554,0,0.0004911862990810359,0.00031191097555823547,0.03812070272210301
0.009537855555555554,0,0.0004911862990810359,0.0003516037388111505,0.03812070272210301
0.021166200000000003,0,-0.008841353383458646,0.0006356141977535378,0.03869339706272006
0.021166200000000003,0,-0.008841353383458646,0.00023149780480836855,0.03869339706272006
0.03005077777777778,0,-0.04224202172096909,0.00036091443819343417,0.0402936237416738
0.03958863333333333,0,-0.006385421888053467,0.0005075299871110558,0.038959174611837975
0.03958863333333333,0,-0.006385421888053467,0.0005558290684205773,0.038959174611837975
0.05814172222222223,0,-0.007367794486215539,0.0006677532620354431,0.03936937028487934
0.05814172222222223,0,-0.007367794486215539,0.0007801674680692584,0.03936937028487934
0.08597135555555556,0,-0.008841353383458646,0.0010639113793068792,0.039984864660598786
0.08597135555555556,0,-0.008841353383458646,0.0009896400338452569,0.039984864660598786
0.11210246666666666,0,-0.0029471177944862155,0.002565485295283125,0.040270319924453964
0.11210246666666666,0,-0.0029471177944862155,0.0015672571241600734,0.040270319924453964
0.13418325555555558,0,-0.012279657477025897,0.003362916558313636,0.041086995431209195
0.13418325555555558,0,-0.012279657477025897,0.002238726497527041,0.041086995431209195
0.17024418888888887,0,-0.021121010860484544,0.0036885938519323554,0.04216438179492283
0.17024418888888887,0,-0.021121010860484544,0.0032326374364793414,0.04216438179492283
0.20565184444444445,0,-0.02652406015037594,0.006280492836449253,0.0430900015484444
0.20565184444444445,0,-0.02652406015037594,0.006628525037604526,0.0430900015484444
0.23713983333333333,0,-0.03192710944026733,0.00708699049956876,0.043937356931789615
0.23713983333333333,0,-0.03192710944026733,0.005862688654982739,0.043937356931789615
0.2726781444444444,0,-0.02701524644945697,0.010675214498445568,0.044448925734155965
0.2726781444444444,0,-0.02701524644945697,0.00933798395866501,0.044448925734155965
0.31226677777777784,0,-0.011788471177944862,0.011369753010537113,0.04462787809531474
0.31226677777777784,0,-0.011788471177944862,0.01266817617701653,0.04462787809531474
0.3506795111111111,0,0.011788471177944862,0.018370302212439994,0.04539605083028781
0.3506795111111111,0,0.011788471177944862,0.016395247972419025,0.04539605083028781
0.3506795111111111,0,0.011788471177944862,0.019528957092795552,0.04539605083028781
0.3907907666666667,0,0.01424440267335004,0.022969177575858986,0.04629671982802553
0.3907907666666667,0,0.01424440267335004,0.020617011986283944,0.04629671982802553
0.4298567777777778,0,0.012770843776106934,0.030825240732385965,0.009522421396598348
0.46657098888888887,0,0.004420676691729323,0.046726266353440724,0.040333557986456006
0.46657098888888887,0,0.004420676691729323,0.0311817958553143,0.05623458360751076
0.5051143777777778,0,-0.011788471177944862,0.05480861695606309,0.05730055522552682
0.5051143777777778,0,-0.011788471177944862,0.05306740222211421,0.0653829058281492
0.5454869444444443,0,-0.01326203007518797,0.058189174491620504,0.06624937903959222
0.5454869444444443,0,-0.01326203007518797,0.05788196437682317,0.06962993657514963
0.5454869444444443,0,-0.01326203007518797,0.06115352971753905,0.06962993657514963
0.5858595111111111,0,-0.020629824561403505,0.06889464087083286,0.07369713399814372
0.5858595111111111,0,-0.020629824561403505,0.07420973902100877,0.08143824515143752
0.6255787999999999,0,-0.02161219715956558,0.08178499868088202,0.08758705795947941
0.6255787999999999,0,-0.02161219715956558,0.08569954396154261,0.09516231761935265
0.6587653111111111,0,-0.02652406015037594,0.09363853219576292,0.09993760768468697
0.6587653111111111,0,-0.02652406015037594,0.08938671449306353,0.10787659591890728
0.6960021444444444,0,-0.005403049289891395,0.10683164245280778,0.1077747675635167
0.6960021444444444,0,-0.005403049289891395,0.10309280022491454,0.12096787782056156
0.7214799777777777,0,-0.023576942355889724,0.11418542503905617,0.1222056147894814
0.7214799777777777,0,-0.023576942355889724,0.11442426831644377,0.1295593973757298
0.7480030555555556,0,-0.03782134502923977,0.11723221455829554,0.13090039756734495
0.7480030555555556,0,-0.03782134502923977,0.11763177104618337,0.13370834380919672
0.7480030555555556,0,-0.03782134502923977,0.11225930133113313,0.13410790029708455
0.7672094222222221,0,-0.04125964912280701,0.06847529651721332,0.13463007496806825
0.7672094222222221,0,-0.04125964912280701,30.706145549911174,0.13463007496806825
0.7800136666666667,0,-0.05501286549707602,0.008555603995223558,0.018643274676818585
0.7894208666666668,0,-0.06188947368421053,0.06909130948833764,0.026827754460836507
0.7894208666666668,0,-0.06188947368421053,0.11550037108310823,0.08736345995395059
0.7934711888888889,0,-0.03389185463659147,0.11825109495492137,0.13272790233666226
0.7934711888888889,0,-0.03389185463659147,0.11685324029011337,0.1354786262084754
0.7858931666666666,0,-0.005403049289891395,0.12304112076029151,0.13418514270248186
0.7885062777777777,0,0.004420676691729323,0.12391225167987487,0.1389881150454565
0.7869384111111112,0,0.005403049289891395,0.1256948006655084,0.13986720423338567
0.7869384111111112,0,0.005403049289891395,0.1240989533419423,0.14164975321901918
0.7527066555555555,0,0.006385421888053467,0.17411621964223395,0.14100444171050433
0.7527066555555555,0,0.006385421888053467,0.16867730840835077,0.18942586068722989
0.7527066555555555,0,0.006385421888053467,0.17008152651063482,0.18942586068722989
0.7524453444444444,0,-0.007367794486215539,0.17350989685550983,0.18945995958409914
0.7524453444444444,0,-0.007367794486215539,0.17256940731007042,0.18945995958409914
0.7476110888888889,0,0.020629824561403505,0.16727285570296577,0.18989459130819036
0.7402943777777777,0,0.024559314954051795,0.03878953754559208,0.01634596026113148
0.7383345444444445,0,0.017191520467836258,0.06925229788103121,0.015903160848549674
0.7375506111111111,0,0.0191562656641604,0.03610865577631769,0.01599672573043361
0.7388571666666667,0,0.011297284878863827,0.03806631500093273,0.015754160889104418
0.7440833888888889,0,0.0024559314954051793,0.041178102748020945,0.015211452592848684
0.7440833888888889,0,0.0024559314954051793,0.16828580599201595,0.05615802141192924
0.7440833888888889,0,0.0024559314954051793,0.1718788356605409,0.18326572465592425
0.7498322333333334,0,-0.00835016708437761,0.20856321887577534,0.18720964332235085
0.7498322333333334,0,-0.00835016708437761,0.17446179608938617,0.22389402653758528
0.7541438666666667,0,-0.013753216374269005,0.2053789237276748,0.2241966464790191
0.7541438666666667,0,-0.013753216374269005,0.17678207589576644,0.2241966464790191
0.7604153333333333,0,-0.014735588972431077,0.1804931998236485,0.22436142910548942
0.7604153333333333,0,-0.014735588972431077,0.16912692051045738,0.22436142910548942
0.7626364777777778,0,-0.015226775271512115,0.211018482872319,0.22442553048671648
0.7626364777777778,0,-0.015226775271512115,0.21136470785499314,0.22688079448326015
0.7652495888888888,0,-0.01326203007518797,0.21317707434171823,0.22720056718420148
0.7652495888888888,0,-0.01326203007518797,0.1694865036743472,0.22901293367092657
0.7628977888888889,0,0.005403049289891395,0.17855583928935465,0.22865121641587036
0.7628977888888889,0,0.005403049289891395,0.17736446015271884,0.22865121641587036
0.7567569777777777,0,0.023576942355889724,0.1702680713207802,0.22925652631163823
0.7564956666666667,0,0.020629824561403505,0.03813149550978429,0.01659708842936733
0.7564956666666667,0,0.020629824561403505,0.03846627515652873,0.01660907190851068
0.7546664888888889,0,0.022594569757727653,0.054690531183946296,0.016221884211188174
0.7511387888888889,0,0.005403049289891395,0.05909935251449101,0.016035188344008987
0.7507468222222222,0,0.02161219715956558,0.19268707274280103,0.07497982266528204
0.7568876333333333,0,0.01326203007518797,0.05474327091868557,0.01581532085565405
0.7678627,0,0.009332539682539682,0.057243323028809794,0.016189805484866603
0.7678627,0,0.009332539682539682,0.20837891909788142,0.07297406928557125
0.7745261333333333,0,0.03733015873015873,0.043728133363696416,0.017301335662266798
0.7686466333333333,0,0.02406812865497076,0.13751272458705555,0.01668576400772958
0.7299725888888888,0,0.0024559314954051793,5.386497452716011,0.0148097233792684
0.6351166555555555,0,0.0191562656641604,0.04861594799599109,0.01355998580721075
0.5133456777777778,0,0.02996236424394319,0.0403794938093981,0.011543944369477626
0.5103406,0,0.017682706766917293,0.009029384379608098,0.010926044814122847
0.5103406,0,0.017682706766917293,0.08091730254625103,0.0199445345221027
0.40398697777777776,0,-0.009823725981620717,0.04184751137818541,0.008592393014820171
0.40398697777777776,0,-0.009823725981620717,0.04380157053303647,0.050320601525229616
0.32820675555555556,0,-0.019647451963241434,0.023507209911274918,0.051153580543370936
0.32820675555555556,0,-0.019647451963241434,0.021543416064919715,0.051153580543370936
0.2383157333333333,0,-0.05403049289891394,0.010308326918334653,0.05074965235701276
0.08296627777777778,0,-0.2107189223057644,0.0017999855558560774,0.054625944880813335
0.08296627777777778,0,-0.2107189223057644,0.0017810249228450022,0.054625944880813335
0.0411565,0,-0.15177656641604012,0.001368152597123897,0.05136477665353836
-0.0018291777777777777,0,0.0029471177944862155,0.00047993481955184024,0.043963300082352545
-0.0018291777777777777,0,0.0029471177944862155,0.00022133993033208446,0.043963300082352545
-0.00013065555555555555,0,0.005403049289891395,0.0002543575689803783,0.04406207450261343
-0.00013065555555555555,0,0.005403049289891395,0.00014177129108986785,0.04406207450261343
0.00013065555555555555,0,-0.004420676691729323,5.472513697392641e-05,0.04401474121284196
0.00013065555555555555,0,-0.004420676691729323,0.00015858876232048395,0.04401474121284196
-0.001437211111111111,0,0.023085756056808685,0.000982189192577508,0.04491647383272129
-0.001437211111111111,0,0.023085756056808685,0.0008826408178330298,0.04491647383272129
-0.0018291777777777777,0,0.0835016708437761,0.0015187811472909343,0.04782732768228222
-0.0018291777777777777,0,0.0835016708437761,0.0018086811015362032,0.04782732768228222
-0.0013065555555555554,0,0.1424440267335004,0.0014535235430128302,0.050667664884251146
-0.0013065555555555554,0,0.1424440267335004,0.0023673928526849403,0.050667664884251146
-0.0013065555555555554,0,0.19647451963241436,0.0024928801202702437,0.05327185428232096
-0.0013065555555555554,0,0.19647451963241436,0.004334145315304718,0.05327185428232096
-0.0013065555555555554,0,0.19647451963241436,0.004349676252596914,0.05327185428232096
-0.0010452444444444444,0,0.2662229741019215,0.004333761246894992,0.056633617976063436
-0.0010452444444444444,0,0.2662229741019215,0.0038397916138239183,0.056633617976063436
-0.00013065555555555555,0,0.30306194653299917,0.002853526105480463,0.05840915772978038
-0.00013065555555555555,0,0.30306194653299917,0.004597285616549178,0.05840915772978038
0.0007839333333333334,0,0.29962364243943185,0.002353337249354713,0.05824348012440127
0.0007839333333333334,0,0.29962364243943185,0.004089089870124308,0.05824348012440127
0.00013065555555555555,0,0.3001148287385129,0.003333812150765558,0.05826710666557733
0.00013065555555555555,0,0.3001148287385129,0.0027197514491773436,0.05826710666557733
0.0,0,0.2966765246449457,0.0040068265136784945,0.058101379020922855
0.0,0,0.2966765246449457,0.0038594412136632285,0.058101379020922855
0.0005226222222222222,0,0.30060601503759393,0.0031302523453933416,0.05829080261899726
0.0005226222222222222,0,0.30060601503759393,0.0030340839646277977,0.05829080261899726
-0.0019598333333333334,0,0.29422059314954047,0.002970413491442408,0.05798332150791945
-0.0019598333333333334,0,0.29422059314954047,0.003494885595122307,0.05798332150791945
-0.0019598333333333334,0,0.29422059314954047,0.003392688503166796,0.05798332150791945
-0.0003919666666666667,0,0.29618533834586463,0.003522846075227062,0.05807771649303166
-0.0003919666666666667,0,0.29618533834586463,0.0017822756001836168,0.05807771649303166
0.0003919666666666667,0,0.30306194653299917,0.0030324283319984055,0.05840916872057983
0.0003919666666666667,0,0.30306194653299917,0.003540663739855024,0.05840916872057983
-0.0006532777777777777,0,0.301097201336675,0.006333790736304229,0.0583144902076851
-0.0003919666666666667,0,0.2952029657477026,0.002754297559113602,0.05803036617590228
-0.0003919666666666667,0,0.2952029657477026,0.002470682955420624,0.05803036617590228
0.0005226222222222222,0,0.30355313283208024,0.003876759632790023,0.05843285348153662
0.0005226222222222222,0,0.30355313283208024,0.003583133965444554,0.05843285348153662
-0.0002613111111111111,0,0.30060601503759393,0.0035190198153338486,0.05829078599815436
-0.0002613111111111111,0,0.30060601503759393,0.0035786252222829848,0.05829078599815436
-0.0005226222222222222,0,0.29962364243943185,0.0029266284985903076,0.0582434523324247
-0.0005226222222222222,0,0.29962364243943185,0.0031365591102717806,0.0582434523324247
-0.0005226222222222222,0,0.29962364243943185,0.003123543844128797,0.0582434523324247
0.0002613111111111111,0,0.30060601503759393,0.00398061349521473,0.05829078599815436
0.0002613111111111111,0,0.30060601503759393,0.0034059393302774193,0.05829078599815436
-0.0002613111111111111,0,0.30257076023391816,0.00341495706905261,0.05838548668064126
-0.0002613111111111111,0,0.30257076023391816,0.003230753328875326,0.05838548668064126
-0.0005226222222222222,0,0.29569415204678356,0.004180181438049851,0.0580540511909622
-0.0005226222222222222,0,0.29569415204678356,0.004334137095799667,0.0580540511909622
0.0010452444444444444,0,0.30060601503759393,0.00309938822835037,0.058290869101248165
0.0010452444444444444,0,0.30060601503759393,0.0034117626642194946,0.058290869101248165
-0.0013065555555555554,0,0.2966765246449457,0.003812525285844663,0.05810151935921782
-0.0013065555555555554,0,0.2966765246449457,0.0029018303112086775,0.05810151935921782
-0.001437211111111111,0,0.2971677109440268,0.0037350676808402886,0.058125223728191636
-0.0011759000000000001,0,0.2981500835421888,0.0036208081381963733,0.058172517672619224
0.00013065555555555555,0,0.3001148287385129,0.0018772717291104587,0.05826710666557733
0.00013065555555555555,0,0.3001148287385129,0.003271310346926918,0.05826710666557733
-0.0006532777777777777,0,0.29127347535505427,0.001288875089716445,0.05784098778129719
-0.0006532777777777777,0,0.29127347535505427,0.0016602175200321578,0.05784098778129719
-0.0006532777777777777,0,0.29127347535505427,0.0015607622109603326,0.05784098778129719
-0.0006532777777777777,0,0.25983755221386795,0.0018163147778357395,0.056325780609280916
-0.0006532777777777777,0,0.25983755221386795,0.0030562876741242434,0.056325780609280916
0.0002613111111111111,0,0.23478705096073516,0.0017080603325858828,0.055118313482784814
0.0002613111111111111,0,0.23478705096073516,0.0020368172492567014,0.055118313482784814
-0.0026131111111111108,0,0.22398095238095234,0.0015897838630336335,0.054598195855544235
-0.0003919666666666667,0,0.21563078529657476,0.0022963065367376904,0.054194991762400314
-0.00013065555555555555,0,0.2038423141186299,0.001928570132923036,0.05362677211612607
-0.00013065555555555555,0,0.2038423141186299,0.0014673675013249941,0.05362677211612607
0.0019598333333333334,0,0.17535350877192982,0.001310409880318643,0.05225414380101305
0.0019598333333333334,0,0.17535350877192982,0.001878996397742587,0.05225414380101305
0.0024824555555555557,0,0.16356503759398494,0.0009761317518088684,0.0516863239735932
0.0024824555555555557,0,0.16356503759398494,0.0006080592632787347,0.0516863239735932
0.0009145888888888889,0,0.14489995822890558,0.0004474540779792341,0.05078588931037849
0.0009145888888888889,0,0.14489995822890558,0.0005691196181603146,0.05078588931037849
0.0009145888888888889,0,0.14489995822890558,0.0007924192477959816,0.05078588931037849
0.0018291777777777777,0,0.1247613199665831,0.0009267240835293471,0.049815720052273964
0.0,0,0.11984945697577276,0.0003276714657341229,0.04957831435926871
0.0,0,0.11984945697577276,0.0006999196256911598,0.04957831435926871
0.0,0,0.11984945697577276,0.00048261978586297885,0.04957831435926871
0.0005226222222222222,0,0.10707861319966583,0.0002858903352576221,0.048962821901203255
0.0005226222222222222,0,0.10707861319966583,0.0005930872662839731,0.048962821901203255
-0.0002613111111111111,0,0.09921963241436925,0.00038112359918382726,0.04858397360073593
-0.0002613111111111111,0,0.09921963241436925,0.0007572350865261999,0.04858397360073593
-0.0002613111111111111,0,0.09921963241436925,0.0003910796930216712,0.04858397360073593
0.0,0,0.10118437761069339,0.0002352027218114499,0.04867865753387189
0.0,0,0.10118437761069339,0.0004163964896602846,0.04867865753387189
0.0,0,0.09921963241436925,0.0006363320072184012,0.048583956815409064
0.0,0,0.09921963241436925,0.0003474997399186468,0.048583956815409064
0.0,0,0.09823725981620718,0.00046872063634248234,0.048536606456177654
0.0,0,0.10020200501253132,0.0002665316072157669,0.048631307174640474
0.0,0,0.10020200501253132,0.00028353854879654993,0.048631307174640474
0.0,0,0.10020200501253132,0.00029615564791375307,0.048631307174640474
0.00013065555555555555,0,0.09872844611528821,0.0003571557886576065,0.04856028585303486
0.00013065555555555555,0,0.09872844611528821,0.0006115714955520832,0.04856028585303486
0.00013065555555555555,0,0.10069319131161236,0.00040533803097225914,0.04865498648921047
0.00013065555555555555,0,0.10069319131161236,0.0003583446969737429,0.04865498648921047
0.00013065555555555555,0,0.10069319131161236,0.0004032831426500916,0.04865498648921047
0.0,0,0.09627251461988304,0.0005121555753424993,0.04844190573771483
0.0,0,0.09627251461988304,0.0005003842173209211,0.04844190573771483
0.0,0,0.10020200501253132,0.00027375035329737824,0.048631307174640474
0.0,0,0.10020200501253132,0.0004991792211127491,0.048631307174640474
0.0,0,0.09921963241436925,0.00039339696457191454,0.048583956815409064
0.0003919666666666667,0,0.09971081871345029,0.00036135099162339204,0.04860766957548997
0.0003919666666666667,0,0.09971081871345029,0.0005761567955240457,0.04860766957548997
0.0011759000000000001,0,0.07220438596491228,0.00014869666324961853,0.047282288834682384
0.0006532777777777777,0,-0.0034383040935672513,0.0005296294980407726,0.0439701770536358
0.0003919666666666667,0,0.0014735588972431077,0.00031591871971786326,0.04387491630718343
0.0003919666666666667,0,0.0014735588972431077,0.0004547301045510344,0.04387491630718343
-0.0003919666666666667,0,-0.0014735588972431077,0.0002299478308523406,0.04387491630718343
-0.0003919666666666667,0,-0.0014735588972431077,0.00017628726496095328,0.04387491630718343
-0.0002613111111111111,0,-0.0009823725981620718,0.0004114076347429023,0.04385046771580111
0.0,0,0.0,0.0002277584128254117,0.04380157053303647
0.0,0,0.0,0.00019408258059631304,0.04380157053303647
0.0,0,0.0,0.00012820639223159753,0.04380157053303647
0.0,0,0.0,0.0003706655076567122,0.04380157053303647
-0.005356877777777778,0,-0.009332539682539682,0.00015421435331269655,0.04430653384908159
-0.005356877777777778,0,-0.009332539682539682,0.0002443155577496538,0.04430653384908159
-0.03684486666666667,0,-0.022594569757727653,0.0001706925289264018,0.04546518533136021
-0.03684486666666667,0,-0.022594569757727653,0.0005867021262811814,0.04546518533136021
-0.06036286666666666,0,-0.03634778613199666,0.0006402616988453796,0.04649898717410742
-0.06036286666666666,0,-0.03634778613199666,0.0005041048359550765,0.04649898717410742
-0.06036286666666666,0,-0.03634778613199666,0.0004589468232472917,0.04649898717410742
-0.0785239888888889,0,-0.044697953216374264,0.0005779757558338805,0.04720217151971104
-0.0785239888888889,0,-0.044697953216374264,0.0003698198719177002,0.04720217151971104
-0.094072,0,-0.05992472848788638,0.0007789118403406846,0.0481431093643293
-0.1105346,0,-0.08939590643274853,0.0013643730344682513,0.049706465868907826
-0.1105346,0,-0.08939590643274853,0.0018364564977946312,0.049706465868907826
-0.1105346,0,-0.08939590643274853,0.0010188777490652441,0.049706465868907826
-0.12046442222222223,0,-0.09627251461988304,0.0008777164788931063,0.05018779709837224
-0.12046442222222223,0,-0.09627251461988304,0.00145266823974622,0.05018779709837224
-0.13261538888888888,0,-0.10069319131161236,0.0013294391451200913,0.05060715543427986
-0.13261538888888888,0,-0.10069319131161236,0.0020434674607510256,0.05060715543427986
-0.14280652222222223,0,-0.12034064327485378,0.0027281629940777608,0.05163699077772262
-0.14280652222222223,0,-0.12034064327485378,0.002038033132699956,0.05163699077772262
-0.14280652222222223,0,-0.12034064327485378,0.0009977494284345377,0.05163699077772262
-0.14123865555555554,0,-0.11149928989139515,0.0012907045269711813,0.05123059533999594
-0.14123865555555554,0,-0.11149928989139515,0.0013549806701138424,0.05123059533999594
-0.1437211111111111,0,-0.1041314954051796,0.0013864417271628468,0.05096539854064297
-0.1437211111111111,0,-0.1041314954051796,0.0011639444841505355,0.05096539854064297
-0.14620356666666665,0,-0.07908099415204678,0.0013675912101775406,0.04995992280433605
-0.14620356666666665,0,-0.07908099415204678,0.0015929638756132741,0.04995992280433605
-0.1479020888888889,0,-0.06188947368421053,0.0004642533235218602,0.04927840938227815
-0.1479020888888889,0,-0.06188947368421053,0.002298028797025848,0.04927840938227815
-0.14594225555555554,0,-0.04175083542188805,0.0008331961558895372,0.048410458317810094
-0.14411307777777776,0,-0.035856599832915614,0.0007125258104313625,0.048133054203383055
-0.14411307777777776,0,-0.035856599832915614,0.0016291176422247383,0.048133054203383055
-0.1452889777777778,0,-0.024559314954051795,0.00039404472565550354,0.047696692914580334
-0.1452889777777778,0,-0.024559314954051795,0.0008614565069924691,0.047696692914580334
-0.1430678333333333,0,-0.015226775271512115,0.0026157861789388582,0.04727472113128773
-0.14450504444444445,0,-0.003929490392648287,0.0023132097181209382,0.04684903065307395
-0.1467261888888889,0,0.005403049289891395,0.0018957399042512976,0.04695255071853928
-0.14646487777777778,0,0.010314912280701753,0.0014696151572782437,0.04714468546494913
-0.14646487777777778,0,0.010314912280701753,0.0004801800575207969,0.04714468546494913
-0.14659553333333333,0,0.022594569757727653,0.0034720025938100793,0.047643112189870114
-0.14659553333333333,0,0.022594569757727653,0.0028824314620191803,0.047643112189870114
-0.14659553333333333,0,0.022594569757727653,0.0016492614961717042,0.047643112189870114
-0.14659553333333333,0,0.022594569757727653,0.0009154630414636815,0.047643112189870114
-0.14659553333333333,0,0.022594569757727653,0.001918218000620992,0.047643112189870114
-0.14620356666666665,0,0.030944736842105264,0.0011767844501105094,0.04797442058911079
-0.14620356666666665,0,0.030944736842105264,0.0010599901068324333,0.04797442058911079
-0.14724881111111113,0,0.030944736842105264,0.0014889754189806234,0.04799524775988937
-0.14724881111111113,0,0.030944736842105264,0.0008163563090152352,0.04799524775988937
-0.1484247111111111,0,0.034383040935672515,0.001538427111745528,0.04815874539263488
-0.1484247111111111,0,0.034383040935672515,0.001163108353838405,0.04815874539263488
-0.14659553333333333,0,0.04125964912280701,0.0014549449105205846,0.04840332342746685
-0.14659553333333333,0,0.04125964912280701,0.0008358309113977941,0.04840332342746685
-0.1460729111111111,0,0.0520657477025898,0.001616178116908265,0.04883669009665226
-0.1460729111111111,0,0.0520657477025898,0.0015034777211068303,0.04883669009665226
-0.1476407777777778,0,0.04518913951545531,0.003136247930534507,0.04858511119877383
-0.1476407777777778,0,0.04518913951545531,0.0034146386223773647,0.04858511119877383
-0.14986192222222222,0,0.046662698412698406,0.0017029589499413472,0.0486896421653795
-0.14986192222222222,0,0.046662698412698406,0.0016016694048058718,0.0486896421653795
-0.14946995555555556,0,0.04518913951545531,0.0021226631495966084,0.0486214134992271
-0.14946995555555556,0,0.04518913951545531,0.0017469188594587282,0.0486214134992271
-0.14946995555555556,0,0.04518913951545531,0.002129258926017778,0.0486214134992271
-0.14881667777777777,0,0.046662698412698406,0.0028294396665439524,0.04866890674004888
-0.14881667777777777,0,0.046662698412698406,0.0019637953076159353,0.04866890674004888
-0.15064585555555554,0,0.03880371762740183,0.0020365130708764017,0.0483833916136347
-0.15064585555555554,0,0.03880371762740183,0.0025673747536953152,0.0483833916136347
-0.14894733333333332,0,0.04125964912280701,0.002578224735985629,0.04845005420119056
-0.14894733333333332,0,0.04125964912280701,0.002544112165200777,0.04845005420119056
-0.1510378222222222,0,0.034383040935672515,0.003015367768438468,0.048210777499189644
-0.1510378222222222,0,0.034383040935672515,0.0010476703783136281,0.048210777499189644
-0.14293717777777779,0,0.03929490392648287,0.002475584405718852,0.048250212061801044
-0.14293717777777779,0,0.03929490392648287,0.0011236366729036281,0.048250212061801044
-0.1396707888888889,0,0.02505050125313283,0.0020711914984621505,0.04760454875211721
-0.1396707888888889,0,0.02505050125313283,0.002167294342494338,0.04760454875211721
-0.1319621111111111,0,0.031435923141186296,0.0013601127592545754,0.04771080821220487
-0.1319621111111111,0,0.031435923141186296,0.0014752872570749358,0.04771080821220487
-0.1319621111111111,0,0.031435923141186296,0.000609909641545663,0.04771080821220487
-0.1237308111111111,0,0.02996236424394319,0.0008880240026823024,0.04748684810595978
-0.1237308111111111,0,0.02996236424394319,0.0012148460234811295,0.04748684810595978
-0.11014263333333335,0,0.02701524644945697,0.0006370217552178015,0.04709614362601184
-0.11014263333333335,0,0.02701524644945697,0.000789070305962315,0.04709614362601184
-0.1023033,0,0.0260328738512949,0.00040595666864486757,0.04690005716971108
-0.1023033,0,0.0260328738512949,0.00092790769251841,0.04690005716971108
-0.094072,0,0.02161219715956558,0.0010822582416083186,0.04655582650252404
-0.094072,0,0.02161219715956558,0.0009094199347700075,0.04655582650252404
-0.08518742222222223,0,0.009823725981620717,0.0006931126595766476,0.045900171294653735
-0.08518742222222223,0,0.009823725981620717,0.0008438211829377211,0.045900171294653735
-0.08179037777777778,0,0.008841353383458646,0.0005772411183409987,0.045792638018139126
-0.07277514444444445,0,0.01424440267335004,0.00042141649656238147,0.045831528771688834
-0.07277514444444445,0,0.01424440267335004,0.00018109432469740432,0.045831528771688834
-0.07277514444444445,0,0.01424440267335004,0.0006456053512371003,0.045831528771688834
-0.06885547777777777,0,0.007367794486215539,0.0006370985721689988,0.04547471650052671
-0.06885547777777777,0,0.007367794486215539,0.0001968760028974999,0.04547471650052671
-0.06885547777777777,0,0.007367794486215539,0.0006111196445954523,0.04547471650052671
-0.06389056666666666,0,0.007367794486215539,0.0002468290259312489,0.04537552110424942
-0.06389056666666666,0,0.007367794486215539,0.0005275420280093509,0.04537552110424942
-0.06036286666666666,0,0.0068766081871345025,0.00014724956617588348,0.045285208357060396
-0.06036286666666666,0,0.0068766081871345025,0.00022214379672431036,0.045285208357060396
-0.05748844444444444,0,0.008841353383458646,0.0003807658079531864,0.045307277018327076
-0.05748844444444444,0,0.008841353383458646,0.00018484932710517135,0.045307277018327076
-0.04729731111111111,0,0.005894235588972431,0.00023491184814471725,0.0449845201444702
-0.04729731111111111,0,0.005894235588972431,0.00019441764410223734,0.0449845201444702
-0.04403092222222222,0,0.00835016708437761,0.0002780260601251174,0.04501885360193199
-0.04403092222222222,0,0.00835016708437761,0.00031762603349083873,0.04501885360193199
-0.041548466666666665,0,0.007858980785296574,0.00024101843312824731,0.04494939423039232
-0.041548466666666665,0,0.007858980785296574,0.00034493843211845434,0.04494939423039232
-0.03671421111111111,0,0.009332539682539682,0.00030412829854162667,0.04491313337085159
-0.03671421111111111,0,0.009332539682539682,0.00033193683808718446,0.04491313337085159
-0.03671421111111111,0,0.009332539682539682,0.00033828270657327376,0.04491313337085159
-0.035930277777777776,0,0.005403049289891395,0.0001361744198660945,0.04473766255808605
-0.035930277777777776,0,0.005403049289891395,0.0005480846448673983,0.04473766255808605
-0.03462372222222222,0,0.006385421888053467,0.0003665566527466872,0.04475143861197452
-0.03462372222222222,0,0.006385421888053467,0.000475001738177846,0.04475143861197452
-0.0305734,0,0.003929490392648287,0.0003318310115943804,0.044571066538190464
-0.0305734,0,0.003929490392648287,0.00022611514832240575,0.044571066538190464
-0.028874877777777776,0,0.0014735588972431077,0.00013307997858127225,0.0444381368409772
-0.028874877777777776,0,0.0014735588972431077,0.0003705118542140109,0.0444381368409772
-0.028874877777777776,0,0.0014735588972431077,0.0003133916746966212,0.0444381368409772
-0.02560848888888889,0,0.0009823725981620718,0.0007625132837743665,0.04435309855930971
-0.02560848888888889,0,0.0009823725981620718,0.00014073128919580059,0.04435309855930971
-0.02417127777777778,0,0.0004911862990810359,0.00026114357634783716,0.04430466031905232
-0.02417127777777778,0,0.0004911862990810359,0.00022722293009034788,0.04430466031905232
-0.022211444444444447,0,0.005894235588972431,0.0006014777039706408,0.04448419044466668
-0.022211444444444447,0,0.005894235588972431,0.00044311095841775806,0.04448419044466668
-0.022864722222222224,0,0.0034383040935672513,0.0006711175002773383,0.04439726545806801
-0.022864722222222224,0,0.0034383040935672513,0.0002577762308412841,0.04439726545806801
-0.021035544444444443,0,0.0004911862990810359,0.0003044175204095155,0.0442419481534209
-0.021035544444444443,0,0.0004911862990810359,0.00017717915463810117,0.0442419481534209
-0.01907571111111111,0,0.0009823725981620718,0.0004124306477230733,0.04422246469288203
-0.01907571111111111,0,0.0009823725981620718,0.0004251932663298451,0.04422246469288203
-0.01907571111111111,0,0.0009823725981620718,0.00016225586934303328,0.04422246469288203
-0.0199903,0,0.0034383040935672513,0.001030820878465109,0.04433990157969686
-0.0199903,0,0.0034383040935672513,0.00012108013959752477,0.04433990157969686
-0.019859644444444446,0,0.004911862990810359,0.0002200910174729108,0.04439727487368448
-0.019859644444444446,0,0.004911862990810359,0.00027648997328106435,0.04439727487368448
-0.0199903,0,0.0024559314954051793,0.0010145496088717187,0.04430012067346865
-0.0199903,0,0.0024559314954051793,0.0005796944627823657,0.04430012067346865
-0.02012095555555556,0,0.003929490392648287,0.0003084315937206208,0.044362457204353486
-0.02012095555555556,0,0.003929490392648287,0.00019342213819498953,0.044362457204353486
-0.019598333333333332,0,0.0019647451963241435,0.00040555744784463217,0.044272457969251444
-0.019598333333333332,0,0.0019647451963241435,0.0005946679090130393,0.044272457969251444
-0.0199903,0,0.0024559314954051793,0.0002530452492126433,0.04430012067346865
-0.0199903,0,0.0024559314954051793,0.00029110789934708755,0.04430012067346865
-0.019859644444444446,0,0.0029471177944862155,0.00022203035301053605,0.044317382630434735
-0.019859644444444446,0,0.0029471177944862155,0.00012438123068728315,0.044317382630434735
-0.019859644444444446,0,0.0029471177944862155,0.0003943664049400789,0.044317382630434735
-0.02012095555555556,0,0.0009823725981620718,0.0003101648461882392,0.04424336516534501
-0.02012095555555556,0,0.0009823725981620718,0.0002752051585059219,0.04424336516534501
-0.018814400000000002,0,0.0019647451963241435,0.00015246791392732354,0.044256793080285094
-0.0199903,0,0.0014735588972431077,0.0004419420000939002,0.044260501439945324
-0.017246533333333335,0,0.011788471177944862,0.00034209687136898956,0.044631329112541446
-0.011889655555555555,0,-0.00835016708437761,0.0006974515933236864,0.04438303204504533
0.00013065555555555555,0,-0.0004911862990810359,0.001228184824700821,0.04382601912441879
0.00013065555555555555,0,-0.0004911862990810359,0.00036702236072292424,0.04382601912441879
0.0002613111111111111,0,-0.0009823725981620718,0.0006722606345574861,0.04385046771580111
0.0,0,0.0,0.000308184517753987,0.04380157053303647
0.0,0,0.0,0.00047936062171544575,0.04380157053303647
0.0,0,0.0,0.00031953970589014997,0.04380157053303647
0.0,0,0.0,0.00032977889743114396,0.04380157053303647
0.0,0,0.0,0.00030441237617679197,0.04380157053303647
0.0,0,0.0,0.00027175527413811476,0.04380157053303647
0.0,0,0.0,0.00035596451100083736,0.04380157053303647
0.0,0,0.0,0.00047621114186015317,0.04380157053303647
0.0,0,0.0,0.0005819692654014503,0.04380157053303647
0.0,0,0.0,0.00037625190063320525,0.04380157053303647
0.0,0,0.0,0.00047906436463322197,0.04380157053303647
0.0,0,0.0,0.0003914620105451241,0.04380157053303647
0.0,0,0.0,0.00031280162347227395,0.04380157053303647
0.0,0,0.0,0.000345240134521933,0.04380157053303647
0.0,0,0.0,0.00047244420785327233,0.04380157053303647
0.0,0,0.0,0.0002413421436071489,0.04380157053303647
0.0,0,0.0,0.000277943438920023,0.04380157053303647
0.0,0,0.0,0.0005629837899387755,0.04380157053303647
0.0,0,0.0,0.00031178177823109547,0.04380157053303647
0.0,0,0.0,0.0006028347760876212,0.04380157053303647
0.0,0,0.0,0.00040811911459648565,0.04380157053303647
0.0,0,0.0,0.00024121449745969975,0.04380157053303647
0.0,0,0.0,0.00044668315338691685,0.04380157053303647
0.0,0,0.0,0.0005389081890633304,0.04380157053303647
0.0,0,0.0,0.00035300654058898655,0.04380157053303647
0.0,0,0.0,0.00043923762046065706,0.04380157053303647
0.0,0,0.0,0.0003915602937580705,0.04380157053303647
0.0,0,0.0,0.00027127607323806186,0.04380157053303647
0.0,0,0.0,0.00024647754099450147,0.04380157053303647
0.0,0,0.0,0.0004866365880328996,0.04380157053303647
0.0,0,0.0,0.000421635994797163,0.04380157053303647
0.0,0,0.0,0.00033197462077033636,0.04380157053303647
0.0,0,0.0,0.0008672542959352371,0.04380157053303647
0.0,0,0.0,0.00046195457186440315,0.04380157053303647
0.0,0,0.0,0.0006930791409885547,0.04380157053303647
0.0,0,0.0,0.0001352552997970635,0.04380157053303647
0.0,0,0.0,0.0005288190773731415,0.04380157053303647
0.0,0,0.0,0.0005369643899344915,0.04380157053303647
0.0,0,0.0,0.0004940338710224798,0.04380157053303647
0.0,0,0.0,0.0002017786286759036,0.04380157053303647
0.0,0,0.0,0.0004865276563667904,0.04380157053303647
0.0,0,0.0,0.0007054215913743477,0.04380157053303647
0.0,0,0.0,0.0004713575607383396,0.04380157053303647
0.0,0,0.0,0.00023342224841933678,0.04380157053303647
0.0,0,0.0,0.0004945468239349201,0.04380157053303647
0.0,0,0.0,0.0002620573000446976,0.04380157053303647
0.0,0,0.0,0.0002611120533360562,0.04380157053303647
0.0,0,0.0,0.0007402039851492144,0.04380157053303647
0.0,0,0.0,0.00015461970958442826,0.04380157053303647
0.0,0,0.0,0.00017917461796053313,0.04380157053303647
0.0,0,0.0,0.0006322169132933296,0.04380157053303647
0.0,0,0.0,0.00027525181222127083,0.04380157053303647
0.0,0,0.0,0.000456593123678754,0.04380157053303647
0.0,0,0.0,0.00023806756523258384,0.04380157053303647
0.0,0,0.0,0.0002466116565835954,0.04380157053303647
0.0,0,0.0,0.00036105599902117036,0.04380157053303647
0.0,0,0.0,0.000518735434150766,0.04380157053303647
0.0,0,0.0,0.00047209609734863596,0.04380157053303647
0.0,0,0.0,0.0005233238940963591,0.04380157053303647
0.0,0,0.0,0.00029098444850156525,0.04380157053303647
0.0,0,0.0,0.0005698354185704809,0.04380157053303647
0.0,0,0.0,0.0004149537380538324,0.04380157053303647
0.0,0,0.0,0.0003479916300052822,0.04380157053303647
0.0,0,0.0,0.00032143191924175943,0.04380157053303647
0.0,0,0.0,0.0005854680506459873,0.04380157053303647
0.0,0,0.0,0.0008174264236774451,0.04380157053303647
0.0,0,0.0,0.0007878475275681979,0.04380157053303647
0.0,0,0.0,0.00040527866691291635,0.04380157053303647
0.0,0,0.0,0.0006166293367572999,0.04380157053303647
0.0,0,0.0,0.0002474239311824001,0.04380157053303647
0.0,0,0.0,0.0003652902109822368,0.04380157053303647
0.0,0,0.0,0.0003457656618126915,0.04380157053303647
0.0,0,0.0,0.00024382396234956397,0.04380157053303647
0.0,0,0.0,0.0006307090885007727,0.04380157053303647
0.0,0,0.0,0.000574986171893872,0.04380157053303647
0.0,0,0.0,0.00016784822092615488,0.04380157053303647
0.003266388888888889,0,0.0004911862990810359,0.0006320392711768253,0.04388666980804098
0.003266388888888889,0,0.0004911862990810359,0.000179687058854699,0.04388666980804098
0.03566896666666667,0,-0.0034383040935672513,0.00037220129407782693,0.04465303895453554
0.03566896666666667,0,-0.0034383040935672513,0.0006581855643420861,0.04465303895453554
0.06663433333333334,0,-0.0019647451963241435,0.0008883767347673169,0.04521294438676926
0.06663433333333334,0,-0.0019647451963241435,0.001683296898049214,0.04521294438676926
0.09720773333333334,0,-0.0019647451963241435,0.003127184137176312,0.045824381760728866
0.12712785555555553,0,-0.0024559314954051793,0.002611952781289234,0.04644244465800128
0.12712785555555553,0,-0.0024559314954051793,0.004745218370019338,0.04644244465800128
0.12712785555555553,0,-0.0024559314954051793,0.00453849620859887,0.04644244465800128
0.1592691222222222,0,-0.0024559314954051793,0.0064262958433234756,0.04708525389695268
0.1592691222222222,0,-0.0024559314954051793,0.0054961983271448345,0.04708525389695268
0.15953043333333333,0,-0.012279657477025897,0.006220924476549714,0.04748495400375101
0.15953043333333333,0,-0.012279657477025897,0.006697564746384786,0.04748495400375101
0.15979174444444444,0,0.0024559314954051793,0.006398726938624881,0.04709570613319307
0.15979174444444444,0,0.0024559314954051793,0.007596315431121265,0.04709570613319307
0.15979174444444444,0,-0.0014735588972431077,0.005463226644125082,0.047056370620482756
0.15979174444444444,0,-0.0014735588972431077,0.005992752289334423,0.047056370620482756
0.15966108888888889,0,0.004911862990810359,0.005812435325527194,0.04719152083636891
0.15966108888888889,0,0.004911862990810359,0.006664410809200003,0.04719152083636891
0.15966108888888889,0,0.004911862990810359,0.006977499214482084,0.04719152083636891
0.16031436666666665,0,-0.004420676691729323,0.008106456435533965,0.04718488984203217
0.16031436666666665,0,-0.004420676691729323,0.00845486168642833,0.04718488984203217
0.16031436666666665,0,0.0034383040935672513,0.0049495441444576274,0.04714551398836448
0.16031436666666665,0,0.0034383040935672513,0.00622987420661389,0.04714551398836448
0.15861584444444446,0,-0.0019647451963241435,0.006251689259849649,0.04705251813990429
0.16005305555555557,0,0.0014735588972431077,0.005472094087278186,0.04706159680541109
0.16005305555555557,0,0.0014735588972431077,0.006763206046501515,0.04706159680541109
0.16005305555555557,0,0.0014735588972431077,0.006443130827670162,0.04706159680541109
0.15939977777777775,0,0.0,0.005765534755172786,0.04698956608859202
0.15939977777777775,0,0.0,0.003017142363009158,0.04698956608859202
0.16122895555555555,0,0.0029471177944862155,0.006490668637056832,0.047144124911162474
0.16122895555555555,0,0.0029471177944862155,0.007807822635232504,0.047144124911162474
0.16122895555555555,0,0.0029471177944862155,0.005908226441701306,0.047144124911162474
0.15939977777777775,0,0.0009823725981620718,0.00534634891730779,0.04702887116980004
0.1605756777777778,0,0.0004911862990810359,0.006909163173196655,0.047032734066246557
0.1605756777777778,0,0.0004911862990810359,0.005589433798154495,0.047032734066246557
0.1605756777777778,0,0.0004911862990810359,0.006905596458603076,0.047032734066246557
0.1605756777777778,0,0.005403049289891395,0.00348289329313226,0.04722951165441504
0.1605756777777778,0,0.005403049289891395,0.006646672614556091,0.04722951165441504
0.15887715555555557,0,0.0009823725981620718,0.009404850390902332,0.04701841875883339
0.15887715555555557,0,0.0009823725981620718,0.005760714508790236,0.04701841875883339
0.15887715555555557,0,0.0009823725981620718,0.006328101732042105,0.04701841875883339
0.1610983,0,0.0004911862990810359,0.007161664503940916,0.047043186502497364
0.1610983,0,0.0004911862990810359,0.0088825812543676,0.047043186502497364
0.1587465,0,-0.0024559314954051793,0.004467821952173077,0.04707480166208314
0.1587465,0,-0.0024559314954051793,0.004884336988170544,0.04707480166208314
0.16070633333333334,0,0.0,0.006562753533482001,0.04701569719970313
0.16070633333333334,0,0.0,0.008468780803962019,0.04701569719970313
0.15953043333333333,0,0.0004911862990810359,0.005836821957692773,0.04701182919390601
0.15953043333333333,0,0.0004911862990810359,0.007621328905773859,0.04701182919390601
0.1608369888888889,0,0.0004911862990810359,0.005846654649579071,0.047037960284365306
0.1608369888888889,0,0.0004911862990810359,0.005938199713893754,0.047037960284365306
0.1613596111111111,0,0.0034383040935672513,0.0035154182479359905,0.04716641807431567
0.1613596111111111,0,0.0034383040935672513,0.005409795905283379,0.04716641807431567
0.16005305555555557,0,0.0014735588972431077,0.003253229260132132,0.04706159680541109
0.16005305555555557,0,0.0014735588972431077,0.003274742389620139,0.04706159680541109
0.1592691222222222,0,-0.0034383040935672513,0.002913203057929699,0.047124609912951636
0.1592691222222222,0,-0.0034383040935672513,0.0024403096192623878,0.047124609912951636
0.1592691222222222,0,-0.0034383040935672513,0.0037713998516692372,0.047124609912951636
0.16070633333333334,0,0.004911862990810359,0.004408406334335271,0.04721242407331689
0.16070633333333334,0,0.004911862990810359,0.0030915071024014717,0.04721242407331689
0.1604450222222222,0,0.004911862990810359,0.002796732581170905,0.04720719826206229
0.1604450222222222,0,0.004911862990810359,0.0035826727073232103,0.04720719826206229
0.1608369888888889,0,0.0004911862990810359,0.002757498081627681,0.047037960284365306
0.1608369888888889,0,0.0004911862990810359,0.002888368567390176,0.047037960284365306
0.1569173222222222,0,-0.006385421888053467,0.003452275184380645,0.047195770615961474
0.1569173222222222,0,-0.006385421888053467,0.0028413474550196714,0.047195770615961474
0.15299765555555556,0,-0.0004911862990810359,0.0019670205434276417,0.0468811737469003
0.15299765555555556,0,-0.0004911862990810359,0.0023608032902610737,0.0468811737469003
0.15051520000000002,0,0.003929490392648287,0.0031267535338426,0.04696922659246002
0.15051520000000002,0,0.003929490392648287,0.003404474255538572,0.04696922659246002
0.12503736666666665,0,0.007367794486215539,0.0019135201513635902,0.046597759337751024
0.12503736666666665,0,0.007367794486215539,0.0031280993471447523,0.046597759337751024
0.12503736666666665,0,0.007367794486215539,0.0014609421770583344,0.046597759337751024
0.11497688888888888,0,0.004911862990810359,0.0028504784418303415,0.046297935539285885
0.09864494444444445,0,-0.0024559314954051793,0.001206546961435503,0.04587280946303191
0.09864494444444445,0,-0.0024559314954051793,0.0017113122622957934,0.04587280946303191
0.09864494444444445,0,-0.0024559314954051793,0.0014998861298566948,0.04587280946303191
0.1008660888888889,0,0.003929490392648287,0.0011365567637307672,0.04597632924282005
0.1008660888888889,0,0.003929490392648287,0.0016409352645840587,0.04597632924282005
0.1002128111111111,0,0.0004911862990810359,0.0014943300482173436,0.045825478254252816
0.1002128111111111,0,0.0004911862990810359,0.0018756580757514902,0.045825478254252816
0.10099674444444444,0,0.004420676691729323,0.001833418647513457,0.0459986577287941
0.10099674444444444,0,0.004420676691729323,0.0011600087389258022,0.0459986577287941
0.0999515,0,-0.0024559314954051793,0.001506491966553323,0.04589893923066537
0.0999515,0,-0.0024559314954051793,0.0014964366125845268,0.04589893923066537
0.09929822222222222,0,0.0,0.0010545972376932967,0.04578753497748091
0.09969018888888888,0,0.0014735588972431077,0.001873388705730299,0.045854353280630436
0.09969018888888888,0,0.0014735588972431077,0.0020128535607014057,0.045854353280630436
0.09969018888888888,0,0.0014735588972431077,0.0011387100014516641,0.045854353280630436
0.09969018888888888,0,0.0014735588972431077,0.0016339136021280122,0.045854353280630436
0.09942887777777779,0,-0.0004911862990810359,0.0017067428096008896,0.04580979961949434
0.09982084444444443,0,0.0029471177944862155,0.0013915077041970613,0.045916018393700096
0.09982084444444443,0,0.0029471177944862155,0.002294699217273449,0.045916018393700096
0.06807154444444445,0,-0.012279657477025897,0.0010208859428727293,0.04565790634187726
-0.00013065555555555555,0,-0.0024559314954051793,0.0004271041885243854,0.04392011525701587
-0.00013065555555555555,0,-0.0024559314954051793,0.00045362855697200685,0.04392011525701587
0.0,0,-0.0009823725981620718,0.00032408569377161107,0.04384892089226788
0.0,0,-0.0009823725981620718,0.0003209526838803319,0.04384892089226788
0.0,0,-0.0009823725981620718,0.0007372569043876721,0.04384892089226788
0.002090488888888889,0,0.02161219715956558,0.0009523206272243405,0.044848143541930424
0.0035277000000000004,0,0.10560505430242273,0.0016617124639006907,0.048894603581441994
0.0035277000000000004,0,0.10560505430242273,0.0010830335229828855,0.048894603581441994
0.0035277000000000004,0,0.10560505430242273,0.001495713182836953,0.048894603581441994
0.003005077777777778,0,0.1930362155388471,0.002060655656312557,0.05310705671931002
0.003005077777777778,0,0.1930362155388471,0.003960616090477774,0.05310705671931002
0.0031357333333333335,0,0.26818771929824564,0.005631656363740555,0.05672911266437322
0.0031357333333333335,0,0.26818771929824564,0.005518597013047514,0.05672911266437322
0.0022211444444444443,0,0.34137447786131997,0.008844190766539977,0.060256172827186955
0.0022211444444444443,0,0.34137447786131997,0.00831197378094469,0.060256172827186955
-0.0010452444444444444,0,0.40670225563909773,0.007259421008112841,0.06340468477440998
-0.0010452444444444444,0,0.40670225563909773,0.008169016338692043,0.06340468477440998
-0.0005226222222222222,0,0.40473751044277356,0.008808521605703858,0.06330993499590531
-0.0005226222222222222,0,0.40473751044277356,0.008429354723232358,0.06330993499590531
0.0023518000000000002,0,0.3998256474519632,0.008967949174329554,0.06307350412378462
0.0023518000000000002,0,0.3998256474519632,0.0092540102543904,0.06307350412378462
0.0023518000000000002,0,0.3998256474519632,0.005373516281116069,0.06307350412378462
0.0003919666666666667,0,0.3934402255639098,0.006081201490274664,0.06276539892955961
0.0003919666666666667,0,0.3934402255639098,0.010497404518780236,0.06276539892955961
0.0003919666666666667,0,0.40031683375104427,0.00608592192285066,0.06309685128057163
0.0003919666666666667,0,0.40031683375104427,0.006971202682710365,0.06309685128057163
-0.0005226222222222222,0,0.3978609022556391,0.007292472867706267,0.06297848276576964
-0.0005226222222222222,0,0.3978609022556391,0.006730801894358383,0.06297848276576964
0.0,0,0.38509005847953215,0.006926124781269603,0.062362911351749914
0.0,0,0.38509005847953215,0.006826482802203406,0.062362911351749914
-0.0002613111111111111,0,0.36937209690893896,0.006233824651854432,0.06160531011291498
-0.0002613111111111111,0,0.36937209690893896,0.006757393191070018,0.06160531011291498
0.0011759000000000001,0,0.33056837928153715,0.0035810687203541866,0.05973506843490543
0.0011759000000000001,0,0.33056837928153715,0.00534981510319445,0.05973506843490543
-0.0013065555555555554,0,0.2829233082706767,0.0023897164462246736,0.057438621151555826
-0.0013065555555555554,0,0.2829233082706767,0.0031815608361423563,0.057438621151555826
-0.0013065555555555554,0,0.2829233082706767,0.0024805581758305557,0.057438621151555826
0.0005226222222222222,0,0.2485402673350042,0.002492166244406871,0.055781238222130755
0.0009145888888888889,0,0.1999128237259816,0.0020116514275332663,0.05343747068681788
0.0009145888888888889,0,0.1999128237259816,0.0009783985954488826,0.05343747068681788
0.0009145888888888889,0,0.1999128237259816,0.0013184792370809896,0.05343747068681788
-0.001437211111111111,0,0.16061791979949874,0.0012407767540339775,0.05154366789302167
-0.001437211111111111,0,0.16061791979949874,0.00135908415120009,0.05154366789302167
-0.0003919666666666667,0,0.14882944862155387,0.0012583663549087718,0.05097517513458567
-0.0003919666666666667,0,0.14882944862155387,0.0008624056574807614,0.05097517513458567
0.0006532777777777777,0,0.14489995822890558,0.0006345057121724555,0.05078582035374833
0.0006532777777777777,0,0.14489995822890558,0.0006601495554851183,0.05078582035374833
0.0011759000000000001,0,0.1026579365079365,0.0005610592363701521,0.04875001153059016
0.0011759000000000001,0,0.1026579365079365,0.0013087619574512206,0.04875001153059016
0.00013065555555555555,0,0.10069319131161236,0.001377514937404824,0.04865498648921047
0.00013065555555555555,0,0.10069319131161236,0.0004707292361461194,0.04865498648921047
0.00013065555555555555,0,0.09676370091896408,0.0004386567070494779,0.04846558522020085
0.00013065555555555555,0,0.09676370091896408,0.00036178474059328454,0.04846558522020085
-0.00013065555555555555,0,0.09872844611528821,0.0004673020332349821,0.04856028585303486
-0.00013065555555555555,0,0.09872844611528821,0.0006767373993753063,0.04856028585303486
-0.00013065555555555555,0,0.09872844611528821,0.0006427126185005851,0.04856028585303486
0.00013065555555555555,0,0.09872844611528821,0.0006438999461582969,0.04856028585303486
0.00013065555555555555,0,0.09872844611528821,0.0007784519076491797,0.04856028585303486
-0.00013065555555555555,0,0.09971081871345029,0.0004540822728999095,0.04860763617071731
0.00013065555555555555,0,0.09872844611528821,0.00044645753236915195,0.04856028585303486
0.00013065555555555555,0,0.09872844611528821,0.0004209468181012046,0.04856028585303486
0.00013065555555555555,0,0.09872844611528821,0.00047403807654723765,0.04856028585303486
0.0002613111111111111,0,0.10020200501253132,0.0006127754544147762,0.04863132379540866
0.0007839333333333334,0,0.0658189640768588,0.0006078620830171197,0.04697427228515043
0.00013065555555555555,0,0.0034383040935672513,0.0005672201608957594,0.04396741762679422
0.00013065555555555555,0,0.0034383040935672513,6.605692116436943e-05,0.04396741762679422
-0.0007839333333333334,0,-0.0029471177944862155,0.0006633701307394735,0.04394826208133039
-0.0007839333333333334,0,-0.0029471177944862155,0.0002439393530719039,0.04394826208133039
-0.00013065555555555555,0,0.0024559314954051793,0.0005083495426967339,0.04392011525701587
-0.00013065555555555555,0,0.0024559314954051793,0.00048476032907323013,0.04392011525701587
0.0003919666666666667,0,-0.0004911862990810359,0.00040721199649499377,0.043830031482441335
0.0003919666666666667,0,-0.0004911862990810359,0.0006504143358699487,0.043830031482441335
0.009668511111111111,0,-0.003929490392648287,0.00014890635312287415,0.044154786595876565
0.009668511111111111,0,-0.003929490392648287,0.0007755994424814384,0.044154786595876565
0.020904888888888886,0,-0.01080609857978279,0.0010457413312242327,0.044661198946422065
0.020904888888888886,0,-0.01080609857978279,0.000498164606676356,0.044661198946422065
0.037628800000000004,0,-0.012770843776106934,0.0007325001751774833,0.0450722313082413
0.037628800000000004,0,-0.012770843776106934,0.001245722059760018,0.0450722313082413
0.037628800000000004,0,-0.012770843776106934,0.0004741098961724168,0.0450722313082413
0.06480515555555556,0,-0.01080609857978279,0.001463829225428287,0.04553294303345852
0.09028298888888889,0,-0.015226775271512115,0.0016768239402278416,0.04622061312989361
0.09028298888888889,0,-0.015226775271512115,0.0005500410051866535,0.04622061312989361
0.12164032222222222,0,-0.0004911862990810359,0.0015656747890539402,0.04625402776357272
0.12164032222222222,0,-0.0004911862990810359,0.001251372630087062,0.04625402776357272
0.12164032222222222,0,-0.0004911862990810359,0.0029379842584218883,0.04625402776357272
0.15404289999999998,0,0.0004911862990810359,0.005688274606528494,0.0469020786178025
0.15404289999999998,0,0.0004911862990810359,0.005182033848174783,0.0469020786178025
0.18513892222222222,0,-0.009332539682539682,0.007787195853803605,0.04787844128583878
0.18513892222222222,0,-0.009332539682539682,0.006494575625271466,0.04787844128583878
0.2206772333333333,0,-0.011297284878863827,0.00971863724430715,0.04866797869390776
0.2206772333333333,0,-0.011297284878863827,0.010364647523309652,0.04866797869390776
0.2206772333333333,0,-0.011297284878863827,0.010307953438566287,0.04866797869390776
0.25556226666666665,0,-0.01670033416875522,0.013216017226350862,0.0495826634191772
0.25556226666666665,0,-0.01670033416875522,0.01364980519626164,0.0495826634191772
0.29306041111111114,0,-0.03978609022556391,0.012506436822305237,0.05126329507549941
0.29306041111111114,0,-0.03978609022556391,0.013159399461802777,0.05126329507549941
0.3380059222222222,0,-0.050592188805346695,0.013462882653047945,0.052598094037839035
0.3380059222222222,0,-0.050592188805346695,0.017414324272741772,0.052598094037839035
0.37772521111111107,0,-0.05943354218880535,0.01621793704988489,0.05374912020877398
0.37772521111111107,0,-0.05943354218880535,0.02782703752919754,0.05374912020877398
0.4218867888888889,0,-0.02406812865497076,0.028156335665627735,0.053204339251059024
0.4218867888888889,0,-0.02406812865497076,0.022883123813022627,0.053204339251059024
0.4218867888888889,0,-0.02406812865497076,0.022293428627272422,0.053204339251059024
0.4629126333333333,0,-0.007367794486215539,0.02705520623182762,0.05335473210295217
0.4629126333333333,0,-0.007367794486215539,0.030117317724461162,0.05335473210295217
0.49244078888888887,0,-0.007367794486215539,0.04520348696740264,0.05394528339418693
0.49244078888888887,0,-0.007367794486215539,0.02781852729917849,0.0553471998285531
0.5240594333333333,0,0.01424440267335004,0.053181993996626445,0.05625510256292296
0.5538489,0,0.02996236424394319,0.0423938944259638,0.013337561337745045
0.5828544333333333,0,0.017191520467836258,0.04839505941261587,0.013215714214520015
0.6134278333333334,0,0.021121010860484544,0.051811245429359325,0.014774450487954269
0.6390363222222222,0,0.021121010860484544,0.0454369852098569,0.01595276936286931
0.6600718666666666,0,0.02161219715956558,0.05740002546916039,0.015958137570766823
0.6600718666666666,0,0.02161219715956558,0.05908697197022707,0.015072313274557962
0.7153391666666666,0,0.01424440267335004,0.0703965912360298,0.016199888771227484
0.7272288222222222,0,0.015717961570593148,0.02366254420195039,0.017200242256325472
0.7272288222222222,0,0.015717961570593148,0.02859829985561324,0.016965718225861584
0.7656415555555556,0,0.03733015873015873,0.03668188078430443,0.017520116591928706
0.7757020333333333,0,0.049609816207184625,0.03351893687481045,0.017616367953355687
0.7757020333333333,0,0.049609816207184625,0.02936886878985005,0.017583481600485493
0.7805362888888888,0,0.02161219715956558,0.03219728722581308,0.01833058055975034
0.7892902111111112,0,0.01424440267335004,0.03576391572532422,0.017100389931443385
0.7928179111111112,0,0.0019647451963241435,0.03454657800447554,0.016185806455227172
0.7928179111111112,0,0.0019647451963241435,0.05907825131455711,0.05048153421932337
0.8083659222222223,0,0.020138638262322473,0.05689658897267332,0.07605195864093563
0.8090191999999999,0,0.017682706766917293,0.03571818442085391,0.01826253896820594
0.8145067333333333,0,-0.01080609857978279,0.03685271563354261,0.01762965504554559
0.8145067333333333,0,-0.01080609857978279,0.060711556179006435,0.0535753352382009
0.8145067333333333,0,-0.01080609857978279,0.06602268807919502,0.07743417578366472
0.8146373888888889,0,-0.044697953216374264,0.057112726214440954,0.0841074761348766
0.8146373888888889,0,-0.044697953216374264,0.059804759925309356,0.0841074761348766
0.8186877111111112,0,-0.05697761069340016,0.060121538393173635,0.08468221125925085
0.8186877111111112,0,-0.05697761069340016,0.05719939826770899,0.08468221125925085
0.8184264,0,-0.05894235588972431,0.05685532491996767,0.08475604456653414
0.8184264,0,-0.05894235588972431,0.06091505015051582,0.08475604456653414
0.8155519777777778,0,-0.0697484544695071,0.056261042055773966,0.08513369006179991
0.8190796777777778,0,-0.08301048454469508,0.0518766890437099,0.08573883680778595
0.8167278777777778,0,-0.07416913116123643,0.0522036139591016,0.08533532931352944
0.8142454222222222,0,-0.0835016708437761,0.0460123274641229,0.08566205170440809
0.8142454222222222,0,-0.0835016708437761,0.0448265070909288,0.08566205170440809
0.8005265888888888,0,-0.07318675856307436,0.047646233907439765,0.08497193377680158
0.8005265888888888,0,-0.07318675856307436,0.04808193761933612,0.08497193377680158
0.7909887333333334,0,-0.06090710108604846,0.045924292869773335,0.08428662858367379
0.7909887333333334,0,-0.06090710108604846,0.04395902384442161,0.08428662858367379
0.7605459888888889,0,-0.023085756056808685,0.04213415993365412,0.08215821601335045
0.7605459888888889,0,-0.023085756056808685,0.037142460987557135,0.08215821601335045
0.7320630777777779,0,-0.0034383040935672513,0.03845402810505649,0.080801508944589
0.7320630777777779,0,-0.0034383040935672513,0.04122634566827615,0.080801508944589
0.7125954000000001,0,0.003929490392648287,0.04063876757230033,0.08043181211965321
0.7125954000000001,0,0.003929490392648287,0.037133384980140946,0.08043181211965321
0.7055400000000001,0,0.031435923141186296,0.03700958145365232,0.08139327930743598
0.7055400000000001,0,0.031435923141186296,0.013637129315946628,0.017989509426712073
0.7003137777777777,0,0.024559314954051795,0.017818006945876468,0.01600761286951268
0.7033188555555555,0,0.0191562656641604,0.02927001083660616,0.01667828251214525
0.6845044555555555,0,0.03978609022556391,0.024439131093021524,0.01885045702262946
0.6753585666666667,0,0.04568032581453634,0.023831356033030698,0.01689007407544153
0.6831979,0,0.03192710944026733,0.023034437370339025,0.016551873702620453
0.7016203333333334,0,-0.011788471177944862,0.024560691535182814,0.015206277902790494
0.7046254111111112,0,-0.022103383458646614,0.027644588833307993,0.03953850058687386
0.7046254111111112,0,-0.022103383458646614,0.028138076358662337,0.04262239788499904
0.6660820222222222,0,-0.020629824561403505,0.022360042523136652,0.04228598380851936
0.6660820222222222,0,-0.020629824561403505,0.04447272011378326,0.04228598380851936
0.5929149111111112,0,0.0,0.03310172254779605,0.056331018336005484
0.5929149111111112,0,0.0,0.03146498734709753,0.056331018336005484
0.5929149111111112,0,0.0,0.03140300089762294,0.056331018336005484
0.4490631444444444,0,0.004420676691729323,0.018319454796135858,0.0536308832239979
0.4490631444444444,0,0.004420676691729323,0.018221649733255952,0.0536308832239979
0.29266844444444445,0,-0.08055455304928989,0.00811921224311071,0.0535854242950628
0.29266844444444445,0,-0.08055455304928989,0.013324914716338421,0.0535854242950628
0.043246988888888886,0,-0.2146484126984127,0.011097304389512265,0.05501981256069926
0.043246988888888886,0,-0.2146484126984127,0.014569891882629202,0.05501981256069926
0.03945797777777778,0,-0.2485402673350042,0.017093458924065205,0.056599814705140014
0.03945797777777778,0,-0.2485402673350042,0.018838894250284923,0.056599814705140014
0.03945797777777778,0,-0.2485402673350042,0.020228335443708417,0.056599814705140014
0.028613566666666666,0,-0.2794850041771094,0.020940819746723252,0.05801426685838593
0.028613566666666666,0,-0.2794850041771094,0.014657982168078034,0.05801426685838593
0.01920636666666667,0,-0.32074465329991647,0.013391785444291857,0.05996051531378836
0.01920636666666667,0,-0.32074465329991647,0.013663972628155902,0.05996051531378836
0.009276544444444444,0,-0.35905718462823727,0.015146810266708461,0.061785116166130506
-0.0010452444444444444,0,-0.40473751044277356,0.00868133795876778,0.02115667783546856
-0.0005226222222222222,0,-0.39884327485380117,0.010778777649132123,0.021132324110730228
-0.0035277000000000004,0,-0.2794850041771094,0.00207606326859559,0.014772194261749267
-0.0035277000000000004,0,-0.2794850041771094,0.004749706626095837,0.01554832624048148
-0.0009145888888888889,0,0.0329094820384294,0.0003858004874159531,0.006336562886015143
0.0003919666666666667,0,-0.012279657477025897,0.0005073512529971973,0.005341890815865878
0.0003919666666666667,0,-0.012279657477025897,0.0007771590192812724,0.005341890815865878
0.00013065555555555555,0,-0.07515150375939848,0.0008804681048890496,0.008372014647586034
0.00013065555555555555,0,-0.07515150375939848,0.0011611073629484775,0.008372014647586034
0.00013065555555555555,0,-0.07515150375939848,0.0012170677012002873,0.008372014647586034
0.0019598333333333334,0,-0.11051691729323308,0.0019305597421019178,0.010077469311309598
0.0019598333333333334,0,-0.11051691729323308,0.0010088432151380633,0.010077469311309598
0.003397044444444445,0,-0.13753216374269006,0.0024221143984117658,0.01138080157713054
0.003397044444444445,0,-0.13753216374269006,0.001805324345397232,0.01138080157713054
0.003397044444444445,0,-0.16307385129490393,0.0029576211504837332,0.012611591120155334
0.003397044444444445,0,-0.16307385129490393,0.0023849958625633523,0.012611591120155334
0.0036583555555555554,0,-0.18566842105263157,0.0030117865324115413,0.013700681632587003
0.0036583555555555554,0,-0.18566842105263157,0.0046842354814498515,0.013700681632587003
0.0035277000000000004,0,-0.1930362155388471,0.0060839506164473214,0.014055623826189172
0.0035277000000000004,0,-0.1930362155388471,0.006349744736645603,0.015389867816540656
0.002090488888888889,0,-0.19549214703425227,0.00588851406977909,0.015773011364532206
0.002090488888888889,0,-0.19549214703425227,0.00588851406977909,0.015773011364532206
0.0,0,-0.18468604845446948,0.004733495620575379,0.015251612272151032
0.0,0,-0.18468604845446948,0.0035544154393182073,0.015251612272151032
0.0,0,-0.18468604845446948,0.0036550897850593767,0.015251612272151032
-0.0011759000000000001,0,-0.14981182121971592,0.003913884647615988,0.013570899617133567
-0.0011759000000000001,0,-0.14981182121971592,0.0036978390925362426,0.013570899617133567
-0.0016985222222222224,0,-0.13900572263993316,0.0031994326658257373,0.013050326659954418
-0.0016985222222222224,0,-0.13900572263993316,0.0026736052677448657,0.013050326659954418
-0.00013065555555555555,0,-0.1311467418546366,0.0020130416681393088,0.012671020868819983
-0.00013065555555555555,0,-0.1311467418546366,0.001709428838926612,0.012671020868819983
0.0003919666666666667,0,-0.09578132832080201,0.0020384824107687904,0.010966443883860852
0.0003919666666666667,0,-0.09578132832080201,0.0017178356962092686,0.010966443883860852
0.0,0,-0.10020200501253132,0.0016078307677960015,0.011179481378249614
0.0,0,-0.10020200501253132,0.0015979792536860067,0.011179481378249614
0.00013065555555555555,0,-0.10069319131161236,0.0021791896626085637,0.011203160692819604
0.00013065555555555555,0,-0.10069319131161236,0.001852640519376131,0.011203160692819604
0.0,0,-0.10020200501253132,0.0015956811189120027,0.011179481378249614
0.0,0,-0.10020200501253132,0.0015680434885651994,0.011179481378249614
0.0,0,-0.10020200501253132,0.0014314359366165352,0.011179481378249614
0.0002613111111111111,0,-0.09725488721804511,0.0015967678884478125,0.011037447424972546
0.0002613111111111111,0,-0.09725488721804511,0.002139595025294764,0.011037447424972546
-0.0003919666666666667,0,-0.09774607351712614,0.002458716222162486,0.011061143815986742
0.0003919666666666667,0,-0.10167556390977443,0.002433005142243096,0.01125054377140178
0.0003919666666666667,0,-0.10167556390977443,0.002069557735595888,0.01125054377140178
0.00013065555555555555,0,-0.09971081871345029,0.0018749892976439168,0.01115581037432645
0.00013065555555555555,0,-0.09971081871345029,0.001495125452616896,0.01115581037432645
-0.0007839333333333334,0,-0.07073082706766917,0.00047591487793463626,0.009759182479544111
0.0,0,0.003929490392648287,0.00035856566202722485,0.006539146173571251
0.0,0,0.003929490392648287,0.0002958055366804806,0.006539146173571251
0.0,0,0.003929490392648287,0.0004632318656077294,0.006539146173571251
0.00013065555555555555,0,-0.0004911862990810359,0.0004659162505481596,0.006374193328027924
0.016854566666666668,0,-0.01424440267335004,0.00042345869952430245,0.007276275332316783
0.016854566666666668,0,-0.01424440267335004,0.00039760448409635634,0.007276275332316783
0.16828435555555554,0,-0.004911862990810359,0.008944886489880354,0.009912147358437018
0.16828435555555554,0,-0.004911862990810359,0.010356822198353266,0.012507289111671769
0.16828435555555554,0,-0.004911862990810359,0.010962527702696729,0.01391922482014468
0.2871809111111111,0,0.01670033416875522,0.025430185579647196,0.01737579159459658
0.2871809111111111,0,0.01670033416875522,0.02625502940458176,0.03184344947154705
0.38203684444444447,0,0.014735588972431077,0.04559217759840281,0.03448614521953497
0.46434984444444444,0,0.02652406015037594,0.05798828619118159,0.010955492668874514
0.5192251777777778,0,0.03733015873015873,0.06926417246475101,0.013080080661854305
0.5521503777777779,0,0.01080609857978279,0.016909194226146035,0.01270865016733463
0.5521503777777779,0,0.01080609857978279,0.009817820641323721,0.012435141493971642
0.5680903555555555,0,0.023576942355889724,0.07949757596633118,0.014266355222399434
0.5837690222222222,0,0.07367794486215538,0.036792931843716646,0.015499595775184411
0.5599897111111112,0,0.05108337510442774,0.03423188853720635,0.014399202720596471
0.5189638666666666,0,-0.02161219715956558,0.037607901659939276,0.012259571792508176
0.5189638666666666,0,-0.02161219715956558,0.04128768476778231,0.04885317973284283
0.3824288111111111,0,-0.0034383040935672513,0.021686432384538847,0.04907384511794217
0.3824288111111111,0,-0.0034383040935672513,0.020921612678174183,0.04907384511794217
0.3137039888888889,0,0.01326203007518797,0.015456982456813791,0.04809318814812601
0.2448485111111111,0,-0.019647451963241434,0.01149300458048485,0.006126450212134382
0.14502766666666667,0,-0.01670033416875522,0.0035319656852735924,0.015064802194316815
-0.0019598333333333334,0,0.016209147869674187,0.00024139605900693275,0.01227994458821123
-0.0019598333333333334,0,0.016209147869674187,0.0002119915952757165,0.01227994458821123
0.0006532777777777777,0,-0.0034383040935672513,9.075331782971523e-05,0.011661611101084188
-0.0005226222222222222,0,0.0068766081871345025,0.0001312795129634551,0.011825417676424137
-0.0005226222222222222,0,0.0068766081871345025,0.0004911666984584338,0.011825417676424137
0.0006532777777777777,0,-0.0024559314954051793,0.0004889705295644207,0.011615247537396456
0.0006532777777777777,0,-0.0024559314954051793,0.0004007461385280543,0.011615247537396456
0.0018291777777777777,0,0.007858980785296574,0.0003192601235110802,0.011881467385278488
0.0018291777777777777,0,0.007858980785296574,0.001201727366398998,0.011881467385278488
0.0018291777777777777,0,0.007858980785296574,0.001096262774849052,0.011881467385278488
0.0015678666666666668,0,0.0766250626566416,0.002720992515520795,0.015187114576474078
0.0015678666666666668,0,0.0766250626566416,0.002862741208332282,0.015187114576474078
0.0018291777777777777,0,0.14146165413533834,0.0060092437677889445,0.01831203305142798
0.0018291777777777777,0,0.14146165413533834,0.00502281304744576,0.01831203305142798
0.001437211111111111,0,0.20285994152046782,0.006564696689082691,0.021271102091414126
0.001437211111111111,0,0.20285994152046782,0.008544216619032362,0.021271102091414126
0.0015678666666666668,0,0.260328738512949,0.010218318720020882,0.0240410800741149
0.0015678666666666668,0,0.260328738512949,0.011568509859507681,0.0240410800741149
-0.0016985222222222224,0,0.301097201336675,0.008920843751031233,0.026081628649205817
-0.0016985222222222224,0,0.301097201336675,0.007993561809560007,0.026081628649205817
-0.0016985222222222224,0,0.301097201336675,0.008295418256580709,0.026081628649205817
0.00013065555555555555,0,0.2981500835421888,0.007807234439343335,0.025939345282728017
0.00013065555555555555,0,0.2981500835421888,0.006177866700521995,0.025939345282728017
-0.0010452444444444444,0,0.29962364243943185,0.006486118609902835,0.02601045835911156
-0.0010452444444444444,0,0.29962364243943185,0.006353136741421444,0.02601045835911156
-0.0006532777777777777,0,0.3020795739348371,0.006059022755592777,0.026128779780965807
-0.0006532777777777777,0,0.3020795739348371,0.00662696472128734,0.026128779780965807
0.0007839333333333334,0,0.29765889724310773,0.006630906797104914,0.02591571906260607
0.0007839333333333334,0,0.29765889724310773,0.005831520640765239,0.02591571906260607
0.0,0,0.30060601503759393,0.0064594719640767425,0.026057719784319706
0.0,0,0.30060601503759393,0.005462295403958068,0.026057719784319706
0.0003919666666666667,0,0.301097201336675,0.006632373209996592,0.0260814074092707
0.0003919666666666667,0,0.301097201336675,0.006277771432926872,0.0260814074092707
0.00013065555555555555,0,0.2981500835421888,0.007395297078428914,0.025939345282728017
0.00013065555555555555,0,0.2981500835421888,1.0954871767541634,0.025939345282728017
-0.0002613111111111111,0,0.29765889724310773,0.00926380443132142,0.028872136537889483
-0.0002613111111111111,0,0.29765889724310773,0.008193513189836148,0.028872136537889483
-0.0002613111111111111,0,0.30355313283208024,1.087999365444834,0.029156238584634314
0.0007839333333333334,0,0.2986412698412698,0.0074822424698889785,0.025919381758540867
0.0002613111111111111,0,0.29962364243943185,0.018529834659094455,0.025966687485903722
-0.00013065555555555555,0,0.3040443191311612,0.018450990425751986,0.02385700485650899
-0.00013065555555555555,0,0.3040443191311612,0.017548629563221545,0.03310592797728836
0.0,0,0.2986412698412698,0.018684921554642204,0.024112511969040816
0.0,0,0.2986412698412698,1.0735067982016249,0.03307943076099141
-0.00013065555555555555,0,0.2991324561403509,0.019219824857079956,0.02645697018127848
-0.0002613111111111111,0,0.30551787802840435,1.0824057580197515,0.03394579202928267
0.0005226222222222222,0,0.2966765246449457,0.017669617228857338,0.025458918861527992
0.0007839333333333334,0,0.30355313283208024,0.021943465779203124,0.025512634751117418
0.0007839333333333334,0,0.30355313283208024,0.020747809586220876,0.03657477615992354
0.0,0,0.30257076023391816,0.017561948776996267,0.036527376422477977
0.0,0,0.30257076023391816,0.02191788738327211,0.023153294268286995
0.0011759000000000001,0,0.2971677109440268,1.0814812567219823,0.03624148453753285
0.0,0,0.301588387635756,0.021273472342088207,0.026565099953552527
-0.0003919666666666667,0,0.30600906432748537,0.026088958858070634,0.038804659912507075
-0.0003919666666666667,0,0.30600906432748537,540.777515170848,0.04083860800422708
0.0002613111111111111,0,0.29569415204678356,0.026429598699610236,0.027402517272274565
0.0005226222222222222,0,0.30060601503759393,0.02307033824245301,0.04091883078557103
0.0005226222222222222,0,0.30060601503759393,0.028006197930428363,0.04091883078557103
0.0005226222222222222,0,0.30060601503759393,0.0245816224368036,0.042495430016389155
-0.0002613111111111111,0,0.30257076023391816,0.023879875876271557,0.042590114078033155
-0.0002613111111111111,0,0.30257076023391816,0.0264764116899711,0.042590114078033155
0.0007839333333333334,0,0.2986412698412698,0.022712154343272287,0.042400757327116886
0.0007839333333333334,0,0.2986412698412698,1.1129908309409968,0.042400757327116886
0.0009145888888888889,0,0.30502669172932323,0.023558500791761142,0.0290289186488202
0.0009145888888888889,0,0.30502669172932323,0.021589325763885395,0.02626264184298474
0.00013065555555555555,0,0.2971677109440268,0.018783480254442018,0.027570289526639764
-0.0011759000000000001,0,0.2971677109440268,0.015109260324733009,0.03310707740870276
-0.0011759000000000001,0,0.2971677109440268,0.016166317556576885,0.03310707740870276
-0.0011759000000000001,0,0.2971677109440268,1.1011447460408081,0.03310707740870276
0.00013065555555555555,0,0.3040443191311612,0.02245723247355424,0.027915084310723856
0.0006532777777777777,0,0.2971677109440268,0.020302556230921445,0.03678075116839759
0.0006532777777777777,0,0.2971677109440268,0.026213765229135908,0.03678075116839759
-0.0005226222222222222,0,0.2986412698412698,0.01730111887194252,0.0163283042047136
0.0005226222222222222,0,0.29962364243943185,0.016197989465672302,0.015735930438883643
-0.0003919666666666667,0,0.2981500835421888,0.01620965553825122,0.015964793203430618
-0.0002613111111111111,0,0.2986412698412698,0.012550655178161391,0.015992018014027366
0.0009145888888888889,0,0.30306194653299917,0.02148322158986166,0.01627286174805763
-0.0005226222222222222,0,0.29765889724310773,0.014777571770268887,0.014877949402426177
0.00013065555555555555,0,0.301097201336675,0.01700743534893721,0.016886977946175764
0.00013065555555555555,0,0.301097201336675,0.01785240115723701,0.02789560825990087
-0.0002613111111111111,0,0.29471177944862154,0.012549741726682686,0.015408359645590713
-0.0027437666666666662,0,0.2618022974101921,0.013265976598964151,0.02516931370094244
-0.0027437666666666662,0,0.2618022974101921,0.0157120509376083,0.025885548573223907
-0.0027437666666666662,0,0.2618022974101921,0.013380598625588378,0.028331622911868054
0.0024824555555555557,0,0.24804908103592313,0.00994137382651554,0.027668622509855877
0.0024824555555555557,0,0.24804908103592313,0.011667586056630382,0.027668622509855877
-0.00013065555555555555,0,0.2146484126984127,0.011290120015531455,0.026058106369413858
-0.00013065555555555555,0,0.2146484126984127,0.008574511962173719,0.026058106369413858
0.0006532777777777777,0,0.19794807852965748,0.005579490633419922,0.025253200906734094
0.0006532777777777777,0,0.19794807852965748,0.006807052482690843,0.025253200906734094
0.0007839333333333334,0,0.15128538011695908,0.004984212915877703,0.023004105333338295
0.0007839333333333334,0,0.15128538011695908,0.004389629337836866,0.023004105333338295
0.0,0,0.1247613199665831,0.003332326467019724,0.021725546559997602
0.0,0,0.1247613199665831,0.0039733519557587265,0.021725546559997602
-0.00013065555555555555,0,0.11149928989139515,0.0030277518845389833,0.021086320444585086
-0.00013065555555555555,0,0.11149928989139515,0.0028264122146788085,0.021086320444585086
0.0,0,0.1041314954051796,0.003722120089960947,0.020731189016137956
0.0,0,0.1041314954051796,0.0024445366683375097,0.020731189016137956
-0.00013065555555555555,0,0.09872844611528821,0.003302461230395154,0.020470766257606698
-0.00013065555555555555,0,0.09872844611528821,0.0028265578397229795,0.020470766257606698
0.00013065555555555555,0,0.09872844611528821,0.0027071584216249688,0.020470766257606698
0.00013065555555555555,0,0.09872844611528821,0.0028641002300605436,0.020470766257606698
0.0,0,0.09921963241436925,0.0035558939563631,0.020494437219980895
0.0,0,0.09921963241436925,0.0019368616390419372,0.020494437219980895
0.0,0,0.09921963241436925,0.0031252636857677526,0.020494437219980895
0.0,0,0.09921963241436925,0.002929089301110766,0.020494437219980895
0.0,0,0.09921963241436925,0.001870108452912676,0.020494437219980895
0.00013065555555555555,0,0.09774607351712614,0.0025665670399492536,0.020423415940759394
0.00013065555555555555,0,0.09774607351712614,0.0026735730542480976,0.020423415940759394
-0.00013065555555555555,0,0.09971081871345029,0.0033387148719626497,0.020518116575289146
-0.00013065555555555555,0,0.09971081871345029,0.002936125834895999,0.020518116575289146
0.0005226222222222222,0,0.09823725981620718,0.0030337267681005775,0.0204471546713154
0.0005226222222222222,0,0.09823725981620718,0.003315141625152923,0.0204471546713154
-0.00013065555555555555,0,0.09872844611528821,0.0026269610084045623,0.020470766257606698
-0.00013065555555555555,0,0.09872844611528821,0.002411040304847909,0.020470766257606698
-0.0002613111111111111,0,0.09725488721804511,0.0027514026755407484,0.02039975362593524
-0.0002613111111111111,0,0.09725488721804511,0.0027546319965539787,0.02039975362593524
-0.0003919666666666667,0,0.09971081871345029,0.002950969638728129,0.020518149980061802
-0.0005226222222222222,0,0.0658189640768588,0.0008780514233035152,0.018884626210684007
0.00013065555555555555,0,-0.0004911862990810359,0.0001945919638582381,0.01573649952899062
0.00013065555555555555,0,-0.0004911862990810359,0.00014697285205635176,0.01573649952899062
0.0005226222222222222,0,0.0,6.962021277500444e-05,0.015722503382052742
-0.0003919666666666667,0,-0.0014735588972431077,0.0001361102116000658,0.01578539671175526
-0.0003919666666666667,0,-0.0014735588972431077,0.00010901980449806232,0.01578539671175526
-0.00013065555555555555,0,0.0004911862990810359,5.4772361131047995e-05,0.01573649952899062
-0.00013065555555555555,0,0.0004911862990810359,6.375450512901831e-05,0.01573649952899062
0.0,0,0.0,2.9984107916565207e-05,0.0157120509376083
0.0,0,0.0,0.00010628078414795652,0.0157120509376083
0.0,0,0.0,0.00015359158249918722,0.0157120509376083
0.0,0,0.0,5.373180582264825e-05,0.0157120509376083
-0.0035277000000000004,0,-0.0024559314954051793,4.115118134882793e-05,0.01588366006987615
-0.0035277000000000004,0,-0.0024559314954051793,4.7372130467698134e-05,0.01588366006987615
-0.03397044444444444,0,-0.007858980785296574,0.0003011709204203995,0.01670886853504119
-0.03397044444444444,0,-0.007858980785296574,0.00044247102511164014,0.01670886853504119
-0.0576191,0,-0.02406812865497076,0.0012649100507612554,0.01784393591574452
-0.0576191,0,-0.02406812865497076,0.0011337532876838081,0.01784393591574452
-0.07630284444444443,0,-0.032418295739348374,0.002241623793536683,0.01855781963903198
-0.07630284444444443,0,-0.032418295739348374,0.0022520249118716303,0.01855781963903198
-0.09472527777777778,0,-0.044697953216374264,0.004101846004966984,0.019429603893937202
-0.09472527777777778,0,-0.044697953216374264,0.0026275900490266113,0.019429603893937202
-0.10491641111111111,0,-0.046662698412698406,0.003442766402324746,0.01971148883154737
-0.10491641111111111,0,-0.046662698412698406,0.003734658349892804,0.01971148883154737
-0.11745934444444443,0,-0.046662698412698406,0.004910510136277926,0.019958703389489275
-0.11745934444444443,0,-0.046662698412698406,0.005546403584528149,0.019958703389489275
-0.11745934444444443,0,-0.046662698412698406,0.005663625873138372,0.019958703389489275
-0.1260826111111111,0,-0.04175083542188805,0.006823169796469726,0.019926870817606964
-0.1314394888888889,0,-0.04617151211361737,0.007207333153909717,0.020214825295260294
-0.1314394888888889,0,-0.04617151211361737,0.007365538934132082,0.020214825295260294
-0.1314394888888889,0,-0.04617151211361737,0.007361301770807866,0.020214825295260294
-0.13300735555555554,0,-0.05108337510442774,0.006753804188930645,0.020448311151785064
-0.13300735555555554,0,-0.05108337510442774,0.006742518141045271,0.020448311151785064
-0.14045472222222222,0,-0.04568032581453634,0.009010584642943029,0.020373222470077425
-0.14045472222222222,0,-0.04568032581453634,0.007352736493487558,0.020373222470077425
-0.14202258888888888,0,-0.04273320802005012,0.008374449369469242,0.02028336372480981
-0.14202258888888888,0,-0.04273320802005012,0.009148649358766699,0.02028336372480981
-0.14332914444444445,0,-0.03782134502923977,0.01054775283332141,0.020108215543258066
-0.14332914444444445,0,-0.03782134502923977,0.00966654932623145,0.020108215543258066
-0.14411307777777776,0,-0.043715580618212194,0.00940744288478783,0.02036514155075064
-0.14411307777777776,0,-0.043715580618212194,0.008275630873967425,0.02036514155075064
-0.1481634,0,-0.035365413533834586,0.010405378380854795,0.020104091725958395
-0.1481634,0,-0.035365413533834586,0.008306227171259027,0.020104091725958395
-0.1481634,0,-0.035365413533834586,0.0068979399920438295,0.020104091725958395
-0.1484247111111111,0,-0.022594569757727653,0.010004780972304499,0.019590104217952983
-0.1486860222222222,0,-0.023576942355889724,0.011619626114570132,0.00459618377949389
-0.1486860222222222,0,-0.023576942355889724,0.009543344392080544,0.015542702152624828
-0.1510378222222222,0,-0.014735588972431077,0.01125413806931343,0.015232221820019872
-0.1510378222222222,0,-0.014735588972431077,0.010249699189174087,0.015232221820019872
-0.1519524111111111,0,-0.011297284878863827,0.009860391400100987,0.003917950548542674
-0.1519524111111111,0,-0.011297284878863827,0.009707936656790392,0.013352742603758933
-0.14881667777777777,0,0.007367794486215539,0.00821817943357577,0.013132049856378994
-0.14881667777777777,0,0.007367794486215539,0.009261210028431933,0.013132049856378994
-0.1481634,0,0.008841353383458646,0.009094618195829771,0.013178200281568108
-0.1481634,0,0.008841353383458646,0.00839047955626894,0.013178200281568108
-0.14973126666666667,0,0.005894235588972431,0.0089901171167059,0.013091176172536727
-0.14973126666666667,0,0.005894235588972431,0.007884038654013123,0.013091176172536727
-0.14855536666666666,0,0.016209147869674187,0.01036322743674419,0.01348283619527148
-0.14855536666666666,0,0.016209147869674187,0.008093740550956274,0.013985672231914683
-0.1502538888888889,0,0.024559314954051795,0.007993240870718154,0.014357418244161247
-0.1502538888888889,0,0.024559314954051795,0.00873538054638952,0.014357418244161247
-0.1502538888888889,0,0.024559314954051795,0.010926564487692511,0.014357418244161247
-0.1479020888888889,0,0.02750643274853801,0.00498437923124357,0.01499345038939468
-0.1479020888888889,0,0.02750643274853801,0.004692540655593769,0.01499345038939468
-0.14986192222222222,0,0.0329094820384294,0.004263057927851604,0.015252306077021192
-0.14986192222222222,0,0.0329094820384294,0.005472711557547592,0.015252306077021192
-0.14920864444444445,0,0.02750643274853801,0.005823606941666556,0.015019506524288764
-0.14920864444444445,0,0.02750643274853801,0.004893537332276549,0.015019506524288764
-0.15116847777777778,0,0.0191562656641604,0.005056713487509789,0.014720262558710232
-0.15116847777777778,0,0.0191562656641604,0.003812355952704378,0.014720262558710232
-0.14946995555555556,0,0.023576942355889724,0.004790052063645612,0.014865286335189576
-0.14946995555555556,0,0.023576942355889724,0.0044309007866503314,0.014865286335189576
-0.1502538888888889,0,0.020629824561403505,0.0041381763760667345,0.014761592864207381
-0.1502538888888889,0,0.020629824561403505,0.004760976218294603,0.014761592864207381
-0.14920864444444445,0,0.024559314954051795,0.004186914276116852,0.014899897517870615
-0.1481634,0,0.020629824561403505,0.0043001045695875645,0.01471985010493262
-0.1481634,0,0.020629824561403505,0.0031876605188201927,0.01471985010493262
-0.14568094444444443,0,0.01326203007518797,0.004259757082350058,0.014372693354227131
-0.14568094444444443,0,0.01326203007518797,0.004499475177686974,0.014372693354227131
-0.13731898888888888,0,0.030944736842105264,0.0043558738671563065,0.014922431071188033
-0.13731898888888888,0,0.030944736842105264,0.00427413681868152,0.014922431071188033
-0.1319621111111111,0,0.012770843776106934,0.003029657058063932,0.014078717223340725
-0.1319621111111111,0,0.012770843776106934,0.003938227096402093,0.014078717223340725
-0.11719803333333333,0,0.004420676691729323,0.0033802350304180146,0.013447632506431748
-0.11719803333333333,0,0.004420676691729323,0.002677479162789099,0.013447632506431748
-0.10321788888888889,0,0.004911862990810359,0.003013817044635784,0.013187789668706547
-0.10321788888888889,0,0.004911862990810359,0.0018585652491637794,0.013187789668706547
-0.10008215555555557,0,0.009823725981620717,0.002824975090314334,0.01332277690960964
-0.10008215555555557,0,0.009823725981620717,0.001881918958589577,0.01332277690960964
-0.08819250000000001,0,0.010314912280701753,0.0012085800846500527,0.013105037810613186
-0.08819250000000001,0,0.010314912280701753,0.001967255247971586,0.013105037810613186
-0.08819250000000001,0,0.010314912280701753,0.001551360605039643,0.013105037810613186
-0.08819250000000001,0,0.012279657477025897,0.0025115489320076626,0.013184472593192576
-0.08819250000000001,0,0.012279657477025897,0.0013497183332777814,0.013184472593192576
-0.07787071111111112,0,0.014735588972431077,0.0016978111857403008,0.013078082598983506
-0.07787071111111112,0,0.014735588972431077,0.0013290135041521699,0.013078082598983506
-0.06911678888888888,0,0.00835016708437761,0.0013753615893073532,0.012644601709403657
-0.06911678888888888,0,0.00835016708437761,0.0013140155397553294,0.012644601709403657
-0.06624236666666665,0,0.0004911862990810359,0.0013276217708656885,0.012271065395412459
-0.06624236666666665,0,0.0004911862990810359,0.001616950502612193,0.012271065395412459
-0.05970958888888889,0,0.012279657477025897,0.0014088828688000664,0.012616180226035018
-0.05970958888888889,0,0.012279657477025897,0.0005976796966412361,0.012616180226035018
-0.0576191,0,0.009332539682539682,0.0008178678927719272,0.012454786257919877
-0.0576191,0,0.009332539682539682,0.0016279538799974025,0.012454786257919877
-0.0576191,0,0.009332539682539682,0.0005163700410691763,0.012454786257919877
-0.05618188888888889,0,0.009823725981620717,0.0017750164058929364,0.012446035116482528
-0.05147828888888889,0,-0.0009823725981620718,0.0017774007661557165,0.011995456682374622
-0.05147828888888889,0,-0.0009823725981620718,0.0007352613821892816,0.011995456682374622
-0.05147828888888889,0,-0.0009823725981620718,0.0005311962359717146,0.011995456682374622
-0.045860099999999994,0,0.0014735588972431077,0.0007415247482646029,0.01190278843181694
-0.045860099999999994,0,0.0014735588972431077,0.0002835841286436148,0.01190278843181694
-0.04363895555555555,0,0.007858980785296574,0.000561544406176102,0.012116078768134409
-0.04363895555555555,0,0.007858980785296574,0.0007239490569564435,0.012116078768134409
-0.04128715555555555,0,0.0029471177944862155,0.0010214041423090678,0.01187054586378491
-0.04128715555555555,0,0.0029471177944862155,0.001257283559651725,0.01187054586378491
-0.03789011111111111,0,-0.003929490392648287,0.0008452614602199385,0.01184223105369334
-0.03789011111111111,0,-0.003929490392648287,0.0011761561037680424,0.01184223105369334
-0.034885033333333336,0,0.004420676691729323,0.0006401289549589864,0.011802033273311986
-0.034885033333333336,0,0.004420676691729323,0.0005573888608199042,0.011802033273311986
-0.03305585555555556,0,-0.0024559314954051793,0.0006835728174573543,0.011686225514359414
-0.0329252,0,-0.0019647451963241435,0.0002662924065151034,0.01166385535024076
-0.02913618888888889,0,0.0034383040935672513,0.0007337056816870545,0.01164750209201635
-0.02913618888888889,0,0.0034383040935672513,0.0007040219186095526,0.01164750209201635
-0.02913618888888889,0,0.0034383040935672513,0.0005582586569132414,0.01164750209201635
-0.03018143333333333,0,0.0034383040935672513,0.00029550523641827146,0.011668383399704479
-0.03018143333333333,0,0.0034383040935672513,0.00046250678250943166,0.011668383399704479
-0.025477833333333335,0,0.004420676691729323,0.00046497282901441996,0.011614235980150564
-0.025477833333333335,0,0.004420676691729323,0.0013346745398345298,0.011614235980150564
-0.022472755555555557,0,0.005894235588972431,0.0011584971441389457,0.011614380313593037
-0.022472755555555557,0,0.005894235588972431,0.00047658574270682314,0.011614380313593037
-0.022734066666666667,0,0.0019647451963241435,0.0004610224147200413,0.011460120971602587
-0.022734066666666667,0,0.0019647451963241435,0.0004483551759759107,0.011460120971602587
-0.020251611111111113,0,0.0014735588972431077,0.0005392565373990559,0.011390719262380887
-0.020251611111111113,0,0.0014735588972431077,0.00045361597567645986,0.011390719262380887
-0.02012095555555556,0,0.003929490392648287,0.0006143633400438849,0.011487451159009527
-0.02012095555555556,0,0.003929490392648287,0.0005060108863973504,0.011487451159009527
-0.02012095555555556,0,0.003929490392648287,0.0005138348032425938,0.011487451159009527
-0.01972898888888889,0,0.0024559314954051793,0.0006779407775698034,0.011419895110882771
-0.01972898888888889,0,0.0024559314954051793,0.0002805614743292171,0.011419895110882771
-0.02012095555555556,0,0.0029471177944862155,0.00020199289287147685,0.011447593285660737
-0.02012095555555556,0,0.0029471177944862155,0.0003021751847715012,0.011447593285660737
-0.01972898888888889,0,0.0034383040935672513,0.0006578121518585477,0.011459682429672033
-0.01972898888888889,0,0.0034383040935672513,0.0006978357632053306,0.011459682429672033
-0.0199903,0,0.0014735588972431077,0.0007771269199655765,0.011385495394601364
-0.01907571111111111,0,0.0029471177944862155,0.0004257343711970401,0.011426728044033562
-0.01907571111111111,0,0.0029471177944862155,0.0004257343711970401,0.011426728044033562
-0.01907571111111111,0,0.0029471177944862155,0.0001529911996189981,0.011426728044033562
-0.0199903,0,0.0024559314954051793,0.0006187405497901248,0.011425114628124695
-0.0199903,0,0.0024559314954051793,0.0006335554799397307,0.011425114628124695
-0.02012095555555556,0,0.0009823725981620718,0.000890905190809569,0.011368359120001047
-0.02012095555555556,0,0.0009823725981620718,0.0004535372843791318,0.011368359120001047
-0.02012095555555556,0,0.0009823725981620718,0.0001882305452249714,0.011368359120001047
-0.02012095555555556,0,0.0029471177944862155,0.0002625325957803295,0.011447593285660737
-0.01972898888888889,0,0.0034383040935672513,0.0005837226418440801,0.011459682429672033
-0.01972898888888889,0,0.0034383040935672513,0.0006504917325031892,0.011459682429672033
-0.019598333333333332,0,0.0,0.00036687044074989854,0.011318531154359178
-0.019598333333333332,0,0.0029471177944862155,0.0008429808841582191,0.011437160137719553
-0.019598333333333332,0,0.0029471177944862155,0.0006895864975464883,0.011437160137719553
-0.013065555555555556,0,-0.003929490392648287,0.0008821362737281541,0.011347034328345816
-0.0009145888888888889,0,-0.0014735588972431077,0.00024787302544976135,0.011007429262350554
0.0005226222222222222,0,0.0019647451963241435,0.000637071244820126,0.011024358853221795
0.0,0,0.0,0.00041828001409693183,0.010926564487692511
0.0,0,0.0,0.0008516279536108303,0.010926564487692511
0.0,0,0.0,0.0008114893644639401,0.010926564487692511
-0.00013065555555555555,0,-0.0004911862990810359,0.0006157498284032838,0.010951013079074833
0.0,0,0.0,0.0005110126726487052,0.010926564487692511
0.0,0,0.0,0.0007396150345855079,0.010926564487692511
0.0,0,0.0,0.0007718862117904982,0.010926564487692511
0.0,0,0.0,0.0006648003797112198,0.010926564487692511
0.0,0,0.0,0.0005189829506264673,0.010926564487692511
0.0,0,0.0,0.0004530809599762725,0.010926564487692511
0.0,0,0.0,0.0005274163177691389,0.010926564487692511
0.0,0,0.0,0.0006359800018383853,0.010926564487692511
0.0,0,0.0,0.0002114816800178849,0.010926564487692511
0.0,0,0.0,0.0005369639428321338,0.010926564487692511
0.0,0,0.0,0.0005342679863769173,0.010926564487692511
0.0,0,0.0,0.0004995333926590981,0.010926564487692511
0.0,0,0.0,0.0007104750636910938,0.010926564487692511
0.0,0,0.0,0.0006032598288363045,0.010926564487692511
0.0,0,0.0,0.0007130998700001002,0.010926564487692511
0.0,0,0.0,0.0005916335083834889,0.010926564487692511
0.0,0,0.0,0.000444980223805393,0.010926564487692511
0.0,0,0.0,0.0007794761915672476,0.010926564487692511
0.0,0,0.0,0.0007067640263173082,0.010926564487692511
0.0,0,0.0,0.00040513393343893374,0.010926564487692511
0.0,0,0.0,0.00027841499351922934,0.010926564487692511
0.0,0,0.0,0.000588263435065808,0.010926564487692511
0.0,0,0.0,0.00037020259167803255,0.010926564487692511
0.0,0,0.0,0.0005140038605003726,0.010926564487692511
0.0,0,0.0,0.0008355183039004608,0.010926564487692511
0.0,0,0.0,0.0006934928504173899,0.010926564487692511
0.0,0,0.0,0.000660426193653693,0.010926564487692511
0.0,0,0.0,0.0005996563959515492,0.010926564487692511
0.0,0,0.0,0.0005245469864117685,0.010926564487692511
0.0,0,0.0,0.0006155565922090721,0.010926564487692511
0.0,0,0.0,0.0005482203880886199,0.010926564487692511
0.0,0,0.0,0.0005473928718105276,0.010926564487692511
0.0,0,0.0,0.0006394004408019388,0.010926564487692511
0.0,0,0.0,0.0007298349877555144,0.010926564487692511
0.0,0,0.0,0.0007406686316108899,0.010926564487692511
0.0,0,0.0,0.000885131189033544,0.010926564487692511
0.0,0,0.0,0.000479554332115462,0.010926564487692511
0.0,0,0.0,0.000657489357339171,0.010926564487692511
0.0,0,0.0,0.00053147538241448,0.010926564487692511
0.0,0,0.0,0.00041704743634086023,0.010926564487692511
0.0,0,0.0,0.000812089602728218,0.010926564487692511
0.0,0,0.0,0.0007374276958039674,0.010926564487692511
0.0,0,0.0,0.0005932676363706843,0.010926564487692511
0.0,0,0.0,0.0008407622749043479,0.010926564487692511
0.0,0,0.0,0.000910849400774894,0.010926564487692511
0.0,0,0.0,0.000910849400774894,0.010926564487692511
0.0,0,0.0,0.0007755209505886744,0.010926564487692511
0.0,0,0.0,0.000892863654056003,0.010926564487692511
0.0,0,0.0,0.0006283781978069891,0.010926564487692511
0.0,0,0.0,0.0006572637651913909,0.010926564487692511
0.0,0,0.0,0.0007181616370745722,0.010926564487692511
0.0,0,0.0,0.0005874384124262789,0.010926564487692511
0.0,0,0.0,0.0006009123477692017,0.010926564487692511
0.0,0,0.0,0.0006958000201849857,0.010926564487692511
0.0,0,0.0,0.0004260077245893338,0.010926564487692511
0.0,0,0.0,0.0007412862763528827,0.010926564487692511
0.0,0,0.0,0.0005405037930960358,0.010926564487692511
0.0,0,0.0,0.0007870270100673224,0.010926564487692511
0.0,0,0.0,0.000546368280531534,0.010926564487692511
0.0,0,0.0,0.0006388983502687372,0.010926564487692511
0.0,0,0.0,0.0006034240623387367,0.010926564487692511
0.0,0,0.0,0.0008420810384772975,0.010926564487692511
0.0,0,0.0,0.0003106580022256634,0.010926564487692511
0.0,0,0.0,0.0006300286158007277,0.010926564487692511
0.0,0,0.0,0.0007156963387259905,0.010926564487692511
0.0,0,0.0,0.0006948899787409192,0.010926564487692511
0.0,0,0.0,0.0006045373698942001,0.010926564487692511
0.0,0,0.0,0.0007917892438193871,0.010926564487692511
0.0,0,0.0,0.0004933424246649069,0.010926564487692511
0.0,0,0.0,0.0009468195600586819,0.010926564487692511
0.0,0,0.0,0.0007764638405343758,0.010926564487692511
0.0,0,0.0,0.0003985260677852101,0.010926564487692511
0.0,0,0.0,0.0005776639539302016,0.010926564487692511
0.0,0,0.0,0.0006744751606564741,0.010926564487692511
0.0,0,0.0,0.0005262227025088895,0.010926564487692511
0.0,0,0.0,0.0004367344058539333,0.010926564487692511
0.008884577777777777,0,0.004911862990810359,0.0007789369023297944,0.011305238205786378
0.008884577777777777,0,0.004911862990810359,0.0004038026806026513,0.011305238205786378
0.0411565,0,0.0004911862990810359,0.0006146087930728632,0.011769351793805729
0.0411565,0,0.0004911862990810359,0.0002583729316624587,0.011769351793805729
0.07251383333333333,0,-0.0014735588972431077,0.0008727654773213729,0.01243583384574008
0.07251383333333333,0,-0.0014735588972431077,0.0008311220736299063,0.01243583384574008
0.10165002222222222,0,-0.0009823725981620718,0.0014889606297169013,0.012998875795259525
0.10165002222222222,0,-0.0009823725981620718,0.000997049739279162,0.012998875795259525
0.13300735555555554,0,0.0019647451963241435,0.0034928507796029417,0.013665350193255543
0.13300735555555554,0,0.0019647451963241435,0.0025964300860007675,0.013665350193255543
0.15900781111111115,0,-0.0014735588972431077,0.00478385638888983,0.014165686021089237
0.15900781111111115,0,-0.0014735588972431077,0.0040053137528306675,0.014165686021089237
0.15939977777777775,0,-0.0029471177944862155,0.005579558097052544,0.01423253634939172
0.15939977777777775,0,-0.0029471177944862155,0.004202137871712502,0.01423253634939172
0.16175157777777777,0,-0.0009823725981620718,0.004350898123380093,0.014200900976483147
0.16175157777777777,0,-0.0009823725981620718,0.004426968903634396,0.014200900976483147
0.16175157777777777,0,-0.0009823725981620718,0.0047077959567844024,0.014200900976483147
0.16188223333333332,0,0.004420676691729323,0.003771861750120496,0.014341239145565484
0.16188223333333332,0,0.004420676691729323,0.0044009443671758535,0.014341239145565484
0.15835453333333332,0,-0.0019647451963241435,0.0037011618445758837,0.014172285939845692
0.15835453333333332,0,-0.0019647451963241435,0.004278695618877606,0.014172285939845692
0.1601837111111111,0,-0.005894235588972431,0.0034797425100020554,0.01436637270238632
0.1601837111111111,0,-0.005894235588972431,0.0038683029934340435,0.01436637270238632
0.1601837111111111,0,0.0009823725981620718,0.0038889203573495104,0.014169543741315656
0.1601837111111111,0,0.0009823725981620718,0.004619081022892182,0.014169543741315656
0.1604450222222222,0,0.0029471177944862155,0.0039409375852570375,0.01425344064159163
0.1604450222222222,0,0.0029471177944862155,0.004571040622433355,0.01425344064159163
0.1604450222222222,0,0.0029471177944862155,0.003301218591912474,0.01425344064159163
0.15861584444444446,0,0.0,0.004114959067561141,0.0140988813765814
0.15861584444444446,0,0.0,0.0033813604035941363,0.0140988813765814
0.15953043333333333,0,0.004420676691729323,0.004278884903348781,0.014294206136875608
0.15822387777777777,0,-0.0014735588972431077,0.003540631361627236,0.014150007468155605
0.15822387777777777,0,-0.0014735588972431077,0.0035443070396175536,0.014150007468155605
0.15822387777777777,0,-0.0014735588972431077,0.0035327152655035437,0.014150007468155605
0.16096764444444447,0,0.0019647451963241435,0.0038673840341780165,0.01422454749685499
0.16096764444444447,0,0.0019647451963241435,0.003667376573828254,0.01422454749685499
0.15887715555555557,0,-0.0019647451963241435,0.003802323490649385,0.014182738249497026
0.15887715555555557,0,-0.0019647451963241435,0.0036774177521588327,0.014182738249497026
0.15913846666666667,0,-0.0009823725981620718,0.0037452332408979662,0.014148638918945272
0.15953043333333333,0,-0.0024559314954051793,0.00422612082744907,0.014215473969558409
0.1592691222222222,0,0.0004911862990810359,0.004453370491056096,0.014131596930510847
0.1592691222222222,0,0.0004911862990810359,0.0039757534733190535,0.014131596930510847
0.1608369888888889,0,0.0014735588972431077,0.009259963495529641,0.014202269315579231
0.1608369888888889,0,0.0014735588972431077,0.011101460949064912,0.014202269315579231
0.15887715555555557,0,0.0009823725981620718,0.010440941412156431,0.014318309174861833
0.15887715555555557,0,0.0009823725981620718,0.0102294448454917,0.014318309174861833
0.15887715555555557,0,0.0009823725981620718,0.007536009873836303,0.014318309174861833
0.16031436666666665,0,-0.0014735588972431077,0.011113938494666268,0.014366713406489446
0.16031436666666665,0,-0.0014735588972431077,0.00867544836186177,0.014379190952090802
0.16175157777777777,0,0.0,0.008861482412577592,0.014348970050221824
0.16175157777777777,0,0.0,0.009401633029246036,0.014348970050221824
0.15939977777777775,0,0.0009823725981620718,0.010888501335921874,0.01434123913142984
0.15939977777777775,0,0.0009823725981620718,0.011305523243346017,0.01434123913142984
0.16096764444444447,0,-0.004911862990810359,0.009669798142651254,0.014721602596215187
0.15966108888888889,0,0.0019647451963241435,0.00878511090738231,0.014577375471282078
0.1107959111111111,0,0.017682706766917293,0.005686120581445867,0.014233488633947232
0.1107959111111111,0,0.017682706766917293,0.006003855071533632,0.014233488633947232
0.0006532777777777777,0,0.02701524644945697,0.00043095226647304395,0.012608043091230828
0.0006532777777777777,0,0.02701524644945697,0.0012809540956478563,0.012608043091230828
0.0013065555555555554,0,-0.005894235588972431,8.278617892367915e-05,0.011596237074573126
0.0005226222222222222,0,0.0019647451963241435,0.0001423132245678371,0.0114033176088753
0.0005226222222222222,0,0.0019647451963241435,0.0006481066136746808,0.0114033176088753
0.0,0,-0.0019647451963241435,0.00010786191618949008,0.01140022396180884
-0.00013065555555555555,0,-0.0004911862990810359,0.0006072077115439096,0.011329971834728338
0.00013065555555555555,0,-0.0004911862990810359,0.0007000744491915621,0.011329971834728338
0.00013065555555555555,0,-0.0004911862990810359,0.0005364795685659915,0.011329971834728338
0.00013065555555555555,0,-0.0004911862990810359,0.0006951342424639723,0.011329971834728338
0.0,0,0.0,0.0008992979221598886,0.011305523243346017
0.0,0,0.0,0.0004882533801424901,0.011305523243346017
0.0,0,0.0,0.000669979096275253,0.011305523243346017
0.0,0,0.0,0.0006055125945677387,0.011305523243346017
0.0,0,0.0,0.0005331839499186633,0.011305523243346017
