vx,vy,vz,rmse_xy,rmse_threshold
0,0,0,0.014760832,0.05
0,0,0,0.010165436,0.05
0,0,0,0.012911421,0.05
0,0,0,0.015696462,0.05
0,0,0,0.008458208,0.05
0,0,0,0.019046383,0.05
0,0,0,0.015174965,0.05
0,0,0,0.015160356,0.05
0,0,0,0.010818182,0.05
0,0,0,0.008854278,0.05
0,0,0,0.010886579,0.05
0,0,0,0.012996313,0.05
0,0,0,0.011037213,0.05
0,0,0,0.008549962,0.05
0,0,0,0.016382512,0.05
0,0,0,0.00824722,0.05
0,0,0,0.014901803,0.05
0,0,0,0.016456846,0.05
0,0,0,0.015232448,0.05
0,0,0,0.013027768,0.05
0,0,0,0.013999364,0.05
0,0,0,0.012374001,0.05
0,0,0,0.010724308,0.05
0,0,0,0.010459999,0.05
0,0,0,0.011213549,0.05
0,0,0,0.010316142,0.05
0,0,0,0.016243746,0.05
0,0,0,0.00969029,0.05
0,0,0,0.016030038,0.05
0,0,0,0.014349177,0.05
0,0,0,0.012071678,0.05
0,0,0,0.00821271,0.05
0,0,0,0.012431501,0.05
0,0,0,0.01622976,0.05
0,0,0,0.008664404,0.05
0,0,0,0.014930222,0.05
0,0,0,0.014551008,0.05
0,0,0,0.012707198,0.05
0,0,0,0.014633287,0.05
0,0,0,0.018406591,0.05
0,0,0,0.00988784,0.05
0,0,0,0.009883178,0.05
0,0,0,0.009632111,0.05
0,0,0,0.013877398,0.05
0,0,0,0.012174749,0.05
0,0,0,0.011536607,0.05
0,0,0,0.008948298,0.05
0,0,0,0.016363448,0.05
0,0,0,0.016037838,0.05
0,0,0,0.014830381,0.05
0,0,0,0.014322682,0.05
0,0,0,0.01478103,0.05
0,0,0,0.011498554,0.05
0,0,0,0.013660613,0.05
0,0,0,0.0078804,0.05
0,0,0,0.012904451,0.05
0,0,0,0.015020522,0.05
0,0,0,0.016056727,0.05
0,0,0,0.0115169,0.05
0,0,0,0.014645927,0.05
0,0,0,0.011579635,0.05
0,0,0,0.01170469,0.05
0,0,0,0.014264885,0.05
0,0,0,0.013379276,0.05
0,0,0,0.011091192,0.05
0,0,0,0.017554779,0.05
0,0,0,0.014147861,0.05
0,0,0,0.010253488,0.05
0,0,0,0.010321227,0.05
0,0,0,0.014158595,0.05
0,0,0,0.015826941,0.05
0,0,0,0.012768465,0.05
0,0,0,0.007184246,0.05
0,0,0,0.016727986,0.05
0,0,0,0.009312566,0.05
0,0,0,0.013976732,0.05
0,0,0,0.014087345,0.05
0,0,0,0.014567853,0.05
0,0,0,0.011461497,0.05
0,0,0,0.007461024,0.05
0,0,0,0.017543982,0.05
0,0,0,0.009840633,0.05
0,0,0,0.011314522,0.05
0,0,0,0.009137429,0.05
0,0,0,0.016082734,0.05
0,0,0,0.015885842,0.05
0,0,0,0.015692279,0.05
0,0,0,0.011266389,0.05
0,0,0,0.0150264,0.05
0,0,0,0.011913463,0.05
0,0,0,0.013144747,0.05
0,0,0,0.010483746,0.05
0,0,0,0.011191819,0.05
0,0,0,0.016106477,0.05
0,0,0,0.015234445,0.05
0,0,0,0.01097206,0.05
0,0,0,0.014576756,0.05
0,0,0,0.007669609,0.05
0,0,0,0.010038999,0.05
0,0,0,0.008314827,0.05
0,0,0,0.016587025,0.05
0,0,0,0.009214834,0.05
0,0,0,0.015631177,0.05
0,0,0,0.007827997,0.05
0,0,0,0.011085804,0.05
0,0,0,0.013969608,0.05
0,0,0,0.014225839,0.05
0,0,0,0.014024881,0.05
0,0,0,0.010751862,0.05
0,0,0,0.015815718,0.05
0,0,0,0.013242325,0.05
0,0,0,0.012270259,0.05
0,0,0,0.008499791,0.05
0,0,0,0.012758896,0.05
0,0,0,0.01211808,0.05
0,0,0,0.009315024,0.05
0,0,0,0.012035504,0.05
0,0,0,0.013217598,0.05
0,0,0,0.013795454,0.05
0,0,0,0.010787007,0.05
0,0,0,0.009410029,0.05
0,0,0,0.013173774,0.05
0,0,0,0.014737692,0.05
0,0,0,0.014293833,0.05
0,0,0,0.011609879,0.05
0,0,0,0.016435928,0.05
0,0,0,0.010204569,0.05
0,0,0,0.010702469,0.05
0,0,0,0.009775999,0.05
0,0,0,0.014765055,0.05
0,0,0,0.014791062,0.05
0,0,0,0.014930291,0.05
0,0,0,0.01354238,0.05
0,0,0,0.014141117,0.05
0,0,0,0.010461559,0.05
0,0,0,0.013408336,0.05
0,0,0,0.012593244,0.05
0,0,0,0.00996475,0.05
0,0,0,0.015279483,0.05
0,0,0,0.012440515,0.05
0,0,0,0.013477483,0.05
0,0,0,0.014359172,0.05
0,0,0,0.012353245,0.05
0,0,0,0.013515818,0.05
0,0,0,0.013779026,0.05
0,0,0,0.01225393,0.05
0,0,0,0.009223318,0.05
0,0,0,0.015942708,0.05
0,0,0,0.01671264,0.05
0,0,0,0.009906014,0.05
0,0,0,0.018963966,0.05
0,0,0,0.012601908,0.05
0,0,0,0.011292779,0.05
0,0,0,0.008194393,0.05
0,0,0,0.011116887,0.05
0,0,0,0.01258112,0.05
0,0,0,0.008002073,0.05
0,0,0,0.012309086,0.05
0,0,0,0.012483399,0.05
0,0,0,0.011124926,0.05
0,0,0,0.01604433,0.05
0,0,0,0.012833508,0.05
0,0,0,0.016039087,0.05
0,0,0,0.015063891,0.05
0,0,0,0.017040486,0.05
0,0,0,0.012168671,0.05
0,0,0,0.00954791,0.05
0,0,0,0.010892202,0.05
0,0,0,0.008782774,0.05
0,0,0,0.00863747,0.05
0,0,0,0.011455339,0.05
0,0,0,0.019622823,0.05
0,0,0,0.011711049,0.05
0,0,0,0.010496314,0.05
0,0,0,0.009333587,0.05
0,0,0,0.006774341,0.05
0,0,0,0.010480018,0.05
0,0,0,0.009509262,0.05
0,0,0,0.01651066,0.05
0,0,0,0.013175581,0.05
0,0,0,0.013675867,0.05
0,0,0,0.009911738,0.05
0,0,0,0.015029914,0.05
0,0,0,0.008911143,0.05
0,0,0,0.012891249,0.05
0,0,0,0.009772102,0.05
0,0,0,0.011878478,0.05
0,0,0,0.010328113,0.05
0,0,0,0.015194718,0.05
0,0,0,0.008300863,0.05
0,0,0,0.015606868,0.05
0,0,0,0.013958543,0.05
0,0,0,0.011314266,0.05
0,0,0,0.009040843,0.05
0,0,0,0.009416547,0.05
0,0,0,0.01435184,0.05
0,0,0,0.012443052,0.05
0,0,0,0.014011778,0.05
0,0,0,0.017893744,0.05
0,0,0,0.014387835,0.05
0,0,0,0.013767861,0.05
0,0,0,0.008761115,0.05
0,0,0,0.014513116,0.05
0,0,0,0.016400967,0.05
0,0,0,0.01760023,0.05
0,0,0,0.010469325,0.05
0,0,0,0.00923845,0.05
0,0,0,0.013482815,0.05
0,0,0,0.010532624,0.05
0,0,0,0.016119886,0.05
0,0,0,0.014705464,0.05
0,0,0,0.013044412,0.05
0,0,0,0.01284614,0.05
0,0,0,0.015411425,0.05
0,0,0,0.015822289,0.05
0,0,0,0.014127867,0.05
0,0,0,0.016727269,0.05
0,0,0,0.014427357,0.05
0,0,0,0.018203479,0.05
0,0,0,0.010240727,0.05
0,0,0,0.0069448,0.05
0,0,0,0.011467535,0.05
0,0,0,0.015035968,0.05
0,0,0,0.012465985,0.05
0,0,0,0.018058822,0.05
0,0,0,0.013695047,0.05
0,0,0,0.012904349,0.05
0,0,0,0.012916494,0.05
0,0,0,0.015026233,0.05
0,0,0,0.015174541,0.05
0,0,0,0.01457549,0.05
0,0,0,0.018197803,0.05
0,0,0,0.015078765,0.05
0,0,0,0.012736078,0.05
0,0,0,0.013189366,0.05
0,0,0,0.013328544,0.05
0,0,0,0.014602495,0.05
0,0,0,0.009345076,0.05
0,0,0,0.009220542,0.05
0,0,0,0.010788273,0.05
0,0,0,0.009816911,0.05
0,0,0,0.011861934,0.05
0,0,0,0.01309254,0.05
0,0,0,0.011583346,0.05
0,0,0,0.010745644,0.05
0,0,0,0.012668298,0.05
0,0,0,0.016501256,0.05
0,0,0,0.012573654,0.05
0,0,0,0.013389919,0.05
0,0,0,0.009665243,0.05
0,0,0,0.014500535,0.05
0,0,0,0.013880733,0.05
0,0,0,0.014346702,0.05
0,0,0,0.015273055,0.05
0,0,0,0.006833851,0.05
0,0,0,0.010011522,0.05
0,0,0,0.013377361,0.05
0,0,0,0.01037466,0.05
0,0,0,0.011866279,0.05
0,0,0,0.013280636,0.05
0,0,0,0.017116482,0.05
0,0,0,0.012967947,0.05
0,0,0,0.012457377,0.05
0,0,0,0.010226245,0.05
0,0,0,0.012632742,0.05
0,0,0,0.012355619,0.05
0,0,0,0.007853656,0.05
0,0,0,0.014570724,0.05
0,0,0,0.008713173,0.05
0,0,0,0.012936499,0.05
0,0,0,0.014486234,0.05
0,0,0,0.01400529,0.05
0,0,0,0.012620553,0.05
0,0,0,0.006739311,0.05
0,0,0,0.012572907,0.05
0,0,0,0.013337683,0.05
0,0,0,0.011296543,0.05
0,0,0,0.013206179,0.05
0,0,0,0.012395622,0.05
0,0,0,0.015338468,0.05
0,0,0,0.013419566,0.05
0,0,0,0.0134253,0.05
0,0,0,0.015751674,0.05
0,0,0,0.016138343,0.05
0,0,0,0.011531769,0.05
0,0,0,0.016639557,0.05
0,0,0,0.011074821,0.05
0,0,0,0.01355538,0.05
0,0,0,0.013929299,0.05
0,0,0,0.008799243,0.05
0,0,0,0.011714832,0.05
0,0,0,0.012966217,0.05
0,0,0,0.012918141,0.05
0,0,0,0.011647215,0.05
0,0,0,0.019532282,0.05
0,0,0,0.012342864,0.05
0,0,0,0.010843553,0.05
0,0,0,0.008029434,0.05
0,0,0,0.016674022,0.05
0,0,0,0.01572517,0.05
0,0,0,0.015312677,0.05
0,0,0,0.010811315,0.05
0,0,0,0.009069083,0.05
0,0,0,0.009911011,0.05
0,0,0,0.009895079,0.05
0,0,0,0.016360774,0.05
0,0,0,0.016483024,0.05
0,0,0,0.010775949,0.05
0,0,0,0.012038117,0.05
0,0,0,0.015857674,0.05
0,0,0,0.011032225,0.05
0,0,0,0.01145617,0.05
0,0,0,0.009837065,0.05
0,0,0,0.019806848,0.05
0,0,0,0.01448702,0.05
0,0,0,0.015346405,0.05
0,0,0,0.016444276,0.05
0,0,0,0.010988839,0.05
0,0,0,0.007051547,0.05
0,0,0,0.013660996,0.05
0,0,0,0.011369502,0.05
0,0,0,0.012237238,0.05
0,0,0,0.013713245,0.05
0,0,0,0.010041157,0.05
0,0,0,0.011618243,0.05
0,0,0,0.012485411,0.05
0,0,0,0.01624557,0.05
0,0,0,0.01404644,0.05
0,0,0,0.013879529,0.05
0,0,0,0.012781804,0.05
0,0,0,0.015216097,0.05
0,0,0,0.013887089,0.05
0,0,0,0.012426559,0.05
0,0,0,0.018020224,0.05
0,0,0,0.017224057,0.05
0,0,0,0.017597177,0.05
0,0,0,0.012544599,0.05
0,0,0,0.01389655,0.05
0,0,0,0.012571631,0.05
0,0,0,0.013659827,0.05
0,0,0,0.009840155,0.05
0,0,0,0.010418242,0.05
0,0,0,0.014351398,0.05
0,0,0,0.011644857,0.05
0,0,0,0.010717059,0.05
0,0,0,0.017961681,0.05
0,0,0,0.013952398,0.05
0,0,0,0.012668379,0.05
0,0,0,0.015378337,0.05
0,0,0,0.010556373,0.05
0,0,0,0.012072975,0.05
0,0,0,0.008079111,0.05
0,0,0,0.010817597,0.05
0,0,0,0.011487536,0.05
0,0,0,0.010382967,0.05
0,0,0,0.007714941,0.05
0,0,0,0.015967238,0.05
0,0,0,0.010106112,0.05
0,0,0,0.012687806,0.05
0,0,0,0.013589209,0.05
0,0,0,0.012608422,0.05
0,0,0,0.011142217,0.05
0,0,0,0.011142217,0.05
0,0,0,0.016359127,0.05
0,0,0,0.016428368,0.05
0,0,0,0.013606792,0.05
0,0,0,0.013691745,0.05
0,0,0,0.01202521,0.05
0,0,0,0.011120659,0.05
0,0,0,0.012503895,0.05
0,0,0,0.011450357,0.05
0,0,0,0.012264719,0.05
0,0,0,0.012071228,0.05
0,0,0,0.010921576,0.05
0,0,0,0.007978482,0.05
0,0,0,0.01343659,0.05
0,0,0,0.012146765,0.05
0,0,0,0.010463828,0.05
0,0,0,0.009593059,0.05
0,0,0,0.013566668,0.05
0,0,0,0.014933981,0.05
0,0,0,0.012471834,0.05
0,0,0,0.014259754,0.05
0,0,0,0.011036117,0.05
0,0,0,0.015197007,0.05
0,0,0,0.010204274,0.05
0,0,0,0.018651158,0.05
0,0,0,0.01471385,0.05
0,0,0,0.011203581,0.05
0,0,0,0.011676668,0.05
0,0,0,0.017198497,0.05
0,0,0,0.014852249,0.05
0,0,0,0.012016765,0.05
0,0,0,0.010187692,0.05
0,0,0,0.017604615,0.05
0,0,0,0.010930653,0.05
0,0,0,0.01031723,0.05
0,0,0,0.012010751,0.05
0,0,0,0.013971831,0.05
0,0,0,0.013404559,0.05
0,0,0,0.012626548,0.05
0,0,0,0.009395144,0.05
0,0,0,0.013583765,0.05
0,0,0,0.010993078,0.05
0,0,0,0.013651897,0.05
0,0,0,0.010061696,0.05
0,0,0,0.010884141,0.05
0,0,0,0.012428718,0.05
0,0,0,0.009709895,0.05
0,0,0,0.009871957,0.05
0,0,0,0.015554327,0.05
0,0,0,0.011768878,0.05
0,0,0,0.008422083,0.05
0,0,0,0.013345162,0.05
0,0,0,0.009893618,0.05
0,0,0,0.011650101,0.05
0,0,0,0.016347794,0.05
0,0,0,0.006171287,0.05
0,0,0,0.012754167,0.05
0,0,0,0.014340826,0.05
0,0,0,0.017294145,0.05
0,0,0,0.012525186,0.05
0,0,0,0.013399574,0.05
0,0,0,0.015637541,0.05
0,0,0,0.010322487,0.05
0,0,0,0.010472132,0.05
0,0,0,0.013524731,0.05
0,0,0,0.013297602,0.05
0,0,0,0.015586219,0.05
0,0,0,0.013588686,0.05
0,0,0,0.00789351,0.05
0,0,0,0.006762292,0.05
0,0,0,0.013979154,0.05
0,0,0,0.011409763,0.05
0,0,0,0.008728705,0.05
0,0,0,0.017738709,0.05
0,0,0,0.009977824,0.05
0,0,0,0.013499666,0.05
0,0,0,0.012805771,0.05
0,0,0,0.011443978,0.05
0,0,0,0.0080533,0.05
0,0,0,0.009936241,0.05
0,0,0,0.011608493,0.05
0,0,0,0.014029957,0.05
0,0,0,0.009983221,0.05
0,0,0,0.011965688,0.05
0,0,0,0.012134221,0.05
0,0,0,0.012285866,0.05
0,0,0,0.015475549,0.05
0,0,0,0.016545155,0.05
0,0,0,0.01256954,0.05
0,0,0,0.012696876,0.05
0,0,0,0.016305173,0.05
0,0,0,0.007176774,0.05
0,0,0,0.016555676,0.05
0,0,0,0.011731751,0.05
0,0,0,0.010093292,0.05
0,0,0,0.014660407,0.05
0,0,0,0.014505639,0.05
0,0,0,0.007567508,0.05
0,0,0,0.010356221,0.05
0,0,0,0.008970892,0.05
0,0,0,0.012808625,0.05
0,0,0,0.010891217,0.05
0,0,0,0.014286777,0.05
0,0,0,0.009625582,0.05
0,0,0,0.016528894,0.05
0,0,0,0.01245505,0.05
0,0,0,0.01543478,0.05
0,0,0,0.01110433,0.05
0,0,0,0.01044587,0.05
0,0,0,0.01701575,0.05
0,0,0,0.013632544,0.05
0,0,0,0.013759855,0.05
0,0,0,0.007524029,0.05
0,0,0,0.010580509,0.05
0,0,0,0.01458083,0.05
0,0,0,0.013033349,0.05
0,0,0,0.013640307,0.05
0,0,0,0.014002653,0.05
0,0,0,0.015817905,0.05
0,0,0,0.01566064,0.05
0,0,0,0.009209333,0.05
0,0,0,0.007954879,0.05
0,0,0,0.009957089,0.05
0,0,0,0.013150705,0.05
0,0,0,0.014558583,0.05
0,0,0,0.011307998,0.05
0,0,0,0.011867563,0.05
0,0,0,0.016580486,0.05
0,0,0,0.018757742,0.05
0,0,0,0.0119868,0.05
0,0,0,0.017410898,0.05
0,0,0,0.015693752,0.05
0,0,0,0.01552848,0.05
0,0,0,0.013257318,0.05
0,0,0,0.009815504,0.05
0,0,0,0.012012662,0.05
0,0,0,0.017487234,0.05
0,0,0,0.010359612,0.05
0,0,0,0.014037061,0.05
0,0,0,0.013472712,0.05
0,0,0,0.012379782,0.05
0,0,0,0.013503879,0.05
0,0,0,0.015866853,0.05
0,0,0,0.015171558,0.05
0,0,0,0.012030126,0.05
0,0,0,0.012491425,0.05
0,0,0,0.011301204,0.05
0,0,0,0.017062946,0.05
0,0,0,0.01288241,0.05
0,0,0,0.008093803,0.05
0,0,0,0.013000054,0.05
0,0,0,0.013511571,0.05
0,0,0,0.012998691,0.05
0,0,0,0.012367667,0.05
0,0,0,0.011761461,0.05
0,0,0,0.011854354,0.05
0,0,0,0.006362245,0.05
0,0,0,0.012083476,0.05
0,0,0,0.009341546,0.05
0,0,0,0.008799065,0.05
0,0,0,0.011464082,0.05
0,0,0,0.017166588,0.05
0,0,0,0.013438302,0.05
0,0,0,0.011912739,0.05
0,0,0,0.01374399,0.05
0,0,0,0.009749386,0.05
0,0,0,0.011779635,0.05
0,0,0,0.012576698,0.05
0,0,0,0.014066569,0.05
0,0,0,0.016573292,0.05
0,0,0,0.015904448,0.05
0,0,0,0.013319087,0.05
0,0,0,0.014454988,0.05
0,0,0,0.011883588,0.05
0,0,0,0.012566574,0.05
0,0,0,0.014203052,0.05
0,0,0,0.013678176,0.05
0,0,0,0.013540645,0.05
0,0,0,0.011146255,0.05
0,0,0,0.013320729,0.05
0,0,0,0.015158805,0.05
0,0,0,0.014727313,0.05
0,0,0,0.009396093,0.05
0,0,0,0.010351468,0.05
0,0,0,0.015217989,0.05
0,0,0,0.009376749,0.05
0,0,0,0.008854059,0.05
0,0,0,0.012851327,0.05
0,0,0,0.016878818,0.05
0,0,0,0.011736078,0.05
0,0,0,0.013061354,0.05
0,0,0,0.011674948,0.05
0,0,0,0.014866557,0.05
0,0,0,0.011368555,0.05
0,0,0,0.01275731,0.05
0,0,0,0.011302579,0.05
0,0,0,0.008091806,0.05
0,0,0,0.017690392,0.05
0,0,0,0.015002484,0.05
0,0,0,0.007222004,0.05
0,0,0,0.010258629,0.05
0,0,0,0.014144304,0.05
0,0,0,0.008868036,0.05
0,0,0,0.01002647,0.05
0,0,0,0.011385502,0.05
0,0,0,0.01524864,0.05
0,0,0,0.010567191,0.05
0,0,0,0.009600616,0.05
0,0,0,0.012193462,0.05
0,0,0,0.011050485,0.05
0,0,0,0.013448347,0.05
0,0,0,0.009774179,0.05
0,0,0,0.011416599,0.05
0,0,0,0.015877653,0.05
0,0,0,0.009343957,0.05
0,0,0,0.015864411,0.05
0,0,0,0.012925894,0.05
0,0,0,0.017611436,0.05
0,0,0,0.011918103,0.05
0,0,0,0.011694279,0.05
0,0,0,0.009112457,0.05
0,0,0,0.018364051,0.05
0,0,0,0.013004987,0.05
0,0,0,0.013122472,0.05
0,0,0,0.009557702,0.05
0,0,0,0.013091728,0.05
0,0,0,0.0088993,0.05
0,0,0,0.011618155,0.05
0,0,0,0.010205664,0.05
0,0,0,0.013009157,0.05
0,0,0,0.01236371,0.05
0,0,0,0.013868963,0.05
0,0,0,0.014109078,0.05
0,0,0,0.012587689,0.05
0,0,0,0.015977187,0.05
0,0,0,0.012978822,0.05
0,0,0,0.016537417,0.05
0,0,0,0.008263117,0.05
0,0,0,0.017069439,0.05
0,0,0,0.012606185,0.05
0,0,0,0.009613175,0.05
0,0,0,0.010486646,0.05
0,0,0,0.012415946,0.05
0,0,0,0.013750061,0.05
0,0,0,0.01063881,0.05
0,0,0,0.009115192,0.05
0,0,0,0.012406917,0.05
0,0,0,0.012812167,0.05
0,0,0,0.008918339,0.05
0,0,0,0.013427647,0.05
0,0,0,0.016904371,0.05
0,0,0,0.011752874,0.05
0,0,0,0.015181804,0.05
0,0,0,0.014785638,0.05
0,0,0,0.009790502,0.05
0,0,0,0.013552691,0.05
0,0,0,0.01821062,0.05
0,0,0,0.015933665,0.05
0,0,0,0.01501057,0.05
0,0,0,0.016665344,0.05
0,0,0,0.013808929,0.05
0,0,0,0.013371867,0.05
0,0,0,0.011055114,0.05
0,0,0,0.011055114,0.05
0,0,0,0.013002117,0.05
0,0,0,0.013490611,0.05
0,0,0,0.015475648,0.05
0,0,0,0.010454371,0.05
0,0,0,0.013226824,0.05
0,0,0,0.01465654,0.05
0,0,0,0.012969099,0.05
0,0,0,0.014116314,0.05
0,0,0,0.008503208,0.05
0,0,0,0.01609055,0.05
0,0,0,0.009084864,0.05
0,0,0,0.009651194,0.05
0,0,0,0.013632393,0.05
0,0,0,0.010542059,0.05
0,0,0,0.01376116,0.05
0,0,0,0.007904058,0.05
0,0,0,0.01486207,0.05
0,0,0,0.015096191,0.05
0,0,0,0.012974163,0.05
0,0,0,0.019926424,0.05
0,0,0,0.009015339,0.05
0,0,0,0.014500301,0.05
0,0,0,0.009534044,0.05
0,0,0,0.012990502,0.05
0,0,0,0.016004307,0.05
0,0,0,0.016004307,0.05
0,0,0,0.01427438,0.05
0,0,0,0.010172906,0.05
0,0,0,0.015603828,0.05
0,0,0,0.010619315,0.05
0,0,0,0.013905463,0.05
0,0,0,0.014870427,0.05
0,0,0,0.016770609,0.05
0,0,0,0.007225008,0.05
0,0,0,0.016592884,0.05
0,0,0,0.009305675,0.05
0,0,0,0.016650688,0.05
0,0,0,0.012562201,0.05
0,0,0,0.01224898,0.05
0,0,0,0.015818713,0.05
0,0,0,0.013253176,0.05
0,0,0,0.010256064,0.05
0,0,0,0.00836572,0.05
0,0,0,0.01791547,0.05
0,0,0,0.017693252,0.05
0,0,0,0.011208605,0.05
0,0,0,0.010807771,0.05
0,0,0,0.012331457,0.05
0,0,0,0.010596344,0.05
0,0,0,0.013279071,0.05
0,0,0,0.008988328,0.05
0,0,0,0.010770752,0.05
0,0,0,0.008408958,0.05
0,0,0,0.018065639,0.05
0,0,0,0.016461064,0.05
0,0,0,0.015590339,0.05
0,0,0,0.013648767,0.05
0,0,0,0.013648767,0.05
0,0,0,0.01530601,0.05
0,0,0,0.010271525,0.05
0,0,0,0.011910197,0.05
0,0,0,0.014592183,0.05
0,0,0,0.013264837,0.05
0,0,0,0.011901502,0.05
0,0,0,0.014795892,0.05
0,0,0,0.018331127,0.05
0,0,0,0.010628997,0.05
0,0,0,0.012428715,0.05
0,0,0,0.01286819,0.05
0,0,0,0.012921501,0.05
0,0,0,0.01110694,0.05
0,0,0,0.015056603,0.05
0,0,0,0.014313142,0.05
0,0,0,0.01024558,0.05
0,0,0,0.012724599,0.05
0,0,0,0.009304903,0.05
0,0,0,0.010365541,0.05
0,0,0,0.013832441,0.05
0,0,0,0.011833594,0.05
0,0,0,0.011584344,0.05
0,0,0,0.012962812,0.05
0,0,0,0.017320736,0.05
0,0,0,0.00947335,0.05
0,0,0,0.011664234,0.05
0,0,0,0.010083908,0.05
0,0,0,0.012935335,0.05
0,0,0,0.012613229,0.05
0,0,0,0.010367239,0.05
0,0,0,0.00993175,0.05
0,0,0,0.012228783,0.05
0,0,0,0.016028483,0.05
0,0,0,0.011016289,0.05
0,0,0,0.012338302,0.05
0,0,0,0.013808785,0.05
0,0,0,0.014163148,0.05
0,0,0,0.011997441,0.05
0,0,0,0.018582465,0.05
0,0,0,0.011954352,0.05
0,0,0,0.015406494,0.05
0,0,0,0.012585075,0.05
0,0,0,0.010796633,0.05
0,0,0,0.011281519,0.05
0,0,0,0.008818596,0.05
0,0,0,0.009164216,0.05
0,0,0,0.013594149,0.05
0,0,0,0.015199651,0.05
0,0,0,0.015779818,0.05
0,0,0,0.011333569,0.05
0,0,0,0.014690183,0.05
0,0,0,0.015590472,0.05
0,0,0,0.013593507,0.05
0,0,0,0.010572727,0.05
0,0,0,0.012923834,0.05
0,0,0,0.0108214,0.05
0,0,0,0.008248256,0.05
0,0,0,0.011869712,0.05
0,0,0,0.012114988,0.05
0,0,0,0.008197665,0.05
0,0,0,0.015904799,0.05
0,0,0,0.014893989,0.05
0,0,0,0.015690837,0.05
0,0,0,0.012379317,0.05
0,0,0,0.016270298,0.05
0,0,0,0.008959813,0.05
0,0,0,0.012370305,0.05
0,0,0,0.013440879,0.05
0,0,0,0.01211304,0.05
0,0,0,0.0113866,0.05
0,0,0,0.014013731,0.05
0,0,0,0.012966951,0.05
0,0,0,0.007842277,0.05
0,0,0,0.010096965,0.05
0,0,0,0.008382188,0.05
0,0,0,0.013094928,0.05
0,0,0,0.010015374,0.05
0,0,0,0.010015374,0.05
0,0,0,0.014858247,0.05
0,0,0,0.01226048,0.05
0,0,0,0.013133588,0.05
0,0,0,0.016060059,0.05
0,0,0,0.01651534,0.05
0,0,0,0.012487605,0.05
0,0,0,0.011083813,0.05
0,0,0,0.013192104,0.05
0,0,0,0.015977473,0.05
0,0,0,0.015629257,0.05
0,0,0,0.010981083,0.05
0,0,0,0.009490466,0.05
0,0,0,0.016478239,0.05
0,0,0,0.012404897,0.05
0,0,0,0.011700681,0.05
0,0,0,0.011879884,0.05
0,0,0,0.015447961,0.05
0,0,0,0.008879296,0.05
0,0,0,0.013199679,0.05
0,0,0,0.01609958,0.05
0,0,0,0.009098897,0.05
0,0,0,0.019318864,0.05
0,0,0,0.007590427,0.05
0,0,0,0.010975837,0.05
0,0,0,0.012459086,0.05
0,0,0,0.009988589,0.05
0,0,0,0.016344886,0.05
0,0,0,0.013057869,0.05
0,0,0,0.009820887,0.05
0,0,0,0.008691909,0.05
0,0,0,0.01180013,0.05
0,0,0,0.010920734,0.05
0,0,0,0.013193441,0.05
0,0,0,0.01264667,0.05
0,0,0,0.015815374,0.05
0,0,0,0.015815374,0.05
0,0,0,0.01454674,0.05
0,0,0,0.01148622,0.05
0,0,0,0.006910445,0.05
0,0,0,0.010884967,0.05
0,0,0,0.015078624,0.05
0,0,0,0.012623905,0.05
0,0,0,0.014436286,0.05
0,0,0,0.01235342,0.05
0,0,0,0.017414497,0.05
0,0,0,0.010572873,0.05
0,0,0,0.012722559,0.05
0,0,0,0.00878735,0.05
0,0,0,0.008408004,0.05
0,0,0,0.012181636,0.05
0,0,0,0.010883872,0.05
0,0,0,0.012309426,0.05
0,0,0,0.00922331,0.05
0,0,0,0.016983538,0.05
0,0,0,0.011223363,0.05
0,0,0,0.010423732,0.05
0,0,0,0.009084347,0.05
0,0,0,0.017959209,0.05
0,0,0,0.012222946,0.05
0,0,0,0.008504185,0.05
0,0,0,0.014952975,0.05
0,0,0,0.009428824,0.05
0,0,0,0.014428999,0.05
0,0,0,0.009907065,0.05
0,0,0,0.014632,0.05
0,0,0,0.009622086,0.05
0,0,0,0.017699197,0.05
0,0,0,0.012684923,0.05
0,0,0,0.012448366,0.05
0,0,0,0.009885154,0.05
0,0,0,0.012905728,0.05
0,0,0,0.009601357,0.05
0,0,0,0.017186102,0.05
0,0,0,0.016883531,0.05
0,0,0,0.014290656,0.05
0,0,0,0.011896962,0.05
0,0,0,0.01639987,0.05
0,0,0,0.014382908,0.05
0,0,0,0.014207313,0.05
0,0,0,0.015861716,0.05
0,0,0,0.011120068,0.05
0,0,0,0.016654323,0.05
0,0,0,0.01347821,0.05
0,0,0,0.014387469,0.05
0,0,0,0.012378817,0.05
0,0,0,0.007195228,0.05
0,0,0,0.015999785,0.05
0,0,0,0.013186873,0.05
0,0,0,0.016883476,0.05
0,0,0,0.011071836,0.05
0,0,0,0.013225347,0.05
0,0,0,0.011305394,0.05
0,0,0,0.010384798,0.05
0,0,0,0.010538348,0.05
0,0,0,0.011514768,0.05
0,0,0,0.011714866,0.05
0,0,0,0.015705941,0.05
0,0,0,0.010702155,0.05
0,0,0,0.011534422,0.05
0,0,0,0.015728972,0.05
0,0,0,0.015890666,0.05
0,0,0,0.015562106,0.05
0,0,0,0.008685291,0.05
0,0,0,0.011783879,0.05
0,0,0,0.010276558,0.05
0,0,0,0.013747007,0.05
0,0,0,0.013585835,0.05
0,0,0,0.015469202,0.05
0,0,0,0.016013362,0.05
0,0,0,0.012260609,0.05
0,0,0,0.008734309,0.05
0,0,0,0.015966999,0.05
0,0,0,0.008725203,0.05
0,0,0,0.013315,0.05
0,0,0,0.01122592,0.05
0,0,0,0.011336357,0.05
0,0,0,0.01384378,0.05
0,0,0,0.012755976,0.05
0,0,0,0.014456527,0.05
0,0,0,0.012061173,0.05
0,0,0,0.016197962,0.05
0,0,0,0.009482834,0.05
0,0,0,0.015155288,0.05
0,0,0,0.014292781,0.05
0,0,0,0.009547747,0.05
0,0,0,0.012341704,0.05
0,0,0,0.016084558,0.05
0,0,0,0.01040867,0.05
0,0,0,0.016088526,0.05
0,0,0,0.014199115,0.05
0,0,0,0.013267246,0.05
0,0,0,0.015561674,0.05
0,0,0,0.0135605,0.05
0,0,0,0.013283651,0.05
0,0,0,0.009991859,0.05
0,0,0,0.009785021,0.05
0,0,0,0.01219963,0.05
0,0,0,0.011227814,0.05
0,0,0,0.014577,0.05
0,0,0,0.017620364,0.05
0,0,0,0.01595282,0.05
0,0,0,0.013266814,0.05
0,0,0,0.012784242,0.05
0,0,0,0.01551796,0.05
0,0,0,0.010868391,0.05
0,0,0,0.015583243,0.05
0,0,0,0.01150053,0.05
0,0,0,0.006834894,0.05
0,0,0,0.01312466,0.05
0,0,0,0.01453392,0.05
0,0,0,0.009256655,0.05
0,0,0,0.007480165,0.05
0,0,0,0.017404521,0.05
0,0,0,0.018994251,0.05
0,0,0,0.016318363,0.05
0,0,0,0.015588864,0.05
0,0,0,0.009286151,0.05
0,0,0,0.014885498,0.05
0,0,0,0.015198347,0.05
0,0,0,0.009418974,0.05
0,0,0,0.010386565,0.05
0,0,0,0.011759157,0.05
0,0,0,0.011759157,0.05
0,0,0,0.015281047,0.05
0,0,0,0.009607309,0.05
0,0,0,0.013714282,0.05
0,0,0,0.009809934,0.05
0,0,0,0.016571746,0.05
0,0,0,0.011237725,0.05
0,0,0,0.015090771,0.05
0,0,0,0.01194953,0.05
0,0,0,0.012333427,0.05
0,0,0,0.015420843,0.05
0,0,0,0.012272724,0.05
0,0,0,0.009027041,0.05
0,0,0,0.009027041,0.05
0,0,0,0.01588925,0.05
0,0,0,0.00937305,0.05
0,0,0,0.011237299,0.05
0,0,0,0.01225369,0.05
0,0,0,0.010019574,0.05
0,0,0,0.014813452,0.05
0,0,0,0.011537095,0.05
0,0,0,0.011338892,0.05
0,0,0,0.009232702,0.05
0,0,0,0.014640098,0.05
0,0,0,0.018221694,0.05
0,0,0,0.01176683,0.05
0,0,0,0.010537712,0.05
0,0,0,0.014232584,0.05
0,0,0,0.018938093,0.05
0,0,0,0.013485591,0.05
0,0,0,0.012334161,0.05
0,0,0,0.014708529,0.05
0,0,0,0.015142309,0.05
0,0,0,0.013202412,0.05
0,0,0,0.011802249,0.05
0,0,0,0.007870339,0.05
0,0,0,0.015866093,0.05
0,0,0,0.012022348,0.05
0,0,0,0.012815425,0.05
0,0,0,0.012974926,0.05
0,0,0,0.017588061,0.05
0,0,0,0.010551002,0.05
0,0,0,0.00647217,0.05
0,0,0,0.010245274,0.05
0,0,0,0.013445573,0.05
0,0,0,0.017255217,0.05
0,0,0,0.015725376,0.05
0,0,0,0.010747317,0.05
0,0,0,0.010948815,0.05
0,0,0,0.00992075,0.05
0,0,0,0.00710704,0.05
0,0,0,0.010906724,0.05
0,0,0,0.011711772,0.05
0,0,0,0.013704815,0.05
0,0,0,0.007360855,0.05
0,0,0,0.010926979,0.05
0,0,0,0.016560036,0.05
0,0,0,0.012141171,0.05
0,0,0,0.014886676,0.05
0,0,0,0.010549219,0.05
0,0,0,0.010016373,0.05
0,0,0,0.012224057,0.05
0,0,0,0.013537979,0.05
0,0,0,0.015563893,0.05
0,0,0,0.010724361,0.05
0,0,0,0.0123826,0.05
0,0,0,0.009343798,0.05
0,0,0,0.00846823,0.05
0,0,0,0.008798419,0.05
0,0,0,0.00927105,0.05
0,0,0,0.013863439,0.05
0,0,0,0.013862243,0.05
0,0,0,0.013207414,0.05
0,0,0,0.015012124,0.05
0,0,0,0.011655373,0.05
0,0,0,0.014500225,0.05
0,0,0,0.01766192,0.05
0,0,0,0.0073919,0.05
0,0,0,0.011477161,0.05
0,0,0,0.014204319,0.05
0,0,0,0.014619994,0.05
0,0,0,0.013681031,0.05
0,0,0,0.013492974,0.05
0,0,0,0.013878738,0.05
0,0,0,0.015488855,0.05
0,0,0,0.012763959,0.05
0,0,0,0.01578746,0.05
0,0,0,0.015863243,0.05
0,0,0,0.014161302,0.05
0,0,0,0.010323168,0.05
0,0,0,0.009625317,0.05
0,0,0,0.015147871,0.05
0,0,0,0.00816544,0.05
0,0,0,0.013228268,0.05
0,0,0,0.013041924,0.05
0,0,0,0.012119817,0.05
0,0,0,0.013500303,0.05
0,0,0,0.014688508,0.05
0,0,0,0.014166723,0.05
0,0,0,0.013674609,0.05
0,0,0,0.015803167,0.05
0,0,0,0.01673807,0.05
0,0,0,0.011745303,0.05
0,0,0,0.011936149,0.05
0,0,0,0.018918373,0.05
0,0,0,0.018918373,0.05
0,0,0,0.013627555,0.05
0,0,0,0.009155392,0.05
0,0,0,0.015805427,0.05
0,0,0,0.015075718,0.05
0,0,0,0.011723143,0.05
0,0,0,0.013601593,0.05
0,0,0,0.011175298,0.05
0,0,0,0.010804103,0.05
0,0,0,0.013094063,0.05
0,0,0,0.015154472,0.05
0,0,0,0.014732772,0.05
0,0,0,0.010862181,0.05
0,0,0,0.010109401,0.05
0,0,0,0.007852655,0.05
0,0,0,0.009681729,0.05
0,0,0,0.012792971,0.05
0,0,0,0.00940816,0.05
0,0,0,0.017427374,0.05
0,0,0,0.010809939,0.05
0,0,0,0.012604972,0.05
0,0,0,0.013257926,0.05
0,0,0,0.008959251,0.05
0,0,0,0.008577694,0.05
0,0,0,0.012309136,0.05
0,0,0,0.013822488,0.05
0,0,0,0.009978656,0.05
0,0,0,0.009824339,0.05
0,0,0,0.016931351,0.05
0,0,0,0.011963302,0.05
0,0,0,0.016093287,0.05
0,0,0,0.014799811,0.05
0,0,0,0.017651807,0.05
0,0,0,0.014065281,0.05
0,0,0,0.010858679,0.05
0,0,0,0.011492089,0.05
0,0,0,0.015164386,0.05
0,0,0,0.010328743,0.05
0,0,0,0.009834799,0.05
0,0,0,0.015657837,0.05
0,0,0,0.008469217,0.05
0,0,0,0.010728614,0.05
0,0,0,0.013324675,0.05
0,0,0,0.011834012,0.05
0,0,0,0.007794706,0.05
0,0,0,0.013032837,0.05
0,0,0,0.009115481,0.05
0,0,0,0.008109878,0.05
0,0,0,0.008109878,0.05
0,0,0,0.014593466,0.05
0,0,0,0.011323498,0.05
0,0,0,0.015579385,0.05
0,0,0,0.012620618,0.05
0,0,0,0.009993479,0.05
0,0,0,0.010455383,0.05
0,0,0,0.008776488,0.05
0,0,0,0.011958673,0.05
0,0,0,0.013914284,0.05
0,0,0,0.015448467,0.05
0,0,0,0.010774218,0.05
0,0,0,0.01237042,0.05
0,0,0,0.014540719,0.05
0,0,0,0.017127115,0.05
0,0,0,0.016832999,0.05
0,0,0,0.009179232,0.05
0,0,0,0.007834793,0.05
0,0,0,0.011267193,0.05
0,0,0,0.011603159,0.05
0,0,0,0.013067294,0.05
0,0,0,0.011485056,0.05
0,0,0,0.009733986,0.05
0,0,0,0.012296844,0.05
0,0,0,0.010823526,0.05
0,0,0,0.01154801,0.05
0,0,0,0.016427573,0.05
0,0,0,0.015274009,0.05
0,0,0,0.012449907,0.05
0,0,0,0.000228121,0.000234792
0,0,0,0.000345298,0.000234792
0,0,0,4.45E-05,0.000345298
0,0,0,0.000324245,0.000345298
0,0,0,0.000158271,0.000345298
0,0,0,0.000397893,0.000345298
0,0,0,0.000331467,0.000397893
0,0,0,0.000216808,0.000397893
0,0,0,0.000238725,0.000397893
0,0,0,0.000217973,0.000397893
0,0,0,0.000226626,0.000397893
0,0,0,0.000268035,0.000397893
0,0,0,0.000148905,0.000397893
0,0,0,0.000167457,0.000397893
0,0,0,0.000304656,0.000397893
0,0,0,9.99E-05,0.000397893
0,0,0,0.000155975,0.000397893
0,0,0,0.000245498,0.000397893
0,0,0,0.000227687,0.000397893
0,0,0,0.000226134,0.000397893
0,0,0,0.000155456,0.000397893
0,0,0,0.000185173,0.000397893
0,0,0,0.00027156,0.000397893
0,0,0,0.000216206,0.000397893
0,0,0,0.000115379,0.000397893
0,0,0,0.000246005,0.000397893
0,0,0,0.000115097,0.000397893
0,0,0,0.000228461,0.000397893
0,0,0,0.000174972,0.000397893
0,0,0,0.000243885,0.000397893
0,0,0,0.000291664,0.000397893
0,0,0,0.000319499,0.000397893
0,0,0,0.000316532,0.000397893
0,0,0,0.000383238,0.000397893
0,0,0,0.000177208,0.000397893
0,0,0,0.000416804,0.000397893
0,0,0,0.000186716,0.000416804
0,0,0,0.000187072,0.000416804
0,0,0,0.000284906,0.000416804
0,0,0,0.00028178,0.000416804
0,0,0,0.000217634,0.000416804
0,0,0,0.000302519,0.000416804
0,0,0,0.000153677,0.000416804
0,0,0,0.000281586,0.000416804
0,0,0,6.84E-05,0.000416804
0,0,0,0.000279081,0.000416804
0,0,0,0.000114727,0.000416804
0,0,0,0.000275722,0.000416804
0,0,0,0.000204871,0.000416804
0,0,0,0.000175251,0.000416804
0,0,0,0.000177166,0.000416804
0,0,0,0.000216827,0.000416804
0,0,0,0.000420791,0.000416804
0,0,0,0.000257999,0.000420791
0,0,0,0.000283433,0.000420791
0,0,0,0.000247973,0.000420791
0,0,0,0.000121638,0.000420791
0,0,0,0.000114826,0.000420791
0,0,0,0.000166688,0.000420791
0,0,0,0.00010696,0.000420791
0,0,0,0.00033542,0.000420791
0,0,0,0.000206528,0.000420791
0,0,0,0.000420117,0.000420791
0,0,0,0.000321562,0.000420791
0,0,0,0.000259092,0.000420791
0,0,0,0.000140225,0.000420791
0,0,0,0.000425682,0.000420791
0,0,0,0.000185559,0.000425682
0,0,0,0.00014882,0.000425682
0,0,0,0.000232886,0.000425682
0,0,0,0.000214725,0.000425682
0,0,0,0.000187424,0.000425682
0,0,0,0.000221561,0.000425682
0,0,0,0.00030148,0.000425682
0,0,0,0.000347609,0.000425682
0,0,0,9.90E-05,0.000425682
0,0,0,0.000157918,0.000425682
0,0,0,0.000347269,0.000425682
0,0,0,0.000355581,0.000425682
0,0,0,0.000217918,0.000425682
0,0,0,0.000167884,0.000425682
0,0,0,0.000367775,0.000425682
0,0,0,0.00026523,0.000425682
0,0,0,6.52E-05,0.000425682
0,0,0,0.000176984,0.000425682
0,0,0,0.000416206,0.000425682
0,0,0,0.000301724,0.000425682
0,0,0,0.00035715,0.000425682
0,0,0,0.00040448,0.000425682
0,0,0,0.000229227,0.000425682
0,0,0,0.000493106,0.000425682
0,0,0,0.000197281,0.000493106
0,0,0,0.000280159,0.000493106
0,0,0,0.000218346,0.000493106
0,0,0,0.000140127,0.000493106
0,0,0,0.00036155,0.000493106
0,0,0,0.000187169,0.000493106
0,0,0,0.000259201,0.000493106
0,0,0,0.000328126,0.000493106
0,0,0,0.000246969,0.000493106
0,0,0,0.000259628,0.000493106
0,0,0,0.000342374,0.000493106
0,0,0,0.000309716,0.000493106
0,0,0,9.27E-05,0.000493106
0,0,0,0.000140114,0.000493106
0,0,0,0.000204345,0.000493106
0,0,0,0.000208882,0.000493106
0,0,0,0.0003197,0.000493106
0,0,0,0.000389255,0.000493106
0,0,0,0.000154891,0.000493106
0,0,0,9.90E-05,0.000493106
0,0,0,0.000233118,0.000493106
0,0,0,0.000149052,0.000493106
0,0,0,0.000292887,0.000493106
0,0,0,0.000253279,0.000493106
0,0,0,0.000225054,0.000493106
0,0,0,0.000310077,0.000493106
0,0,0,0.000403181,0.000493106
0,0,0,0.000343661,0.000493106
0,0,0,0.000148241,0.000493106
0,0,0,0.000140178,0.000493106
0,0,0,0.000352182,0.000493106
0,0,0,0.000205368,0.000493106
0,0,0,0.000243424,0.000493106
0,0,0,0.000369559,0.000493106
0,0,0,0.000215111,0.000493106
0,0,0,0.000149215,0.000493106
0,0,0,0.000247689,0.000493106
0,0,0,0.000255568,0.000493106
0,0,0,0.000228025,0.000493106
0,0,0,0.000167657,0.000493106
0,0,0,0.000380538,0.000493106
0,0,0,0.000300658,0.000493106
0,0,0,0.000166788,0.000493106
0,0,0,0.000205617,0.000493106
0,0,0,0.00022475,0.000493106
0,0,0,0.000228309,0.000493106
0,0,0,0.000214197,0.000493106
0,0,0,0.000422401,0.000493106
0,0,0,0.000165755,0.000493106
0,0,0,0.000248959,0.000493106
0,0,0,0.000260345,0.000493106
0,0,0,0.000237109,0.000493106
0,0,0,0.000149038,0.000493106
0,0,0,0.000235374,0.000493106
0,0,0,0.000139357,0.000493106
0,0,0,0.000131771,0.000493106
0,0,0,0.000158083,0.000493106
0,0,0,7.60E-05,0.000493106
0,0,0,0.000300485,0.000493106
0,0,0,0.000193988,0.000493106
0,0,0,0.000177169,0.000493106
0,0,0,0.000216051,0.000493106
0,0,0,0.000328009,0.000493106
0,0,0,0.000281686,0.000493106
0,0,0,0.000283125,0.000493106
0,0,0,0.00030843,0.000493106
0,0,0,0.000289895,0.000493106
0,0,0,0.000214111,0.000493106
0,0,0,0.000278722,0.000493106
0,0,0,0.000314936,0.000493106
0,0,0,0.000231949,0.000493106
0,0,0,0.000349745,0.000493106
0,0,0,0.000333704,0.000493106
0,0,0,0.000131766,0.000493106
0,0,0,0.000195501,0.000493106
0,0,0,0.000407059,0.000493106
0,0,0,0.000257606,0.000493106
0,0,0,0.000109386,0.000493106
0,0,0,0.000149206,0.000493106
0,0,0,0.000195103,0.000493106
0,0,0,9.16E-05,0.000493106
0,0,0,0.000217075,0.000493106
0,0,0,0.000350932,0.000493106
0,0,0,0.00034575,0.000493106
0,0,0,9.87E-05,0.000493106
0,0,0,0.000240849,0.000493106
0,0,0,0.000140247,0.000493106
0,0,0,0.000273567,0.000493106
0,0,0,0.00025019,0.000493106
0,0,0,0.000140276,0.000493106
0,0,0,0.000227017,0.000493106
0,0,0,0.000215754,0.000493106
0,0,0,0.000114633,0.000493106
0,0,0,0.000123053,0.000493106
0,0,0,0.000269306,0.000493106
0,0,0,0.000283256,0.000493106
0,0,0,0.000131559,0.000493106
0,0,0,8.62E-05,0.000493106
0,0,0,0.000362206,0.000493106
0,0,0,0.000184561,0.000493106
0,0,0,0.000195058,0.000493106
0,0,0,7.46E-05,0.000493106
0,0,0,0.000246599,0.000493106
0,0,0,0.000157562,0.000493106
0,0,0,0.000294988,0.000493106
0,0,0,0.000254894,0.000493106
0,0,0,0.000135137,0.000493106
0,0,0,0.000206654,0.000493106
0,0,0,0.000225752,0.000493106
0,0,0,0.000226732,0.000493106
0,0,0,0.000187361,0.000493106
0,0,0,0.000226037,0.000493106
0,0,0,0.000372138,0.000493106
0,0,0,0.000264998,0.000493106
0,0,0,0.000177279,0.000493106
0,0,0,0.00030694,0.000493106
0,0,0,0.000378157,0.000493106
0,0,0,0.000100147,0.000493106
0,0,0,0.000277605,0.000493106
0,0,0,0.000197153,0.000493106
0,0,0,0.000243213,0.000493106
0,0,0,0.00023819,0.000493106
0,0,0,0.00023757,0.000493106
0,0,0,0.000167507,0.000493106
0,0,0,0.000428699,0.000493106
0,0,0,0.000196374,0.000493106
0,0,0,0.000167034,0.000493106
0,0,0,0.000216328,0.000493106
0,0,0,0.000258098,0.000493106
0,0,0,9.20E-05,0.000493106
0,0,0,0.000383594,0.000493106
0,0,0,0.000233439,0.000493106
0,0,0,0.00027296,0.000493106
0,0,0,0.000221113,0.000493106
0,0,0,0.000246346,0.000493106
0,0,0,0.000203216,0.000493106
0,0,0,0.000304247,0.000493106
0,0,0,0.000217468,0.000493106
0,0,0,0.000326826,0.000493106
0,0,0,0.000140143,0.000493106
0,0,0,0.000214584,0.000493106
0,0,0,0.000217049,0.000493106
0,0,0,0.00027135,0.000493106
0,0,0,9.75E-05,0.000493106
0,0,0,0.000238703,0.000493106
0,0,0,5.50E-05,0.000493106
0,0,0,0.000370888,0.000493106
0,0,0,0.000295078,0.000493106
0,0,0,0.000167254,0.000493106
0,0,0,0.000199279,0.000493106
0,0,0,0.000185153,0.000493106
0,0,0,0.000197118,0.000493106
0,0,0,0.000256993,0.000493106
0,0,0,0.000207199,0.000493106
0,0,0,0.000327961,0.000493106
0,0,0,0.000249677,0.000493106
0,0,0,9.90E-05,0.000493106
0,0,0,0.000123029,0.000493106
0,0,0,0.000175953,0.000493106
0,0,0,0.000334475,0.000493106
0,0,0,0.000239351,0.000493106
0,0,0,0.000140234,0.000493106
0,0,0,0.000345943,0.000493106
0,0,0,0.000167871,0.000493106
0,0,0,0.000283209,0.000493106
0,0,0,0.000139285,0.000493106
0,0,0,0.000117587,0.000493106
0,0,0,0.000310321,0.000493106
0,0,0,0.000235909,0.000493106
0,0,0,0.00018065,0.000493106
0,0,0,0.000241116,0.000493106
0,0,0,0.000400275,0.000493106
0,0,0,0.000203041,0.000493106
0,0,0,0.000237604,0.000493106
0,0,0,0.000207159,0.000493106
0,0,0,0.000473646,0.000493106
0,0,0,0.000300466,0.000493106
0,0,0,0.000272286,0.000493106
0,0,0,0.000195485,0.000493106
0,0,0,0.000294531,0.000493106
0,0,0,0.000311233,0.000493106
0,0,0,0.000468704,0.000493106
0,0,0,0.000269414,0.000493106
0,0,0,0.000158418,0.000493106
0,0,0,0.000261687,0.000493106
0,0,0,0.000205771,0.000493106
0,0,0,0.000313135,0.000493106
0,0,0,0.000149125,0.000493106
0,0,0,0.000227163,0.000493106
0,0,0,0.00026125,0.000493106
0,0,0,0.000352839,0.000493106
0,0,0,0.000246819,0.000493106
0,0,0,0.000289425,0.000493106
0,0,0,0.000183532,0.000493106
0,0,0,0.000148988,0.000493106
0,0,0,0.0001404,0.000493106
0,0,0,0.000149076,0.000493106
0,0,0,0.000226543,0.000493106
0,0,0,0.000149139,0.000493106
0,0,0,0.000270277,0.000493106
0,0,0,0.000255141,0.000493106
0,0,0,0.000226357,0.000493106
0,0,0,0.000207205,0.000493106
0,0,0,0.000279046,0.000493106
0,0,0,0.000386731,0.000493106
0,0,0,0.000249269,0.000493106
0,0,0,0.000206424,0.000493106
0,0,0,0.000329336,0.000493106
0,0,0,0.000331183,0.000493106
0,0,0,0.000228925,0.000493106
0,0,0,0.000238672,0.000493106
0,0,0,0.000271196,0.000493106
0,0,0,0.000176632,0.000493106
0,0,0,0.000262086,0.000493106
0,0,0,0.000280672,0.000493106
0,0,0,0.000305019,0.000493106
0,0,0,0.000158446,0.000493106
0,0,0,0.000254752,0.000493106
0,0,0,0.000313614,0.000493106
0,0,0,0.000128678,0.000493106
0,0,0,0.00028939,0.000493106
0,0,0,0.000175902,0.000493106
0,0,0,0.00018438,0.000493106
0,0,0,0.000204282,0.000493106
0,0,0,0.000123542,0.000493106
0,0,0,0.000186699,0.000493106
0,0,0,0.0002226,0.000493106
0,0,0,0.00023854,0.000493106
0,0,0,0.000131593,0.000493106
0,0,0,0.00032452,0.000493106
0,0,0,0.000114956,0.000493106
0,0,0,0.00014871,0.000493106
0,0,0,0.000309136,0.000493106
0,0,0,0.000317602,0.000493106
0,0,0,0.000270866,0.000493106
0,0,0,0.000148529,0.000493106
0,0,0,0.000259616,0.000493106
0,0,0,0.000122607,0.000493106
0,0,0,0.000158285,0.000493106
0,0,0,0.000292524,0.000493106
0,0,0,0.000218188,0.000493106
0,0,0,0.000318947,0.000493106
0,0,0,0.000329322,0.000493106
0,0,0,0.000265114,0.000493106
0,0,0,0.000323198,0.000493106
0,0,0,0.000176907,0.000493106
0,0,0,0.000377151,0.000493106
0,0,0,0.000238464,0.000493106
0,0,0,0.000441873,0.000493106
0,0,0,0.000134497,0.000493106
0,0,0,0.000149127,0.000493106
0,0,0,0.000237956,0.000493106
0,0,0,0.000226214,0.000493106
0,0,0,0.000237412,0.000493106
0,0,0,0.000278579,0.000493106
0,0,0,0.000409996,0.000493106
0,0,0,0.000363622,0.000493106
0,0,0,0.000224665,0.000493106
0,0,0,0.000232579,0.000493106
0,0,0,0.000258792,0.000493106
0,0,0,0.00023634,0.000493106
0,0,0,0.000263243,0.000493106
0,0,0,0.000149314,0.000493106
0,0,0,0.000129332,0.000493106
0,0,0,0.000276702,0.000493106
0,0,0,0.000206913,0.000493106
0,0,0,0.000300879,0.000493106
0,0,0,0.000115356,0.000493106
0,0,0,0.000376804,0.000493106
0,0,0,0.000289668,0.000493106
0,0,0,0.000330658,0.000493106
0,0,0,0.000183553,0.000493106
0,0,0,0.000186107,0.000493106
0,0,0,0.000158262,0.000493106
0,0,0,0.000316781,0.000493106
0,0,0,0.000184956,0.000493106
0,0,0,0.000106856,0.000493106
0,0,0,5.16E-05,0.000493106
0,0,0,0.000203398,0.000493106
0,0,0,0.000203398,0.000493106
0,0,0,0.000250787,0.000493106
0,0,0,0.000257139,0.000493106
0,0,0,0.000245708,0.000493106
0,0,0,0.000291474,0.000493106
0,0,0,0.000250614,0.000493106
0,0,0,0.000279649,0.000493106
0,0,0,0.000158331,0.000493106
0,0,0,0.000347482,0.000493106
0,0,0,0.000246156,0.000493106
0,0,0,0.000283131,0.000493106
0,0,0,9.22E-05,0.000493106
0,0,0,0.000228391,0.000493106
0,0,0,0.000305066,0.000493106
0,0,0,0.000140334,0.000493106
0,0,0,0.000334946,0.000493106
0,0,0,0.000280652,0.000493106
0,0,0,0.000123346,0.000493106
0,0,0,0.00022658,0.000493106
0,0,0,0.000387337,0.000493106
0,0,0,0.000314396,0.000493106
0,0,0,0.000205967,0.000493106
0,0,0,0.000114686,0.000493106
0,0,0,0.000174981,0.000493106
0,0,0,0.000207813,0.000493106
0,0,0,0.000383548,0.000493106
0,0,0,0.000214967,0.000493106
0,0,0,0.000123289,0.000493106
0,0,0,0.000139856,0.000493106
0,0,0,0.000344624,0.000493106
0,0,0,0.000123332,0.000493106
0,0,0,0.000238221,0.000493106
0,0,0,0.00019725,0.000493106
0,0,0,0.000307121,0.000493106
0,0,0,0.000227782,0.000493106
0,0,0,0.000137691,0.000493106
0,0,0,0.000167689,0.000493106
0,0,0,0.000216657,0.000493106
0,0,0,0.000105962,0.000493106
0,0,0,0.000206199,0.000493106
0,0,0,0.000156944,0.000493106
0,0,0,0.000255018,0.000493106
0,0,0,0.000243966,0.000493106
0,0,0,0.000175899,0.000493106
0,0,0,0.000361315,0.000493106
0,0,0,0.000121649,0.000493106
0,0,0,0.000386482,0.000493106
0,0,0,0.000354812,0.000493106
0,0,0,0.000177019,0.000493106
0,0,0,0.000312574,0.000493106
0,0,0,0.00026696,0.000493106
0,0,0,0.000185601,0.000493106
0,0,0,0.00026476,0.000493106
0,0,0,0.00014869,0.000493106
0,0,0,0.000151388,0.000493106
0,0,0,0.000257761,0.000493106
0,0,0,0.00015739,0.000493106
0,0,0,0.000416532,0.000493106
0,0,0,0.000167419,0.000493106
0,0,0,0.000404296,0.000493106
0,0,0,0.000301161,0.000493106
0,0,0,0.000360579,0.000493106
0,0,0,0.000206852,0.000493106
0,0,0,0.000138687,0.000493106
0,0,0,0.000140015,0.000493106
0,0,0,0.0003854,0.000493106
0,0,0,0.00038212,0.000493106
0,0,0,0.000123187,0.000493106
0,0,0,0.000460722,0.000493106
0,0,0,0.000285191,0.000493106
0,0,0,0.000131974,0.000493106
0,0,0,0.000166383,0.000493106
0,0,0,0.000149168,0.000493106
0,0,0,0.000225877,0.000493106
0,0,0,0.000259276,0.000493106
0,0,0,0.000185891,0.000493106
0,0,0,0.000298595,0.000493106
0,0,0,0.000407449,0.000493106
0,0,0,6.48E-05,0.000493106
0,0,0,0.000167215,0.000493106
0,0,0,0.000403513,0.000493106
0,0,0,0.00034805,0.000493106
0,0,0,0.000114708,0.000493106
0,0,0,0.000237556,0.000493106
0,0,0,0.000250632,0.000493106
0,0,0,0.000346763,0.000493106
0,0,0,0.00014002,0.000493106
0,0,0,0.000157659,0.000493106
0,0,0,0.000291722,0.000493106
0,0,0,0.000269867,0.000493106
0,0,0,0.000237869,0.000493106
0,0,0,0.000185731,0.000493106
0,0,0,0.000197399,0.000493106
0,0,0,0.000296328,0.000493106
0,0,0,0.000279656,0.000493106
0,0,0,0.00025612,0.000493106
0,0,0,0.00034368,0.000493106
0,0,0,0.000326025,0.000493106
0,0,0,2.84E-05,0.000493106
0,0,0,0.000152334,0.000493106
0,0,0,0.000266731,0.000493106
0,0,0,0.000293768,0.000493106
0,0,0,0.000370002,0.000493106
0,0,0,0.000280292,0.000493106
0,0,0,0.000205487,0.000493106
0,0,0,0.000270385,0.000493106
0,0,0,0.000216285,0.000493106
0,0,0,0.000269662,0.000493106
0,0,0,0.000251939,0.000493106
0,0,0,0.000123115,0.000493106
0,0,0,7.16E-05,0.000493106
0,0,0,0.000185231,0.000493106
0,0,0,0.000157422,0.000493106
0,0,0,0.0002388,0.000493106
0,0,0,0.000255869,0.000493106
0,0,0,0.000149192,0.000493106
0,0,0,0.000238577,0.000493106
0,0,0,0.000223725,0.000493106
0,0,0,0.000227351,0.000493106
0,0,0,0.000310667,0.000493106
0,0,0,0.000101002,0.000493106
0,0,0,0.000299495,0.000493106
0,0,0,7.90E-05,0.000493106
0,0,0,0.000247581,0.000493106
0,0,0,0.000111519,0.000493106
0,0,0,0.000426095,0.000493106
0,0,0,0.000140378,0.000493106
0,0,0,0.000187337,0.000493106
0,0,0,0.000321233,0.000493106
0,0,0,0.000209473,0.000493106
0,0,0,0.000225759,0.000493106
0,0,0,0.000246952,0.000493106
0,0,0,0.0002521,0.000493106
0,0,0,9.28E-05,0.000493106
0,0,0,0.000226545,0.000493106
0,0,0,0.000213562,0.000493106
0,0,0,0.000239258,0.000493106
0,0,0,0.000321038,0.000493106
0,0,0,0.000185246,0.000493106
0,0,0,0.000186047,0.000493106
0,0,0,0.000224686,0.000493106
0,0,0,0.000336164,0.000493106
0,0,0,0.000149165,0.000493106
0,0,0,0.000215823,0.000493106
0,0,0,0.000173037,0.000493106
0,0,0,0.000331931,0.000493106
0,0,0,0.000186934,0.000493106
0,0,0,0.000175936,0.000493106
0,0,0,0.000305855,0.000493106
0,0,0,0.000225692,0.000493106
0,0,0,0.000106841,0.000493106
0,0,0,9.26E-05,0.000493106
0,0,0,0.000139204,0.000493106
0,0,0,0.000194508,0.000493106
0,0,0,9.56E-05,0.000493106
0,0,0,0.000175127,0.000493106
0,0,0,0.000291344,0.000493106
0,0,0,0.000266366,0.000493106
0,0,0,0.000311843,0.000493106
0,0,0,0.000398056,0.000493106
0,0,0,0.000233078,0.000493106
0,0,0,0.000281937,0.000493106
0,0,0,0.000196827,0.000493106
0,0,0,0.000268562,0.000493106
0,0,0,0.000352971,0.000493106
0,0,0,0.000148779,0.000493106
0,0,0,0.000333087,0.000493106
0,0,0,0.000167524,0.000493106
0,0,0,0.000224805,0.000493106
0,0,0,0.00011543,0.000493106
0,0,0,0.000167679,0.000493106
0,0,0,0.000440404,0.000493106
0,0,0,9.41E-05,0.000493106
0,0,0,0.00030988,0.000493106
0,0,0,0.00024973,0.000493106
0,0,0,0.000238908,0.000493106
0,0,0,0.000226575,0.000493106
0,0,0,0.000176845,0.000493106
0,0,0,0.000175839,0.000493106
0,0,0,0.000208953,0.000493106
0,0,0,0.000186451,0.000493106
0,0,0,0.000304068,0.000493106
0,0,0,0.000237906,0.000493106
0,0,0,0.000325892,0.000493106
0,0,0,0.00024714,0.000493106
0,0,0,0.000142942,0.000493106
0,0,0,0.000131702,0.000493106
0,0,0,0.000356938,0.000493106
0,0,0,0.000166634,0.000493106
0,0,0,0.000377708,0.000493106
0,0,0,0.000440308,0.000493106
0,0,0,8.76E-05,0.000493106
0,0,0,0.000401777,0.000493106
0,0,0,0.000204598,0.000493106
0,0,0,0.000283821,0.000493106
0,0,0,0.000123425,0.000493106
0,0,0,0.000281811,0.000493106
0,0,0,0.000271264,0.000493106
0,0,0,0.00029313,0.000493106
0,0,0,0.000206158,0.000493106
0,0,0,0.000131618,0.000493106
0,0,0,0.000213628,0.000493106
0,0,0,0.000425921,0.000493106
0,0,0,0.00021631,0.000493106
0,0,0,0.000282296,0.000493106
0,0,0,0.000309243,0.000493106
0,0,0,0.00023959,0.000493106
0,0,0,0.000158229,0.000493106
0,0,0,0.000372098,0.000493106
0,0,0,0.00021633,0.000493106
0,0,0,0.000266203,0.000493106
0,0,0,0.000329221,0.000493106
0,0,0,0.000330981,0.000493106
0,0,0,0.000374123,0.000493106
0,0,0,0.000167195,0.000493106
0,0,0,0.000206644,0.000493106
0,0,0,0.000176625,0.000493106
0,0,0,0.000123166,0.000493106
0,0,0,0.000259936,0.000493106
0,0,0,0.000286855,0.000493106
0,0,0,0.000305008,0.000493106
0,0,0,4.48E-05,0.000493106
0,0,0,0.000331656,0.000493106
0,0,0,0.000368304,0.000493106
0,0,0,0.000275821,0.000493106
0,0,0,0.000359677,0.000493106
0,0,0,0.000282406,0.000493106
0,0,0,0.000214918,0.000493106
0,0,0,0.000318851,0.000493106
0,0,0,0.000224596,0.000493106
0,0,0,0.00038859,0.000493106
0,0,0,0.000247866,0.000493106
0,0,0,0.000319323,0.000493106
0,0,0,0.000236858,0.000493106
0,0,0,0.000235317,0.000493106
0,0,0,0.000167878,0.000493106
0,0,0,0.000149273,0.000493106
0,0,0,0.000197023,0.000493106
0,0,0,0.000123037,0.000493106
0,0,0,0.000259045,0.000493106
0,0,0,0.000259045,0.000493106
0,0,0,0.000165735,0.000493106
0,0,0,0.000201168,0.000493106
0,0,0,0.000419248,0.000493106
0,0,0,0.000303512,0.000493106
0,0,0,0.000158344,0.000493106
0,0,0,9.80E-05,0.000493106
0,0,0,0.000256234,0.000493106
0,0,0,0.000212471,0.000493106
0,0,0,0.000273873,0.000493106
0,0,0,0.000131661,0.000493106
0,0,0,0.000257827,0.000493106
0,0,0,0.000248379,0.000493106
0,0,0,0.000115244,0.000493106
0,0,0,0.000130333,0.000493106
0,0,0,0.00012346,0.000493106
0,0,0,0.000268105,0.000493106
0,0,0,0.000306346,0.000493106
0,0,0,0.000244819,0.000493106
0,0,0,0.00023495,0.000493106
0,0,0,0.000339645,0.000493106
0,0,0,0.000304232,0.000493106
0,0,0,0.000215738,0.000493106
0,0,0,0.000216359,0.000493106
0,0,0,0.000291652,0.000493106
0,0,0,0.000237346,0.000493106
0,0,0,0.000325689,0.000493106
0,0,0,9.21E-05,0.000493106
0,0,0,0.0003638,0.000493106
0,0,0,7.73E-05,0.000493106
0,0,0,0.000247413,0.000493106
0,0,0,0.000262842,0.000493106
0,0,0,0.00018568,0.000493106
0,0,0,0.000280804,0.000493106
0,0,0,0.000177213,0.000493106
0,0,0,0.000185931,0.000493106
0,0,0,0.000370871,0.000493106
0,0,0,0.000122955,0.000493106
0,0,0,0.000196394,0.000493106
0,0,0,0.000366697,0.000493106
0,0,0,0.000148527,0.000493106
0,0,0,0.000185938,0.000493106
0,0,0,0.000205786,0.000493106
0,0,0,0.000257864,0.000493106
0,0,0,0.000239934,0.000493106
0,0,0,0.000420689,0.000493106
0,0,0,0.00024057,0.000493106
0,0,0,0.000177562,0.000493106
0,0,0,0.000216503,0.000493106
0,0,0,0.000309553,0.000493106
0,0,0,0.000300989,0.000493106
0,0,0,0.000237869,0.000493106
0,0,0,0.000164087,0.000493106
0,0,0,0.000362379,0.000493106
0,0,0,0.000227642,0.000493106
0,0,0,0.000396192,0.000493106
0,0,0,0.00020535,0.000493106
0,0,0,0.000338106,0.000493106
0,0,0,0.000306005,0.000493106
0,0,0,0.00029286,0.000493106
0,0,0,0.000167725,0.000493106
0,0,0,0.000240095,0.000493106
0,0,0,0.000380268,0.000493106
0,0,0,0.000419248,0.000493106
0,0,0,0.00017581,0.000493106
0,0,0,0.000355008,0.000493106
0,0,0,0.000140269,0.000493106
0,0,0,0.000305175,0.000493106
0,0,0,0.000421709,0.000493106
0,0,0,0.000175824,0.000493106
0,0,0,0.000176498,0.000493106
0,0,0,0.00013162,0.000493106
0,0,0,0.000131426,0.000493106
0,0,0,0.000258924,0.000493106
0,0,0,0.000202864,0.000493106
0,0,0,0.000234903,0.000493106
0,0,0,0.000186538,0.000493106
0,0,0,0.000158421,0.000493106
0,0,0,0.000465735,0.000493106
0,0,0,0.00038876,0.000493106
0,0,0,0.000278654,0.000493106
0,0,0,0.000235484,0.000493106
0,0,0,0.00024326,0.000493106
0,0,0,0.000244234,0.000493106
0,0,0,0.000227812,0.000493106
0,0,0,0.000196066,0.000493106
0,0,0,0.000165501,0.000493106
0,0,0,0.000273764,0.000493106
0,0,0,0.000227463,0.000493106
0,0,0,0.000227603,0.000493106
0,0,0,0.000352434,0.000493106
0,0,0,9.94E-05,0.000493106
0,0,0,0.000183115,0.000493106
0,0,0,0.000197216,0.000493106
0,0,0,0.0003546,0.000493106
0,0,0,0.000347395,0.000493106
0,0,0,0.000167287,0.000493106
0,0,0,0.000280655,0.000493106
0,0,0,0.00024845,0.000493106
0,0,0,0.000114694,0.000493106
0,0,0,0.000281983,0.000493106
0,0,0,0.000259482,0.000493106
0,0,0,0.000195331,0.000493106
0,0,0,0.000298363,0.000493106
0,0,0,0.000320302,0.000493106
0,0,0,0.000324917,0.000493106
0,0,0,0.000352603,0.000493106
0,0,0,0.000270692,0.000493106
0,0,0,0.000167327,0.000493106
0,0,0,0.000106968,0.000493106
0,0,0,0.000333161,0.000493106
0,0,0,0.000311713,0.000493106
0,0,0,0.000302464,0.000493106
0,0,0,0.000197181,0.000493106
0,0,0,0.000326496,0.000493106
0,0,0,0.000228016,0.000493106
0,0,0,0.000322135,0.000493106
0,0,0,0.000303454,0.000493106
0,0,0,0.000314768,0.000493106
0,0,0,0.000131711,0.000493106
0,0,0,9.32E-05,0.000493106
0,0,0,0.000283057,0.000493106
0,0,0,0.00036489,0.000493106
0,0,0,0.000310859,0.000493106
0,0,0,0.000486138,0.000493106
0,0,0,8.43E-05,0.000493106
0,0,0,0.000327267,0.000493106
0,0,0,0.000140083,0.000493106
0,0,0,0.000250113,0.000493106
0,0,0,0.000259083,0.000493106
0,0,0,0.000177151,0.000493106
0,0,0,0.000130954,0.000493106
0,0,0,0.000140284,0.000493106
0,0,0,0.000254745,0.000493106
0,0,0,0.000228267,0.000493106
0,0,0,0.000140458,0.000493106
0,0,0,0.000149235,0.000493106
0,0,0,0.000254558,0.000493106
0,0,0,0.000157399,0.000493106
0,0,0,0.000285024,0.000493106
0,0,0,0.00026884,0.000493106
0,0,0,0.000395118,0.000493106
0,0,0,0.000390861,0.000493106
0,0,0,0.000217958,0.000493106
0,0,0,0.000247905,0.000493106
0,0,0,0.000270652,0.000493106
0,0,0,0.00033003,0.000493106
0,0,0,0.000107116,0.000493106
0,0,0,0.000197268,0.000493106
0,0,0,0.000270613,0.000493106
0,0,0,0.000220033,0.000493106
0,0,0,0.000115403,0.000493106
0,0,0,0.000158234,0.000493106
0,0,0,0.000342037,0.000493106
0,0,0,0.000168464,0.000493106
0,0,0,0.000392098,0.000493106
0,0,0,0.00016685,0.000493106
0,0,0,0.000144521,0.000493106
0,0,0,0.000167,0.000493106
0,0,0,0.000304222,0.000493106
0,0,0,8.74E-05,0.000493106
0,0,0,0.00017715,0.000493106
0,0,0,0.00017417,0.000493106
0,0,0,0.000295942,0.000493106
0,0,0,0.000131652,0.000493106
0,0,0,0.000115563,0.000493106
0,0,0,0.00015814,0.000493106
0,0,0,0.000354681,0.000493106
0,0,0,0.000224903,0.000493106
0,0,0,0.000216214,0.000493106
0,0,0,0.000237087,0.000493106
0,0,0,0.000157035,0.000493106
0,0,0,0.000339454,0.000493106
0,0,0,0.000196245,0.000493106
0,0,0,0.000302577,0.000493106
0,0,0,0.000153804,0.000493106
0,0,0,0.000167785,0.000493106
0,0,0,0.000209875,0.000493106
0,0,0,0.000167515,0.000493106
0,0,0,0.00029217,0.000493106
0,0,0,0.000149029,0.000493106
0,0,0,0.000215824,0.000493106
0,0,0,0.000167445,0.000493106
0,0,0,9.15E-05,0.000493106
0,0,0,0.000322574,0.000493106
0,0,0,0.000234472,0.000493106
0,0,0,0.00025831,0.000493106
0,0,0,0.000149151,0.000493106
0,0,0,0.000105833,0.000493106
0,0,0,0.000148463,0.000493106
0,0,0,0.000166845,0.000493106
0,0,0,0.00016407,0.000493106
0,0,0,0.000169475,0.000493106
0,0,0,0.00026073,0.000493106
0,0,0,0.000123606,0.000493106
0,0,0,0.000123221,0.000493106
0,0,0,0.000176832,0.000493106
0,0,0,0.000140389,0.000493106
0,0,0,0.000232192,0.000493106
0,0,0,0.000173173,0.000493106
0,0,0,0.000272469,0.000493106
0,0,0,0.000415545,0.000493106
0,0,0,0.000277844,0.000493106
0,0,0,0.00020871,0.000493106
0,0,0,0.00028178,0.000493106
0,0,0,0.000258495,0.000493106
0,0,0,0.000195111,0.000493106
0,0,0,0.000284712,0.000493106
0,0,0,0.000177407,0.000493106
0,0,0,0.000238976,0.000493106
0,0,0,0.000228218,0.000493106
0,0,0,0.000238052,0.000493106
0,0,0,0.000224589,0.000493106
0,0,0,0.000223942,0.000493106
0,0,0,0.00013807,0.000493106
0,0,0,0.000423431,0.000493106
0,0,0,0.000161264,0.000493106
0,0,0,0.000132067,0.000493106
0,0,0,0.000121137,0.000493106
0,0,0,0.000167466,0.000493106
0,0,0,0.000301369,0.000493106
0,0,0,0.000235762,0.000493106
0,0,0,0.000155797,0.000493106
0,0,0,0.000167459,0.000493106
0,0,0,0.000269258,0.000493106
0,0,0,0.000203363,0.000493106
0,0,0,0.000154698,0.000493106
0,0,0,0.000175742,0.000493106
0,0,0,0.000238941,0.000493106
0,0,0,0.000211252,0.000493106
0,0,0,0.000173672,0.000493106
0,0,0,0.000446799,0.000493106
0,0,0,0.000214486,0.000493106
0,0,0,0.000367742,0.000493106
0,0,0,0.00029265,0.000493106
0,0,0,0.000317671,0.000493106
0,0,0,0.0004029,0.000493106
0,0,0,0.000218506,0.000493106
0,0,0,0.000131751,0.000493106
0,0,0,0.000279105,0.000493106
0,0,0,0.000279105,0.000493106
0,0,0,0.000161697,0.000493106
0,0,0,0.000217064,0.000493106
0,0,0,0.000204376,0.000493106
0,0,0,0.000257565,0.000493106
0,0,0,0.000271408,0.000493106
0,0,0,0.000155341,0.000493106
0,0,0,0.000318062,0.000493106
0,0,0,0.000224652,0.000493106
0,0,0,0.000135749,0.000493106
0,0,0,0.000108682,0.000493106
0,0,0,0.000229067,0.000493106
0,0,0,0.000285957,0.000493106
0,0,0,0.000273632,0.000493106
0,0,0,0.000203718,0.000493106
0,0,0,8.27E-05,0.000493106
0,0,0,0.000217513,0.000493106
0,0,0,0.000247644,0.000493106
0,0,0,0.000336432,0.000493106
0,0,0,0.000186918,0.000493106
0,0,0,0.00018375,0.000493106
0,0,0,0.000197209,0.000493106
0,0,0,0.000322482,0.000493106
0,0,0,7.75E-05,0.000493106
0,0,0,0.000262624,0.000493106
0,0,0,0.000157416,0.000493106
0,0,0,0.000422027,0.000493106
0,0,0,0.000207754,0.000493106
0,0,0,0.000131782,0.000493106
0,0,0,0.000208237,0.000493106
0,0,0,0.000249518,0.000493106
0,0,0,9.94E-05,0.000493106
0,0,0,0.000167653,0.000493106
0,0,0,0.000432076,0.000493106
0,0,0,0.000212154,0.000493106
0,0,0,0.000214666,0.000493106
0,0,0,0.000233993,0.000493106
0,0,0,0.000231448,0.000493106
0,0,0,0.000231448,0.000493106
0,0,0,0.000229048,0.000493106
0,0,0,0.000256333,0.000493106
0,0,0,0.00013147,0.000493106
0,0,0,0.000269659,0.000493106
0,0,0,0.000314719,0.000493106
0,0,0,0.000239977,0.000493106
0,0,0,0.000157557,0.000493106
0,0,0,0.000203796,0.000493106
0,0,0,0.000257108,0.000493106
0,0,0,0.000289805,0.000493106
0,0,0,0.000157491,0.000493106
0,0,0,0.0002701,0.000493106
0,0,0,0.00014039,0.000493106
0,0,0,0.000115179,0.000493106
0,0,0,0.000221421,0.000493106
0,0,0,0.000106655,0.000493106
0,0,0,0.000194904,0.000493106
0,0,0,0.00033953,0.000493106
0,0,0,0.000424596,0.000493106
0,0,0,0.000206975,0.000493106
0,0,0,0.000151338,0.000493106
0,0,0,0.000139459,0.000493106
0,0,0,0.000216904,0.000493106
0,0,0,9.28E-05,0.000493106
0,0,0,0.000161657,0.000493106
0,0,0,0.000393738,0.000493106
0,0,0,0.000265291,0.000493106
0,0,0,0.000161152,0.000493106
0,0,0,0.000304173,0.000493106
0,0,0,0.000175562,0.000493106
0,0,0,0.000270552,0.000493106
0,0,0,0.000130487,0.000493106
0,0,0,0.000185791,0.000493106
0,0,0,0.000243578,0.000493106
0,0,0,0.000404306,0.000493106
0,0,0,0.000397623,0.000493106
0,0,0,0.000248717,0.000493106
0,0,0,0.00018239,0.000493106
0,0,0,0.000238265,0.000493106
0,0,0,0.000254668,0.000493106
0,0,0,0.000115382,0.000493106
0,0,0,0.000214097,0.000493106
0,0,0,0.000156395,0.000493106
0,0,0,0.00019741,0.000493106
0,0,0,0.000320173,0.000493106
0,0,0,0.000186272,0.000493106
0,0,0,0.000157981,0.000493106
0,0,0,0.000318858,0.000493106
0,0,0,5.76E-05,0.000493106
0,0,0,0.000340446,0.000493106
0,0,0,0.000311664,0.000493106
0,0,0,0.000398664,0.000493106
0,0,0,0.000269231,0.000493106
0,0,0,0.000258898,0.000493106
0,0,0,0.000124298,0.000493106
0,0,0,0.000207614,0.000493106
0,0,0,0.000266374,0.000493106
0,0,0,0.000283239,0.000493106
0,0,0,0.000228456,0.000493106
0,0,0,0.00036144,0.000493106
0,0,0,0.000289508,0.000493106
0,0,0,0.000345281,0.000493106
0,0,0,0.000166896,0.000493106
0,0,0,0.000409356,0.000493106
0,0,0,0.000415354,0.000493106
0,0,0,0.000213093,0.000493106
0,0,0,0.000207434,0.000493106
0,0,0,0.00038289,0.000493106
0,0,0,0.000154334,0.000493106
0,0,0,0.000149288,0.000493106
0,0,0,0.000392363,0.000493106
0,0,0,0.000141142,0.000493106
0,0,0,0.000405128,0.000493106
0,0,0,0.000405128,0.000493106
0,0,0,0.000311124,0.000493106
0,0,0,0.000166692,0.000493106
0,0,0,0.000249494,0.000493106
0,0,0,0.000345291,0.000493106
0,0,0,0.000235329,0.000493106
0,0,0,0.000239247,0.000493106
0,0,0,0.000176568,0.000493106
0,0,0,0.000422643,0.000493106
0,0,0,0.000176733,0.000493106
0,0,0,5.84E-05,0.000493106
0,0,0,0.000227387,0.000493106
0,0,0,0.000331099,0.000493106
0,0,0,9.95E-05,0.000493106
0,0,0,9.25E-05,0.000493106
0,0,0,0.000265958,0.000493106
0,0,0,0.00031309,0.000493106
0,0,0,0.000239528,0.000493106
0,0,0,0.000239328,0.000493106
0,0,0,0.000330369,0.000493106
0,0,0,0.000166571,0.000493106
0,0,0,0.000239837,0.000493106
0,0,0,0.000196918,0.000493106
0,0,0,0.000332234,0.000493106
0,0,0,0.000306334,0.000493106
0,0,0,0.000348895,0.000493106
0,0,0,0.000216494,0.000493106
0,0,0,0.000343962,0.000493106
0,0,0,0.00024682,0.000493106
0,0,0,0.000176877,0.000493106
0,0,0,0.000244205,0.000493106
0,0,0,0.000139698,0.000493106
0,0,0,0.000322294,0.000493106
0,0,0,0.000282552,0.000493106
0,0,0,0.000142103,0.000493106
0,0,0,0.000217014,0.000493106
0,0,0,0.000225201,0.000493106
0,0,0,0.000316032,0.000493106
0,0,0,0.000123397,0.000493106
0,0,0,0.000250602,0.000493106
0,0,0,0.00018208,0.000493106
0,0,0,0.000186846,0.000493106
0,0,0,0.000158202,0.000493106
0,0,0,0.000342537,0.000493106
0,0,0,0.00026632,0.000493106
0,0,0,0.000167395,0.000493106
0,0,0,0.000285128,0.000493106
0,0,0,0.000123487,0.000493106
0,0,0,0.000195949,0.000493106
0,0,0,0.000258549,0.000493106
0,0,0,0.000196031,0.000493106
0,0,0,0.000236881,0.000493106
0,0,0,0.000290662,0.000493106
0,0,0,0.000149233,0.000493106
0,0,0,0.000149244,0.000493106
0,0,0,0.000177282,0.000493106
0,0,0,0.000192552,0.000493106
0,0,0,0.00027158,0.000493106
0,0,0,0.000106828,0.000493106
0,0,0,0.000100152,0.000493106
0,0,0,0.000378752,0.000493106
0,0,0,0.000156373,0.000493106
0,0,0,0.000328137,0.000493106
0,0,0,0.000217964,0.000493106
0,0,0,0.000363418,0.000493106
0,0,0,0.00022232,0.000493106
0,0,0,0.000295402,0.000493106
0,0,0,0.000330641,0.000493106
0,0,0,7.84E-05,0.000493106
0,0,0,0.00032202,0.000493106
0,0,0,0.000268626,0.000493106
0,0,0,0.000196935,0.000493106
0,0,0,0.000158094,0.000493106
0,0,0,0.000269938,0.000493106
0,0,0,0.000195708,0.000493106
0,0,0,0.000149061,0.000493106
0,0,0,0.000154017,0.000493106
0,0,0,0.000157483,0.000493106
0,0,0,0.000337519,0.000493106
0,0,0,0.000165036,0.000493106
0,0,0,0.000239052,0.000493106
0,0,0,0.000305259,0.000493106
0,0,0,0.000225907,0.000493106
0,0,0,0.000259344,0.000493106
0,0,0,0.00024643,0.000493106
0,0,0,0.000289745,0.000493106
0,0,0,0.000358572,0.000493106
0,0,0,0.000173701,0.000493106
0,0,0,0.000149037,0.000493106
0,0,0,0.000465056,0.000493106
0,0,0,0.000332674,0.000493106
0,0,0,0.000374699,0.000493106
0,0,0,0.000266982,0.000493106
0,0,0,0.000186978,0.000493106
0,0,0,0.000114782,0.000493106
0,0,0,7.37E-05,0.000493106
0,0,0,0.00030254,0.000493106
0,0,0,0.000122674,0.000493106
0,0,0,0.000282828,0.000493106
0,0,0,0.000217905,0.000493106
0,0,0,0.000235586,0.000493106
0,0,0,0.000202935,0.000493106
0,0,0,0.000140349,0.000493106
0,0,0,0.000282099,0.000493106
0,0,0,0.000403528,0.000493106
0,0,0,0.000167055,0.000493106
0,0,0,0.000205914,0.000493106
0,0,0,0.000326775,0.000493106
0,0,0,0.000319973,0.000493106
0,0,0,0.000225912,0.000493106
0,0,0,0.000238009,0.000493106
0,0,0,0.000123526,0.000493106
0,0,0,0.00022751,0.000493106
0,0,0,0.000147229,0.000493106
0,0,0,0.000196818,0.000493106
0,0,0,8.17E-05,0.000493106
0,0,0,0.000235285,0.000493106
0,0,0,0.000386967,0.000493106
0,0,0,0.000322785,0.000493106
0,0,0,0.00010879,0.000493106
0,0,0,0.000284204,0.000493106
0,0,0,0.000156202,0.000493106
0,0,0,0.000163004,0.000493106
0,0,0,0.000207904,0.000493106
0,0,0,0.000213326,0.000493106
0,0,0,0.000158021,0.000493106
0,0,0,0.000256557,0.000493106
0,0,0,0.00024509,0.000493106
0,0,0,0.000363511,0.000493106
0,0,0,0.0003057,0.000493106
0,0,0,0.000115029,0.000493106
0,0,0,0.000214984,0.000493106
0,0,0,0.000118623,0.000493106
0,0,0,0.000502546,0.000493106
0,0,0,0.000124931,0.000502546
0,0,0,0.000262599,0.000502546
0,0,0,0.000260601,0.000502546
0,0,0,0.000196472,0.000502546
0,0,0,0.000207629,0.000502546
0,0,0,0.000140184,0.000502546
0,0,0,0.000167421,0.000502546
0,0,0,0.000260392,0.000502546
0,0,0,0.000166498,0.000502546
0,0,0,0.000318186,0.000502546
0,0,0,0.000157854,0.000502546
0,0,0,0.000167575,0.000502546
0,0,0,0.000187032,0.000502546
0,0,0,1.00E-04,0.000502546
0,0,0,0.000262573,0.000502546
0,0,0,0.000397682,0.000502546
0,0,0,0.000397682,0.000502546
0,0,0,0.000342053,0.000502546
0,0,0,0.000228752,0.000502546
0,0,0,9.60E-05,0.000502546
0,0,0,8.33E-05,0.000502546
0,0,0,0.000433726,0.000502546
0,0,0,0.00016981,0.000502546
0,0,0,0.000186322,0.000502546
0,0,0,0.000287436,0.000502546
0,0,0,0.000275199,0.000502546
0,0,0,0.000195435,0.000502546
0,0,0,0.000251104,0.000502546
0,0,0,0.00028738,0.000502546
0,0,0,7.84E-05,0.000502546
0,0,0,0.000167679,0.000502546
0,0,0,0.000176045,0.000502546
0,0,0,0.000439577,0.000502546
0,0,0,0.000194662,0.000502546
0,0,0,0.000176702,0.000502546
0,0,0,0.000163357,0.000502546
0,0,0,0.000264132,0.000502546
0,0,0,0.000309648,0.000502546
0,0,0,0.000292065,0.000502546
0,0,0,0.000321128,0.000502546
0,0,0,0.000185363,0.000502546
0,0,0,0.000172658,0.000502546
0,0,0,0.000235249,0.000502546
0,0,0,0.000167009,0.000502546
0,0,0,0.000287088,0.000502546
0,0,0,0.000173987,0.000502546
0,0,0,0.000198723,0.000502546
0,0,0,0.000143014,0.000502546
0,0,0,0.000203989,0.000502546
0,0,0,0.000224861,0.000502546
0,0,0,0.000147548,0.000502546
0,0,0,0.000215979,0.000502546
0,0,0,0.000350644,0.000502546
0,0,0,9.37E-05,0.000502546
0,0,0,0.000177543,0.000502546
0,0,0,0.000223933,0.000502546
0,0,0,0.000295176,0.000502546
0,0,0,0.000296493,0.000502546
0,0,0,0.000265479,0.000502546
0,0,0,0.000227805,0.000502546
0,0,0,0.000338376,0.000502546
0,0,0,0.000318496,0.000502546
0,0,0,0.000218821,0.000502546
0,0,0,0.000236177,0.000502546
0,0,0,0.000114039,0.000502546
0,0,0,0.000206534,0.000502546
0,0,0,0.00026138,0.000502546
0,0,0,0.000158367,0.000502546
0,0,0,0.000217824,0.000502546
0,0,0,0.000235855,0.000502546
0,0,0,0.000281662,0.000502546
0,0,0,0.000224686,0.000502546
0,0,0,0.000186976,0.000502546
0,0,0,0.000369088,0.000502546
0,0,0,0.000237626,0.000502546
0,0,0,0.000207198,0.000502546
0,0,0,0.000231379,0.000502546
0,0,0,0.000202926,0.000502546
0,0,0,0.000149227,0.000502546
0,0,0,0.000153272,0.000502546
0,0,0,0.000184043,0.000502546
0,0,0,0.000216676,0.000502546
0,0,0,0.00020893,0.000502546
0,0,0,0.000186377,0.000502546
0,0,0,0.000380026,0.000502546
0,0,0,0.000216036,0.000502546
0,0,0,0.000317872,0.000502546
0,0,0,0.000195008,0.000502546
0,0,0,0.000226463,0.000502546
0,0,0,0.000147877,0.000502546
0,0,0,0.000116569,0.000502546
0,0,0,9.99E-05,0.000502546
0,0,0,0.000300778,0.000502546
0,0,0,0.00023569,0.000502546
0,0,0,0.000272677,0.000502546
0,0,0,0.000138646,0.000502546
0,0,0,0.00014903,0.000502546
0,0,0,0.000224119,0.000502546
0,0,0,0.000298917,0.000502546
0,0,0,0.000294667,0.000502546
0,0,0,7.10E-05,0.000502546
0,0,0,7.10E-05,0.000502546
0,0,0,0.000362526,0.000502546
0,0,0,0.000348998,0.000502546
0,0,0,0.000282586,0.000502546
0,0,0,0.000280263,0.000502546
0,0,0,0.000343103,0.000502546
0,0,0,0.000131724,0.000502546
0,0,0,0.000316671,0.000502546
0,0,0,0.00017367,0.000502546
0,0,0,0.000196879,0.000502546
0,0,0,0.000257568,0.000502546
0,0,0,0.000140018,0.000502546
0,0,0,0.000138214,0.000502546
0,0,0,0.000257799,0.000502546
0,0,0,0.000123246,0.000502546
0,0,0,0.00023243,0.000502546
0,0,0,0.000278756,0.000502546
0,0,0,0.000106247,0.000502546
0,0,0,0.000273639,0.000502546
0,0,0,0.000305986,0.000502546
0,0,0,0.000214179,0.000502546
0,0,0,0.000196983,0.000502546
0,0,0,0.000259876,0.000502546
0,0,0,0.000175363,0.000502546
0,0,0,0.000557493,0.000502546
0,0,0,0.000167569,0.000557493
0,0,0,0.000201433,0.000557493
0,0,0,0.000115022,0.000557493
0,0,0,0.000283576,0.000557493
0,0,0,0.00027626,0.000557493
0,0,0,0.000273158,0.000557493
0,0,0,0.000346195,0.000557493
0,0,0,0.000148755,0.000557493
0,0,0,0.000149032,0.000557493
0,0,0,0.000203147,0.000557493
0,0,0,0.000402326,0.000557493
0,0,0,0.000297026,0.000557493
0,0,0,0.000228512,0.000557493
0,0,0,0.000241265,0.000557493
0,0,0,0.000318936,0.000557493
0,0,0,7.38E-05,0.000557493
0,0,0,0.000108008,0.000557493
0,0,0,0.000282461,0.000557493
0,0,0,0.000282461,0.000557493
0,0,0,0.000190213,0.000557493
0,0,0,0.000221203,0.000557493
0,0,0,0.000294093,0.000557493
0,0,0,0.00030134,0.000557493
0,0,0,0.000271226,0.000557493
0,0,0,0.000416479,0.000557493
0,0,0,0.000212277,0.000557493
0,0,0,0.000332739,0.000557493
0,0,0,0.000237372,0.000557493
0,0,0,0.000124485,0.000557493
0,0,0,0.000195059,0.000557493
0,0,0,0.000226697,0.000557493
0,0,0,0.000157063,0.000557493
0,0,0,0.000167668,0.000557493
0,0,0,0.000308068,0.000557493
0,0,0,0.0002811,0.000557493
0,0,0,9.92E-05,0.000557493
0,0,0,0.000303232,0.000557493
0,0,0,0.000217634,0.000557493
0,0,0,0.00016412,0.000557493
0,0,0,0.000191692,0.000557493
0,0,0,0.000346762,0.000557493
0,0,0,0.000182019,0.000557493
0,0,0,0.000269468,0.000557493
0,0,0,0.000269468,0.000557493
0,0,0,0.000289051,0.000557493
0,0,0,0.000212668,0.000557493
0,0,0,0.000131414,0.000557493
0,0,0,0.00021752,0.000557493
0,0,0,0.000130316,0.000557493
0,0,0,0.000206439,0.000557493
0,0,0,0.000168071,0.000557493
0,0,0,0.000198559,0.000557493
0.000130656,-0.003423569,-0.008350167,0.000752824,0.000960021
0.000130656,-0.003423569,-0.008350167,0.000507704,0.001155352
-0.000261311,-0.03343014,-0.081536926,0.000874721,0.004682925
-0.000261311,-0.03343014,-0.081536926,0.001203419,0.004804821
0.000261311,-0.067665825,-0.165038596,0.002636051,0.009158289
0.000261311,-0.067665825,-0.165038596,0.00251605,0.010590921
-0.000522622,-0.100290419,-0.244610777,0.005044962,0.014426317
-0.000522622,-0.100290419,-0.244610777,0.004486309,0.016835229
-0.000130656,-0.128685898,-0.313868045,0.00709241,0.020173404
-0.000130656,-0.128685898,-0.313868045,0.005832542,0.022220851
-0.000914589,-0.161310492,-0.393440226,0.008461273,0.026056281
-0.000914589,-0.161310492,-0.393440226,0.009726785,0.027425143
0.000261311,-0.162720197,-0.39687853,0.008395853,0.028856334
0.000261311,-0.162720197,-0.39687853,0.007903057,0.028856334
-0.000522622,-0.165942379,-0.40473751,0.007238368,0.021429311
-0.000522622,-0.165942379,-0.40473751,0.007569651,0.026746732
-0.000522622,-0.166345152,-0.405719883,0.004457526,0.020986503
0.000261311,-0.165136834,-0.402772765,0.004029206,0.023871178
0.000261311,-0.165136834,-0.402772765,0.005165644,0.023871178
0.0011759,-0.161713265,-0.394422598,0.005650393,0.024176899
0.0011759,-0.161713265,-0.394422598,0.003407869,0.024661648
-0.000783933,-0.163928515,-0.399825647,0.003379854,0.024922027
-0.000783933,-0.163928515,-0.399825647,0.00280462,0.024922027
-0.000522622,-0.153456424,-0.37428396,0.002601042,0.023690898
-0.000522622,-0.153456424,-0.37428396,0.001155073,0.023690898
-0.0023518,-0.132109467,-0.322218212,0.001028566,0.021181729
-0.0023518,-0.132109467,-0.322218212,0.001565098,0.021181729
-0.0023518,-0.132109467,-0.322218212,0.001031143,0.021181729
-0.000783933,-0.126067876,-0.307482623,0.000842451,0.020471104
-0.000783933,-0.126067876,-0.307482623,0.001796728,0.020471104
0.000130656,-0.100894578,-0.246084336,0.000848595,0.01751166
0.000130656,-0.100894578,-0.246084336,0.000418876,0.01751166
0.000391967,-0.088811395,-0.216613158,0.000564088,0.016091164
0.000391967,-0.088811395,-0.216613158,0.000554555,0.016091164
-0.002874422,-0.069679688,-0.169950459,0.000388432,0.01384319
-0.002874422,-0.069679688,-0.169950459,0.000597314,0.01384319
0,-0.06404087,-0.156197243,0.000236946,0.0131791
0,-0.06404087,-0.156197243,0.00049156,0.0131791
0,-0.04954105,-0.12083183,0.00016104,0.011474487
0,-0.04954105,-0.12083183,0.000246157,0.011474487
-0.002743767,-0.045311936,-0.110516917,0.000244618,0.010978968
0.000261311,-0.040680049,-0.099219632,0.000256137,0.010432796
0.000261311,-0.040680049,-0.099219632,0.000630015,0.010432796
0.000391967,-0.040478663,-0.098728446,0.000180135,0.010409142
0.000391967,-0.040478663,-0.098728446,0.000341324,0.010409142
0,-0.041082822,-0.100202005,0.000631607,0.01048013
0,-0.041082822,-0.100202005,0.000172012,0.01048013
-0.000391967,-0.040881436,-0.099710819,0.000174412,0.010456492
-0.000391967,-0.040881436,-0.099710819,0.00028334,0.010456492
0,-0.040277277,-0.09823726,0.000425613,0.010385429
0,-0.040277277,-0.09823726,0.000625528,0.010385429
0.000261311,-0.040680049,-0.099219632,0.000249596,0.010432796
0.000261311,-0.040680049,-0.099219632,0.000140789,0.010432796
0.000130656,-0.040881436,-0.099710819,0.000500647,0.010456459
0.000130656,-0.040881436,-0.099710819,0.000415775,0.010456459
0,-0.040680049,-0.099219632,0.000305441,0.010432779
-0.0011759,-0.027187162,-0.06631015,0.000931076,0.00884705
-0.0011759,-0.027187162,-0.06631015,0.000603359,0.00884705
-0.000391967,-0.00221525,-0.005403049,0.000103914,0.005911508
-0.000391967,-0.00221525,-0.005403049,0.000155441,0.005911508
-0.000391967,-0.00221525,-0.005403049,0.00037829,0.005911508
0.003266389,-0.002618023,-0.006385422,0.000321569,0.005989532
0.003266389,-0.002618023,-0.006385422,0.000230829,0.005989532
0.011889656,-0.001006932,-0.002455931,0.000306419,0.005987274
0.011889656,-0.001006932,-0.002455931,0.000430222,0.005987274
0.0211662,-0.000805546,-0.001964745,0.000282108,0.006152613
0.0211662,-0.000805546,-0.001964745,0.000263242,0.006152613
0.038020767,-0.000604159,-0.001473559,0.001602786,0.006469847
0.038020767,-0.000604159,-0.001473559,0.000347581,0.006469847
0.057357789,0.001006932,0.002455931,0.000303135,0.006895963
0.057357789,0.001006932,0.002455931,0.000535088,0.006895963
0.081267756,0.002416637,0.005894236,0.001644148,0.007512236
0.081267756,0.002416637,0.005894236,0.001451308,0.007512236
0.106092311,0.006444364,0.015717962,0.001947114,0.008404868
0.106092311,0.006444364,0.015717962,0.001979733,0.008404868
0.106092311,0.006444364,0.015717962,0.002179658,0.008404868
0.139540133,0.016916456,0.041259649,0.002694183,0.010112015
0.176254344,0.017520615,0.042733208,0.00249484,0.010902182
0.176254344,0.017520615,0.042733208,0.00513412,0.010902182
0.176254344,0.017520615,0.042733208,0.003947502,0.010902182
0.205913156,0.016110911,0.039294904,0.003562855,0.011353038
0.205913156,0.016110911,0.039294904,0.005346317,0.011353038
0.2398836,0.018124774,0.044206767,0.00739176,0.012230011
0.2398836,0.018124774,0.044206767,0.006198688,0.013971377
0.2739847,0.017117843,0.041750835,0.009720374,0.014552172
0.2739847,0.017117843,0.041750835,0.008946081,0.016880786
0.2739847,0.017117843,0.041750835,0.006990171,0.016880786
0.310306944,0.018326161,0.044697953,0.009459867,0.017725245
0.310306944,0.018326161,0.044697953,0.006146281,0.017725245
0.347021156,0.012888728,0.031435923,0.013525736,0.01792302
0.347021156,0.012888728,0.031435923,0.008015989,0.021728381
0.396539611,0.023159434,0.056486424,0.014677898,0.0237295
0.396539611,0.023159434,0.056486424,0.017074673,0.024881662
0.396539611,0.023159434,0.056486424,0.019422267,0.027278436
0.481465722,0.008256842,0.020138638,0.01599969,0.010720001
0.481465722,0.008256842,0.020138638,0.03153425,0.026435966
0.518310589,0.004631887,0.011297285,0.01935835,0.042352767
0.518310589,0.004631887,0.011297285,0.031779768,0.042352767
0.518310589,0.004631887,0.011297285,0.033387946,0.042598285
0.552934311,0.004833273,0.011788471,0.028753597,0.044918594
0.584814267,0.005236046,0.012770844,0.045879313,0.045595534
0.584814267,0.005236046,0.012770844,0.045879313,0.058086901
0.584814267,0.005236046,0.012770844,0.0219426,0.058086901
0.619829956,0.004833273,0.011788471,0.033389764,0.058747828
0.619829956,0.004833273,0.011788471,0.049216274,0.058747828
0.653931056,-0.001812477,-0.004420677,0.061757468,0.062471772
0.653931056,-0.001812477,-0.004420677,0.032757849,0.075012967
0.671046933,0.024569139,0.059924728,0.026403647,0.077584388
0.710766222,0.001208318,0.002947118,0.02004362,0.015243401
0.710766222,0.001208318,0.002947118,0.040069996,0.03437685
0.739902411,0.006242978,0.015226775,0.049103912,0.055477642
0.739902411,0.006242978,0.015226775,0.033041427,0.064511558
0.741078311,-0.005638819,-0.013753216,0.044325083,0.064476036
0.741078311,-0.005638819,-0.013753216,0.039237732,0.064476036
0.741078311,-0.005638819,-0.013753216,0.038698082,0.064476036
0.759108778,0.006041591,0.014735589,0.050713929,0.064875992
0.759108778,0.006041591,0.014735589,0.053328338,0.066486009
0.757540911,-0.001611091,-0.00392949,0.052064226,0.06863637
0.757540911,-0.001611091,-0.00392949,0.055824196,0.06863637
0.753098622,-0.021749729,-0.05304812,0.050983588,0.073014373
0.753098622,-0.021749729,-0.05304812,0.048774945,0.073014373
0.759108778,-0.01893032,-0.046171512,0.054347428,0.072857952
0.759108778,-0.01893032,-0.046171512,0.061967237,0.072857952
0.757932878,-0.027187162,-0.06631015,0.053991699,0.079788049
0.757932878,-0.027187162,-0.06631015,0.066207942,0.079788049
0.757932878,-0.027187162,-0.06631015,0.067815619,0.084028754
0.760937956,-0.018124774,-0.044206767,0.063980027,0.084806965
0.767209422,-0.027388548,-0.066801337,0.058629978,0.085841635
0.767209422,-0.027388548,-0.066801337,0.061653661,0.085841635
0.767209422,-0.027388548,-0.066801337,0.056127902,0.085841635
0.7749181,-0.03282598,-0.080063367,0.065852901,0.086530415
0.7749181,-0.03282598,-0.080063367,0.014040644,0.086530415
0.792164633,-0.050547982,-0.123287761,0.078953405,0.088622644
0.792164633,-0.050547982,-0.123287761,0.077934384,0.09976043
0.8054915,-0.060214528,-0.146864703,0.079733267,0.100982774
0.8054915,-0.060214528,-0.146864703,0.087414486,0.101762635
0.8066674,-0.04229114,-0.103149123,0.08344792,0.107695955
0.8066674,-0.04229114,-0.103149123,0.080160341,0.107695955
0.798828067,-0.030207957,-0.073677945,0.080464882,0.106349584
0.792687256,-0.006645751,-0.016209148,0.080002737,0.103917154
0.521576978,0.032624594,0.07957218,0.079758014,0.101049299
0.521576978,0.032624594,0.07957218,0.064328774,0.01487268
-0.000522622,-0.000805546,-0.001964745,0.003378979,0.005934804
-0.000522622,-0.000805546,-0.001964745,0.000273114,0.005934804
-0.007447367,-0.004229114,-0.010314912,0.000140474,0.006420894
-0.007447367,-0.004229114,-0.010314912,4.54E-05,0.006420894
-0.000261311,0,0,0.000310935,0.005842236
-0.000261311,0,0,0.000265186,0.005842236
-0.000522622,-0.001208318,-0.002947118,8.90E-05,0.005981224
-0.000522622,-0.001208318,-0.002947118,8.59E-05,0.005981224
-0.000522622,-0.001208318,-0.002947118,0.000105525,0.005981224
0.000391967,0.000604159,0.001473559,0.000112223,0.005910355
0.000391967,0.000604159,0.001473559,0.000148621,0.005910355
0.001698522,0.001812477,0.004420677,0.000185638,0.006063516
0.001698522,0.001812477,0.004420677,0.000292444,0.006063516
0.005356878,-0.003826341,-0.00933254,0.000168644,0.006341973
0.009668511,0.002819409,0.006876608,0.00022914,0.006313498
0.009668511,0.002819409,0.006876608,0.000180932,0.006313498
0.020774233,0.006645751,0.016209148,0.000261278,0.006921602
0.040372567,0.004631887,0.011297285,0.000185541,0.007101649
0.040372567,0.004631887,0.011297285,0.000250705,0.007101649
0.057227133,0.002819409,0.006876608,0.000823355,0.007258005
0.057227133,0.002819409,0.006876608,0.000285318,0.007258005
0.057227133,0.002819409,0.006876608,0.001018132,0.007258005
0.081267756,0.001611091,0.00392949,0.001138655,0.007619864
0.081267756,0.001611091,0.00392949,0.000921878,0.007619864
0.108444111,0.004027728,0.009823726,0.002779743,0.008400336
0.108444111,0.004027728,0.009823726,0.003609428,0.008400336
0.142675867,0.008055455,0.019647452,0.006117385,0.009480969
0.142675867,0.008055455,0.019647452,0.005677299,0.009761345
0.174555822,0.006847137,0.016700334,0.005703996,0.0102792
0.174555822,0.006847137,0.016700334,0.007590241,0.0102792
0.213099211,0.006242978,0.015226775,0.011928315,0.012463125
0.213099211,0.006242978,0.015226775,0.011977545,0.016801199
0.213099211,0.006242978,0.015226775,0.009498728,0.016850429
0.258044722,0.015909524,0.038803718,0.012103096,0.018700388
0.258044722,0.015909524,0.038803718,0.013802533,0.018825939
0.287442222,0.012083183,0.029471178,0.016561518,0.020735301
0.287442222,0.012083183,0.029471178,0.010791494,0.023494287
0.322980533,0.010874865,0.02652406,0.015537718,0.024085751
0.3574736,0.012485956,0.030453551,0.016187472,0.024933492
0.3574736,0.012485956,0.030453551,0.019548436,0.024933492
0.3574736,0.012485956,0.030453551,0.01596039,0.02792041
0.396016989,0.003423569,0.008350167,0.023858761,0.027803078
0.396016989,0.003423569,0.008350167,0.02112188,0.032113403
0.442399711,0.006444364,0.015717962,0.025353716,0.033336412
0.442399711,0.006444364,0.015717962,0.027005704,0.034831367
0.483164244,0.006847137,0.016700334,0.032720339,0.037337973
0.483164244,0.006847137,0.016700334,0.044208437,0.043052608
0.517657311,0.002819409,0.006876608,0.059547253,0.054836801
0.517657311,0.002819409,0.006876608,0.061235315,0.070175617
0.550974478,0.010673478,0.026032874,0.077095379,0.073298187
0.550974478,0.010673478,0.026032874,0.071729777,0.089158251
0.584944922,0.009062387,0.022103383,0.062149955,0.089679817
0.584944922,0.009062387,0.022103383,0.0780156,0.089679817
0.612774556,0.0044305,0.010806099,0.057981502,0.090703656
0.612774556,0.0044305,0.010806099,0.057981502,0.090703656
0.612774556,0.0044305,0.010806099,58.72167249,0.090703656
0.643086644,-0.0044305,-0.010806099,0.039102296,0.014213939
0.644262544,-0.000201386,-0.000491186,0.085568283,0.052007195
0.644262544,-0.000201386,-0.000491186,0.116014994,0.098473182
0.612382589,-0.013492888,-0.032909482,0.088472058,0.129581998
0.612382589,-0.013492888,-0.032909482,0.091822051,0.129581998
0.533074667,-0.02618023,-0.063854219,0.025056738,0.129243506
0.533074667,-0.02618023,-0.063854219,0.073862665,0.129243506
0.533074667,-0.02618023,-0.063854219,0.077901795,0.129243506
0.492571444,-0.026985775,-0.065818964,0.071904557,0.128513955
0.353292622,-0.024971911,-0.060907101,0.033062607,0.12553476
0.353292622,-0.024971911,-0.060907101,0.031944386,0.12553476
0.353292622,-0.024971911,-0.060907101,0.030765026,0.12553476
0.2410595,-0.061825619,-0.150794194,0.015362636,0.127023994
0.2410595,-0.061825619,-0.150794194,0.014653191,0.127023994
0.2046066,-0.062027006,-0.15128538,0.011188772,0.126342445
0.2046066,-0.062027006,-0.15128538,0.00661514,0.126342445
0.202516111,-0.06404087,-0.156197243,0.006952697,0.126510896
0.202516111,-0.06404087,-0.156197243,0.007342772,0.126510896
0.155872078,-0.08518644,-0.207771805,0.009382657,0.12787849
0.155872078,-0.08518644,-0.207771805,0.009437331,0.12787849
0.136273744,-0.07350603,-0.179282999,0.007578708,0.126283001
0.136273744,-0.07350603,-0.179282999,0.008127253,0.126283001
0.136273744,-0.07350603,-0.179282999,0.00501592,0.126283001
0.122424256,-0.063033938,-0.153741312,0.006211924,0.124918624
0.122424256,-0.063033938,-0.153741312,0.006542008,0.124918624
0.100082156,-0.047929959,-0.116902339,0.004030507,0.122910432
0.100082156,-0.047929959,-0.116902339,0.004296159,0.122910432
0.100996744,-0.046117482,-0.112481662,0.002268774,0.122734816
0.100996744,-0.046117482,-0.112481662,0.003718413,0.122734816
0.096162489,-0.039471731,-0.096272515,0.003854862,0.12194486
0.096162489,-0.039471731,-0.096272515,0.003738915,0.12194486
0.086885944,-0.044909163,-0.109534545,0.001538674,0.122352495
0.086885944,-0.044909163,-0.109534545,0.002991082,0.122352495
0.079307922,-0.057395119,-0.139988095,0.003250155,0.123572471
0.079307922,-0.057395119,-0.139988095,0.002312951,0.123572471
0.070684656,-0.065450574,-0.159635547,0.001798065,0.124327081
0.070684656,-0.065450574,-0.159635547,0.002209265,0.124327081
0.070684656,-0.065450574,-0.159635547,0.001793625,0.124327081
0.059448278,-0.086797531,-0.211701295,0.001266851,0.126587129
0.059448278,-0.086797531,-0.211701295,0.00155478,0.126587129
0.056181889,-0.089415554,-0.218086717,0.001406241,0.126850481
0.056181889,-0.089415554,-0.218086717,0.001785241,0.126850481
0.052392878,-0.086394758,-0.210718922,0.001414661,0.12646455
0.052392878,-0.086394758,-0.210718922,0.001037102,0.12646455
0.0435083,-0.076728212,-0.18714198,0.001099138,0.125264781
0.0435083,-0.076728212,-0.18714198,0.000784129,0.125264781
0.039066011,-0.069478302,-0.169459273,0.000757724,0.124387528
0.039066011,-0.069478302,-0.169459273,0.000625698,0.124387528
0.026784389,-0.036450935,-0.08890472,0.000159008,0.120475854
0.026784389,-0.036450935,-0.08890472,0.000251662,0.120475854
0.026784389,-0.036450935,-0.08890472,0.000100142,0.120475854
0.028744222,-0.031819048,-0.077607435,0.000260595,0.119976889
0.028744222,-0.031819048,-0.077607435,0.000159517,0.119976889
0.029528156,-0.031013503,-0.07564269,9.91E-05,0.119897148
0.028744222,-0.047124414,-0.114937594,0.000529251,0.12171648
0.028744222,-0.047124414,-0.114937594,0.00040115,0.12171648
0.012542933,-0.019735865,-0.048136257,0.000232837,0.118408132
-0.001959833,0.003826341,0.00933254,1.86E-05,0.116474277
0.000522622,-0.002013864,-0.004911863,3.36E-05,0.11625308
0.000522622,-0.002013864,-0.004911863,0.000112571,0.11625308
0.000522622,-0.002013864,-0.004911863,6.65E-05,0.11625308
0,0,0,0.000332439,0.116014994
-0.002221144,0.005437432,0.01326203,7.55E-05,0.116662947
-0.002221144,0.005437432,0.01326203,0.000520721,0.116662947
-0.002221144,0.005437432,0.01326203,0.000721217,0.116662947
-0.003266389,0.029201025,0.071222013,0.001048236,0.119451538
-0.003266389,0.029201025,0.071222013,0.001460983,0.119451538
-0.002482456,0.053770164,0.131146742,0.001463583,0.122337413
-0.002482456,0.053770164,0.131146742,0.002131602,0.122337413
-0.001829178,0.080554553,0.19647452,0.003023208,0.125485481
-0.003005078,0.104519533,0.254925689,0.003449893,0.128303276
-0.003005078,0.104519533,0.254925689,0.004100443,0.128303276
-0.003005078,0.104519533,0.254925689,0.004100443,0.128303276
-0.003005078,0.104519533,0.254925689,0.002699906,0.128303276
0,0.122845693,0.299623642,0.004223904,0.130456854
0,0.122845693,0.299623642,0.003335713,0.130456854
0.000653278,0.12304708,0.300114829,0.003480192,0.130480564
0.000653278,0.12304708,0.300114829,0.003441532,0.130480564
-0.000653278,0.12304708,0.300114829,0.002505902,0.130480564
-0.000653278,0.12304708,0.300114829,0.003035916,0.130480564
0.000391967,0.121838761,0.297167711,0.002975763,0.130338491
0.000391967,0.121838761,0.297167711,0.003030758,0.130338491
-0.001829178,0.121234602,0.295694152,0.003907281,0.130267728
-0.001829178,0.121234602,0.295694152,0.003124327,0.130267728
-0.000522622,0.122040148,0.297658897,0.002828527,0.130362175
-0.000522622,0.122040148,0.297658897,0.003581876,0.130362175
-0.000391967,0.123449853,0.301097201,0.003636252,0.130527892
-0.000391967,0.123449853,0.301097201,0.002580633,0.130527892
-0.000522622,0.121637375,0.296676525,0.002647697,0.130314825
-0.000522622,0.121637375,0.296676525,0.004294554,0.130314825
-0.000522622,0.121637375,0.296676525,0.003762731,0.130314825
-0.000261311,0.123651239,0.301588388,0.004375639,0.13055156
-0.000261311,0.123651239,0.301588388,0.005133633,0.13055156
0.000522622,0.121637375,0.296676525,0.003335292,0.130314825
0.000522622,0.121637375,0.296676525,0.004953348,0.130314825
0.000261311,0.122442921,0.29864127,0.004517204,0.130409509
0.000261311,0.122442921,0.29864127,0.003897786,0.130409509
-0.000522622,0.123248466,0.300606015,0.004318638,0.130504226
-0.000522622,0.123248466,0.300606015,0.002956929,0.130504226
-0.000522622,0.123248466,0.300606015,0.002935527,0.130504226
0,0.123248466,0.300606015,0.003191586,0.130504204
-0.000261311,0.121637375,0.296676525,0.00371772,0.130314808
-0.000261311,0.121637375,0.296676525,0.003407131,0.130314808
-0.000391967,0.12304708,0.300114829,0.003743173,0.130480541
-0.000391967,0.12304708,0.300114829,0.003278724,0.130480541
-0.000391967,0.12304708,0.300114829,0.003578192,0.130480541
0.000261311,0.123651239,0.301588388,0.004231466,0.13055156
0.000261311,0.123651239,0.301588388,0.003609811,0.13055156
-0.001829178,0.119623511,0.291764662,0.003488485,0.130078331
-0.001829178,0.119623511,0.291764662,0.003818801,0.130078331
0,0.124859557,0.304535505,0.003309585,0.130693606
0,0.124859557,0.304535505,0.004010223,0.130693606
0.000783933,0.122845693,0.299623642,0.004299052,0.130456904
0.000783933,0.122845693,0.299623642,0.004191998,0.130456904
0,0.121637375,0.296676525,0.004501683,0.130314803
0,0.121637375,0.296676525,0.004526836,0.130314803
0,0.121637375,0.296676525,0.003521955,0.130314803
-0.000391967,0.120630443,0.294220593,0.001224333,0.13019644
-0.000391967,0.120630443,0.294220593,0.001606959,0.13019644
-0.000653278,0.107741715,0.26278467,0.003371856,0.128681255
-0.000653278,0.107741715,0.26278467,0.002394074,0.128681255
0.001567867,0.097873782,0.238716541,0.002386979,0.127521383
0.001567867,0.097873782,0.238716541,0.002396517,0.127521383
0,0.090623872,0.221033835,0.001914301,0.126668825
0,0.090623872,0.221033835,0.00134926,0.126668825
-0.000783933,0.076526825,0.186650794,0.001229547,0.125011643
-0.000783933,0.076526825,0.186650794,0.001679212,0.125011643
0.000261311,0.070888007,0.172897577,0.001441847,0.124348667
0.000261311,0.070888007,0.172897577,0.001616917,0.124348667
-0.001045244,0.069276916,0.168968087,0.000500406,0.124159414
-0.001045244,0.069276916,0.168968087,0.000618007,0.124159414
-0.001045244,0.069276916,0.168968087,0.001187578,0.124159414
0.000783933,0.057999278,0.141461654,0.000621305,0.122833552
0.001698522,0.0517563,0.126234879,0.000460152,0.122100073
0.001698522,0.0517563,0.126234879,0.000329605,0.122100073
0.001698522,0.0517563,0.126234879,0.000388624,0.122100073
0.000391967,0.047728573,0.116411153,0.000463441,0.121626044
0.000391967,0.047728573,0.116411153,0.000504861,0.121626044
0.000783933,0.04229114,0.103149123,0.000709295,0.120986927
0.000783933,0.04229114,0.103149123,0.000666693,0.120986927
-0.000130656,0.040881436,0.099710819,0.000436554,0.12082106
-0.000130656,0.040881436,0.099710819,0.000800045,0.12082106
-0.000130656,0.040478663,0.098728446,0.000433884,0.12077371
-0.000130656,0.040478663,0.098728446,0.000528583,0.12077371
-0.000130656,0.040478663,0.098728446,0.000370464,0.12077371
0.000130656,0.041284208,0.100693191,0.000530687,0.12086841
0.000130656,0.041284208,0.100693191,0.00054481,0.12086841
-0.000130656,0.040478663,0.098728446,0.000413729,0.12077371
-0.000130656,0.040478663,0.098728446,0.000448949,0.12077371
0.000130656,0.040478663,0.098728446,0.000449447,0.12077371
0.000130656,0.040478663,0.098728446,0.000539701,0.12077371
0.000391967,0.040478663,0.098728446,0.000395376,0.120773743
0.000391967,0.040478663,0.098728446,0.000368679,0.120773743
0.000391967,0.040478663,0.098728446,0.000270395,0.120773743
-0.000261311,0.040680049,0.099219632,0.000659043,0.120797397
-0.000261311,0.040680049,0.099219632,0.000422845,0.120797397
0,0.041082822,0.100202005,0.000290624,0.120844731
0,0.041082822,0.100202005,0.001347156,0.120844731
-0.000130656,0.040478663,0.098728446,0.000778416,0.12077371
-0.000130656,0.040478663,0.098728446,0.000667155,0.12077371
-0.000130656,0.041284208,0.100693191,0.000439049,0.12086841
0.000391967,0.04007589,0.097746074,0.000435775,0.120726393
0.000391967,0.04007589,0.097746074,0.000469173,0.120726393
0.0011759,0.02114557,0.051574561,0.000253055,0.118501542
0.000261311,-0.001208318,-0.002947118,0.000101959,0.116157604
0.000261311,-0.001208318,-0.002947118,0.00067806,0.116157604
0.0011759,-0.001006932,-0.002455931,0.000205033,0.116144194
0,0,0,0.000365563,0.116014994
0.000130656,-0.000201386,-0.000491186,0.000474796,0.116039443
0.000130656,-0.000201386,-0.000491186,0.000234515,0.116039443
0.000130656,-0.000201386,-0.000491186,0.0002892,0.116039443
0,0,0,0.000255357,0.116014994
0,0,0,0.000293495,0.116014994
-0.000130656,0.000201386,0.000491186,0.000300418,0.116039443
-0.000130656,0.000201386,0.000491186,0.000134467,0.116039443
-0.004442289,0,0,0.000344691,0.11610384
-0.004442289,0,0,0.000265126,0.11610384
-0.017377189,0.000604159,0.001473559,0.000289077,0.11642169
-0.017377189,0.000604159,0.001473559,2.85E-05,0.11642169
-0.033839789,0.001006932,0.002455931,0.000499266,0.116790327
-0.033839789,0.001006932,0.002455931,0.000475106,0.116790327
-0.053438122,0.006645751,0.016209148,0.00036405,0.117740356
-0.053438122,0.006645751,0.016209148,0.000479182,0.117740356
-0.073689733,0.006847137,0.016700334,0.000502732,0.118163151
-0.073689733,0.006847137,0.016700334,0.000476293,0.118163151
-0.073689733,0.006847137,0.016700334,0.000838145,0.118163151
-0.091981511,0.003624955,0.008841353,0.000516401,0.118209707
-0.091981511,0.003624955,0.008841353,0.000272052,0.118209707
-0.103348544,0.004631887,0.011297285,0.000593489,0.118535931
-0.103348544,0.004631887,0.011297285,0.000456536,0.118535931
-0.117851311,0.004833273,0.011788471,0.001096174,0.118845541
-0.117851311,0.004833273,0.011788471,0.000602567,0.118845541
-0.124514744,0.007048523,0.01719152,0.000963237,0.119196937
-0.124514744,0.007048523,0.01719152,0.001257507,0.119196937
-0.130263589,0.006645751,0.016209148,0.001028302,0.11927202
-0.130263589,0.006645751,0.016209148,0.000985342,0.11927202
-0.139540133,0.002819409,0.006876608,0.001636483,0.119081431
-0.139540133,0.002819409,0.006876608,0.000765995,0.119081431
-0.139540133,0.002819409,0.006876608,0.001368062,0.119081431
-0.142806522,0.004229114,0.010314912,0.00132976,0.119284973
-0.142806522,0.004229114,0.010314912,0.001935754,0.119284973
-0.143721111,0.000805546,0.001964745,0.001382194,0.118968051
-0.143721111,0.000805546,0.001964745,0.001493452,0.118968051
-0.144766356,-0.001208318,-0.002947118,0.000837664,0.119028307
-0.144766356,-0.001208318,-0.002947118,0.001339487,0.119028307
-0.146203567,-0.003423569,-0.008350167,0.00077094,0.119273874
-0.146203567,-0.003423569,-0.008350167,0.001579625,0.119273874
-0.148686022,-0.009263774,-0.02259457,0.0019741,0.119898264
-0.148686022,-0.009263774,-0.02259457,0.002539141,0.119898264
-0.148686022,-0.009263774,-0.02259457,0.001829967,0.119898264
-0.1493393,-0.012687342,-0.030944737,0.001293608,0.120250329
-0.1493393,-0.012687342,-0.030944737,0.001942631,0.120250329
-0.150253889,-0.014097047,-0.034383041,0.002181689,0.120408591
-0.150253889,-0.014097047,-0.034383041,0.002250111,0.120408591
-0.149731267,-0.016513683,-0.040277277,0.001015248,0.120638868
-0.149731267,-0.016513683,-0.040277277,0.00293859,0.120638868
-0.149077989,-0.013492888,-0.032909482,0.001690477,0.120325121
-0.149077989,-0.013492888,-0.032909482,0.002499161,0.120325121
-0.150645856,-0.015506751,-0.037821345,0.002848214,0.120556685
-0.150645856,-0.015506751,-0.037821345,0.001977727,0.120556685
-0.148294056,-0.014701206,-0.0358566,0.000484153,0.120429678
-0.148294056,-0.014701206,-0.0358566,0.000870597,0.120429678
-0.149208644,-0.013291501,-0.032418296,0.001274543,0.120307716
-0.150907167,-0.015909524,-0.038803718,0.003742459,0.120602013
-0.148424711,-0.015708138,-0.038312531,0.002486197,0.120532568
-0.148424711,-0.015708138,-0.038312531,0.003535391,0.120532568
-0.148424711,-0.015708138,-0.038312531,0.004101657,0.120532568
-0.150645856,-0.013090115,-0.031927109,0.004493095,0.120316349
-0.150645856,-0.013090115,-0.031927109,0.001511475,0.120316349
-0.148294056,-0.011076251,-0.027015246,0.001989521,0.120069747
-0.148294056,-0.011076251,-0.027015246,0.001463405,0.120069747
-0.148032744,-0.008659614,-0.021121011,0.002464848,0.119825551
-0.148032744,-0.008659614,-0.021121011,0.003481409,0.119825551
-0.148686022,-0.007652683,-0.018665079,0.001901265,0.119739254
-0.149992578,-0.009666546,-0.023576942,0.001836837,0.119964147
-0.147902089,-0.0044305,-0.010806099,0.00192203,0.119406607
-0.147902089,-0.0044305,-0.010806099,0.004222229,0.119406607
-0.147510122,-0.003826341,-0.00933254,0.002153888,0.119339491
-0.147510122,-0.003826341,-0.00933254,0.003073677,0.119339491
-0.147510122,-0.003826341,-0.00933254,0.002143012,0.119339491
-0.148816678,0.000604159,0.001473559,0.002159492,0.119050295
-0.149600611,0.003826341,0.00933254,0.001768534,0.119381287
-0.149600611,0.003826341,0.00933254,0.002455793,0.119381287
-0.149600611,0.003826341,0.00933254,0.00111356,0.119381287
-0.150123233,0.001006932,0.002455931,0.003683716,0.119115764
-0.150123233,0.001006932,0.002455931,0.003662154,0.119115764
-0.151037822,0.002819409,0.006876608,0.002821537,0.119311341
-0.151037822,0.002819409,0.006876608,0.001608062,0.119311341
-0.149731267,0.004833273,0.011788471,0.003124045,0.119482718
-0.149731267,0.004833273,0.011788471,0.001558627,0.119482718
-0.147902089,0.003624955,0.008841353,0.003462311,0.119327578
-0.147902089,0.003624955,0.008841353,0.001549163,0.119327578
-0.1399321,0.007854069,0.019156266,0.003012988,0.119584292
-0.1399321,0.007854069,0.019156266,0.002620625,0.119584292
-0.129610311,0.003222182,0.007858981,0.003376332,0.118922361
-0.129610311,0.003222182,0.007858981,0.002978441,0.118922361
-0.129610311,0.003222182,0.007858981,0.002327884,0.118922361
-0.114192956,-0.001208318,-0.002947118,0.002059757,0.118416866
-0.114192956,-0.001208318,-0.002947118,0.001803086,0.118416866
-0.107921489,0.003222182,0.007858981,0.001750283,0.118488745
-0.107921489,0.003222182,0.007858981,0.001641881,0.118488745
-0.096293144,0.001812477,0.004420677,0.000760311,0.118118025
-0.096293144,0.001812477,0.004420677,0.00071867,0.118118025
-0.095901178,0.002819409,0.006876608,0.001424949,0.118208911
-0.095901178,0.002819409,0.006876608,0.001124574,0.118208911
-0.085448733,0.001208318,0.002947118,0.00067189,0.117842024
-0.085448733,0.001208318,0.002947118,0.001019947,0.117842024
-0.079569233,0.003020796,0.007367794,0.000848088,0.117902237
-0.079569233,0.003020796,0.007367794,0.00050047,0.117902237
-0.076302844,0.000805546,0.001964745,0.000371713,0.117619726
-0.076302844,0.000805546,0.001964745,0.000584519,0.117619726
-0.068986133,0.001208318,0.002947118,0.000544526,0.117512813
-0.068986133,0.001208318,0.002947118,0.000615962,0.117512813
-0.068986133,0.001208318,0.002947118,0.000299468,0.117512813
-0.068855478,-0.000604159,-0.001473559,0.000562303,0.117451099
-0.068855478,-0.000604159,-0.001473559,0.000277476,0.117451099
-0.059186967,-0.000604159,-0.001473559,0.000214404,0.117257738
-0.059186967,-0.000604159,-0.001473559,0.00033143,0.117257738
-0.051478289,0.000402773,0.000982373,0.000477143,0.117083886
-0.051478289,0.000402773,0.000982373,0.00040312,0.117083886
-0.049257144,0.001006932,0.002455931,0.000111124,0.11709858
-0.049257144,0.001006932,0.002455931,0.000237752,0.11709858
-0.044292233,-0.00221525,-0.005403049,0.000190254,0.117118068
-0.044292233,-0.00221525,-0.005403049,0.000172179,0.117118068
-0.044292233,-0.00221525,-0.005403049,0.000418734,0.117118068
-0.042593711,0,0,0.000211118,0.116866868
-0.042593711,0,0,0.00016828,0.116866868
-0.038020767,0.000201386,0.000491186,0.000434662,0.116795068
-0.038020767,0.001812477,0.004420677,7.39E-05,0.1169531
-0.038020767,0.001812477,0.004420677,0.000178748,0.1169531
-0.038020767,0.001812477,0.004420677,0.000133915,0.1169531
-0.034754378,0.001611091,0.00392949,0.000386598,0.116868008
-0.034754378,0.001611091,0.00392949,0.000216439,0.116868008
-0.033578478,0.001006932,0.002455931,0.000241214,0.116785103
-0.033578478,0.001006932,0.002455931,0.000234355,0.116785103
-0.030181433,-0.001812477,-0.004420677,8.23E-05,0.116796537
-0.030181433,-0.001812477,-0.004420677,0.000805666,0.116796537
-0.027307011,0.000604159,0.001473559,0.000217475,0.11662021
-0.027307011,0.000604159,0.001473559,0.000171676,0.11662021
-0.027437667,0.000805546,0.001964745,0.000208291,0.116642574
-0.027437667,0.000805546,0.001964745,0.000246414,0.116642574
-0.024432589,-0.000604159,-0.001473559,0.000536082,0.116562738
-0.024432589,-0.000604159,-0.001473559,0.000138298,0.116562738
-0.024432589,-0.000604159,-0.001473559,0.000356824,0.116562738
-0.021950133,0.000402773,0.000982373,0.000210299,0.116493366
-0.021950133,0.000402773,0.000982373,0.00044333,0.116493366
-0.021427511,0.002819409,0.006876608,0.000289909,0.116722303
-0.021427511,0.002819409,0.006876608,8.44E-05,0.116722303
-0.019728989,0.001006932,0.002455931,0.000397946,0.116508325
-0.019728989,0.001006932,0.002455931,0.00013686,0.116508325
-0.019859644,0.000402773,0.000982373,0.000584187,0.116451564
-0.019859644,0.000402773,0.000982373,0.001047659,0.116451564
-0.020251611,0.000201386,0.000491186,4.66E-05,0.116439694
-0.020251611,0.000201386,0.000491186,0.000235461,0.116439694
-0.019728989,0.000604159,0.001473559,0.000732494,0.116468701
-0.019728989,0.000604159,0.001473559,0.000457686,0.116468701
-0.019728989,0.000604159,0.001473559,0.000384472,0.116468701
-0.019206367,-0.000201386,-0.000491186,0.00026404,0.11641879
-0.019206367,-0.000201386,-0.000491186,0.000206371,0.11641879
-0.0199903,0.000604159,0.001473559,0.000245089,0.116473925
-0.0199903,0.000604159,0.001473559,0.00042514,0.116473925
-0.019598333,0.000402773,0.000982373,0.000273961,0.116446339
-0.019598333,0.000402773,0.000982373,0.000373627,0.116446339
-0.020904889,0,0,0.000309403,0.116433092
-0.020251611,0.000201386,0.000491186,0.00079766,0.116439694
-0.020251611,0.000201386,0.000491186,0.000241582,0.116439694
-0.0070554,-0.004027728,-0.009823726,0.000239514,0.116570426
-0.000130656,0.000201386,0.000491186,0.000529929,0.116039443
-0.000130656,0.000201386,0.000491186,0.000262464,0.116039443
0.000130656,-0.000201386,-0.000491186,0.000195556,0.116039443
0.000130656,-0.000201386,-0.000491186,0.00052988,0.116039443
0.000130656,-0.000201386,-0.000491186,0.000491166,0.116039443
0,0,0,0.000518122,0.116014994
0,0,0,0.000302756,0.116014994
0,0,0,0.000373246,0.116014994
0,0,0,0.000490399,0.116014994
0,0,0,0.000382105,0.116014994
0,0,0,0.000241099,0.116014994
0,0,0,0.000746177,0.116014994
0,0,0,0.000796092,0.116014994
0,0,0,0.000534101,0.116014994
0,0,0,0.000287343,0.116014994
0,0,0,0.000325438,0.116014994
0,0,0,0.00027862,0.116014994
0,0,0,0.000662676,0.116014994
0,0,0,0.00057469,0.116014994
0,0,0,0.00041455,0.116014994
0,0,0,0.0006168,0.116014994
0,0,0,0.000461342,0.116014994
0,0,0,0.000501314,0.116014994
0,0,0,0.000307963,0.116014994
0,0,0,0.000637929,0.116014994
0,0,0,0.000294642,0.116014994
0,0,0,0.000323704,0.116014994
0,0,0,0.000559761,0.116014994
0,0,0,0.000383933,0.116014994
0,0,0,0.000423044,0.116014994
0,0,0,0.000629171,0.116014994
0,0,0,0.000575909,0.116014994
0,0,0,0.000429557,0.116014994
0,0,0,0.000568988,0.116014994
0,0,0,0.00074978,0.116014994
0,0,0,0.0005114,0.116014994
0,0,0,0.00039007,0.116014994
0,0,0,0.000541462,0.116014994
0,0,0,0.000264529,0.116014994
0,0,0,0.000406938,0.116014994
0,0,0,0.000256378,0.116014994
0,0,0,0.000380716,0.116014994
0,0,0,0.000466511,0.116014994
0,0,0,0.000214307,0.116014994
0,0,0,0.000200979,0.116014994
0,0,0,0.000360822,0.116014994
0,0,0,0.000693577,0.116014994
0,0,0,0.000523514,0.116014994
0,0,0,0.000516299,0.116014994
0,0,0,0.000330392,0.116014994
0,0,0,0.000308972,0.116014994
0,0,0,0.000396998,0.116014994
0,0,0,0.000396833,0.116014994
0,0,0,0.000634237,0.116014994
0,0,0,0.000344177,0.116014994
0,0,0,0.000686741,0.116014994
0,0,0,0.000755046,0.116014994
0,0,0,0.000391689,0.116014994
0,0,0,0.000493756,0.116014994
0,0,0,0.000434893,0.116014994
0,0,0,0.000284571,0.116014994
0,0,0,0.000196074,0.116014994
0,0,0,0.000729016,0.116014994
0,0,0,0.000409718,0.116014994
0,0,0,0.000597854,0.116014994
0,0,0,0.000340209,0.116014994
0,0,0,0.00055473,0.116014994
0,0,0,0.00035648,0.116014994
0,0,0,0.000366485,0.116014994
0,0,0,0.000230286,0.116014994
0,0,0,0.000471291,0.116014994
0,0,0,0.000602889,0.116014994
0,0,0,0.000321959,0.116014994
0,0,0,0.000539879,0.116014994
0,0,0,0.000511137,0.116014994
0,0,0,0.000444465,0.116014994
0,0,0,0.000446656,0.116014994
0,0,0,0.000621774,0.116014994
0,0,0,0.000783467,0.116014994
0,0,0,0.000375558,0.116014994
0,0,0,0.000611007,0.116014994
0,0,0,0.000383789,0.116014994
0,0,0,0.000379119,0.116014994
0,0,0,0.000347383,0.116014994
0,0,0,0.000599478,0.116014994
0.002482456,0.000604159,0.001473559,0.000427699,0.116125035
0.002482456,0.000604159,0.001473559,0.000972695,0.116125035
0.002482456,0.000604159,0.001473559,0.000228754,0.116125035
0.040633878,0.00221525,0.005403049,0.001126457,0.117045001
0.040633878,0.00221525,0.005403049,0.001040587,0.117045001
0.073559078,-0.001006932,-0.002455931,0.003577817,0.117584551
0.073559078,-0.001006932,-0.002455931,0.001448804,0.117584551
0.108966733,0.002013864,0.004911863,0.004453823,0.118391176
0.108966733,0.002013864,0.004911863,0.002300944,0.118391176
0.108966733,0.002013864,0.004911863,0.00310219,0.118391176
0.142022589,0.001812477,0.004420677,0.004668307,0.119032504
0.160967644,0.002416637,0.005894236,0.005636323,0.119470479
0.160967644,0.002416637,0.005894236,0.006213517,0.119470479
0.160445022,-0.002819409,-0.006876608,0.007533981,0.119499454
0.160445022,-0.002819409,-0.006876608,0.007667182,0.119499454
0.160445022,-0.002819409,-0.006876608,0.006204889,0.119499454
0.1599224,0.000402773,0.000982373,0.007899476,0.119252747
0.1599224,0.000402773,0.000982373,0.006494285,0.119252747
0.159661089,0.001208318,0.002947118,0.006135207,0.119326192
0.159661089,0.001208318,0.002947118,0.004653727,0.119326192
0.160053056,-0.001409705,-0.003438304,0.006946469,0.119353712
0.160053056,-0.001409705,-0.003438304,0.005720479,0.119353712
0.160314367,0.00221525,0.005403049,0.006575888,0.11943771
0.160314367,0.00221525,0.005403049,0.005598298,0.11943771
0.1610983,-0.00221525,-0.005403049,0.003844521,0.119453387
0.1610983,-0.00221525,-0.005403049,0.005001403,0.119453387
0.160053056,-0.002618023,-0.006385422,0.005919095,0.1194719
0.160053056,-0.002618023,-0.006385422,0.005563032,0.1194719
0.161620922,-0.001812477,-0.004420677,0.006404963,0.119424443
0.161620922,-0.001812477,-0.004420677,0.006074304,0.119424443
0.161620922,-0.001812477,-0.004420677,0.006071092,0.119424443
0.160314367,0.001006932,0.002455931,0.005933909,0.119319582
0.160314367,0.001006932,0.002455931,0.006745098,0.119319582
0.159269122,0.000201386,0.000491186,0.007691684,0.119220027
0.159269122,0.000201386,0.000491186,0.007197931,0.119220027
0.159661089,-0.000805546,-0.001964745,0.005276991,0.119286846
0.159661089,-0.000805546,-0.001964745,0.006920631,0.119286846
0.158354533,-0.000805546,-0.001964745,0.006929719,0.119260716
0.158354533,-0.000805546,-0.001964745,0.007741033,0.119260716
0.160706333,-0.000402773,-0.000982373,0.00605558,0.119268426
0.160706333,-0.000402773,-0.000982373,0.00589796,0.119268426
0.159661089,-0.002013864,-0.004911863,0.006794732,0.119404945
0.1599224,-0.002416637,-0.005894236,0.006265674,0.119449577
0.161751578,0.001611091,0.00392949,0.004181146,0.119407366
0.161751578,0.001611091,0.00392949,0.005660164,0.119407366
0.161751578,0.001611091,0.00392949,0.005981148,0.119407366
0.158615844,-0.002416637,-0.005894236,0.005703118,0.119423449
0.158615844,-0.002416637,-0.005894236,0.007053121,0.119423449
0.160706333,0.002013864,0.004911863,0.008290219,0.119425848
0.160706333,0.002013864,0.004911863,0.006495641,0.119425848
0.159661089,-0.002013864,-0.004911863,0.006972995,0.119404945
0.159661089,-0.002013864,-0.004911863,0.008399397,0.119404945
0.161882233,0.001812477,0.004420677,0.005519501,0.119429669
0.161882233,0.001812477,0.004420677,0.002473216,0.119429669
0.161882233,0.001812477,0.004420677,0.0035585,0.119429669
0.158354533,-0.002416637,-0.005894236,0.00365257,0.119418223
0.158354533,-0.002416637,-0.005894236,0.002872019,0.119418223
0.160967644,0.000805546,0.001964745,0.004177664,0.119312977
0.160967644,0.000805546,0.001964745,0.003483199,0.119312977
0.159791744,-0.001409705,-0.003438304,0.003469578,0.119348486
0.159791744,-0.001409705,-0.003438304,0.00381511,0.119348486
0.159530433,0.000604159,0.001473559,0.002775468,0.119264568
0.159530433,0.000604159,0.001473559,0.003445088,0.119264568
0.160314367,0.001006932,0.002455931,0.002900327,0.119319582
0.160314367,0.001006932,0.002455931,0.003697506,0.119319582
0.157831911,-0.002416637,-0.005894236,0.003021376,0.119407772
0.157831911,-0.002416637,-0.005894236,0.002720304,0.119407772
0.158093222,0.002013864,0.004911863,0.002443428,0.11937359
0.158093222,0.002013864,0.004911863,0.002490529,0.11937359
0.153781589,0.001409705,0.003438304,0.002788619,0.119228287
0.153781589,0.001409705,0.003438304,0.002633377,0.119228287
0.153781589,0.001409705,0.003438304,0.002720121,0.119228287
0.1387562,-0.000402773,-0.000982373,0.002562982,0.118829425
0.1387562,-0.000402773,-0.000982373,0.002346512,0.118829425
0.129087689,0.001611091,0.00392949,0.002385084,0.118754129
0.102825922,-0.00221525,-0.005403049,0.001112089,0.118288112
0.102825922,-0.00221525,-0.005403049,0.001430828,0.118288112
0.102825922,-0.00221525,-0.005403049,0.001550699,0.118288112
0.101258056,0.001409705,0.003438304,0.001114173,0.118177884
0.101258056,0.001409705,0.003438304,0.001371648,0.118177884
0.100343467,-0.000402773,-0.000982373,0.002051534,0.118061175
0.100343467,-0.000402773,-0.000982373,0.001363818,0.118061175
0.100343467,-0.000402773,-0.000982373,0.001160889,0.118061175
0.100604778,-0.000805546,-0.001964745,0.001276519,0.118105744
0.100604778,-0.000805546,-0.001964745,0.001597012,0.118105744
0.098644944,0.001006932,0.002455931,0.001407811,0.118086233
0.098644944,0.001006932,0.002455931,0.002200411,0.118086233
0.099690189,-0.001409705,-0.003438304,0.001713157,0.11814653
0.099690189,-0.001409705,-0.003438304,0.001980802,0.11814653
0.100604778,0.000805546,0.001964745,0.001732669,0.118105744
0.100604778,0.000805546,0.001964745,0.001514184,0.118105744
0.100082156,0.001208318,0.002947118,0.001678339,0.118134668
0.100082156,0.001208318,0.002947118,0.001450767,0.118134668
0.0999515,0.000604159,0.001473559,0.00162326,0.118073003
0.100343467,0,0,0.001272122,0.118021864
0.100996744,0.001006932,0.002455931,0.001905228,0.118133267
0.067287611,0.001409705,0.003438304,0.00097828,0.117498574
-0.000261311,0.000805546,0.001964745,0.000418423,0.116110521
-0.001698522,-0.001409705,-0.003438304,6.15E-05,0.116196673
-0.001698522,-0.001409705,-0.003438304,0.000636013,0.116196673
-0.001698522,-0.001409705,-0.003438304,0.000110598,0.116196673
0,0,0,0.000110849,0.116014994
0,0,0,0.000400555,0.116014994
-0.0023518,0.003624955,0.008841353,0.000528941,0.116455069
-0.0011759,0.005437432,0.01326203,0.001213805,0.116656738
-0.001045244,0.038666185,0.094307769,0.001733206,0.120560911
-0.001045244,0.038666185,0.094307769,0.000663361,0.120560911
-0.000391967,0.067867211,0.165529783,0.001658323,0.123993552
-0.000391967,0.067867211,0.165529783,0.002331841,0.123993552
-0.000653278,0.099686259,0.243137218,0.003638305,0.127734251
-0.000653278,0.099686259,0.243137218,0.004682341,0.127734251
-0.000261311,0.130901149,0.319271094,0.007030701,0.131403866
-0.000261311,0.130901149,0.319271094,0.007030701,0.131403866
-0.000261311,0.130901149,0.319271094,0.009115479,0.131403866
-0.000130656,0.163727129,0.399334461,0.008954106,0.135262916
0.000783933,0.165539607,0.403755138,0.007725362,0.135476029
0.000783933,0.165539607,0.403755138,0.008926178,0.135476029
0.000783933,0.165539607,0.403755138,0.008972553,0.135476029
-0.002221144,0.166143766,0.405228697,0.009964274,0.135547314
-0.002221144,0.166143766,0.405228697,0.00909547,0.135547314
-0.000653278,0.163324356,0.398352089,0.008922379,0.135215591
-0.000653278,0.163324356,0.398352089,0.006703422,0.135215591
-0.000914589,0.164532675,0.401299206,0.007176131,0.135357667
-0.000914589,0.164532675,0.401299206,0.007068417,0.135357667
-0.000261311,0.165539607,0.403755138,0.007949386,0.135475996
-0.000261311,0.165539607,0.403755138,0.008224351,0.135475996
-0.000261311,0.165539607,0.403755138,0.00672796,0.135475996
-0.000130656,0.162921584,0.397369716,0.00531106,0.135168216
-0.000130656,0.162921584,0.397369716,0.005838224,0.135168216
0.000391967,0.151643946,0.369863283,0.004635147,0.133842415
0.000391967,0.151643946,0.369863283,0.004834418,0.133842415
-0.002874422,0.135331649,0.330077193,0.005650373,0.131925325
-0.002874422,0.135331649,0.330077193,0.005204958,0.131925325
-0.0011759,0.123852625,0.302079574,0.005444635,0.130575341
0.004442289,0.115193011,0.280958563,0.003071229,0.129558909
-0.000130656,0.108144487,0.263767043,0.003274236,0.128728567
-0.000130656,0.108144487,0.263767043,0.003332391,0.128728567
0.002482456,0.09243635,0.225454511,0.001428688,0.126882568
0.002482456,0.09243635,0.225454511,0.003875969,0.126882568
-0.000522622,0.072901871,0.17780944,0.001763356,0.124585447
-0.000522622,0.072901871,0.17780944,0.00095602,0.124585447
-0.001437211,0.063033938,0.153741312,0.001008491,0.123425653
-0.001437211,0.063033938,0.153741312,0.000850306,0.123425653
-0.000522622,0.055985414,0.136549791,0.00055056,0.122596743
-0.000522622,0.055985414,0.136549791,0.00071545,0.122596743
0.000391967,0.042895299,0.104622682,0.000423678,0.121057843
0.000391967,0.042895299,0.104622682,0.000570234,0.121057843
0.000391967,0.042895299,0.104622682,0.000524822,0.121057843
-0.000130656,0.039673117,0.096763701,0.000726716,0.120679009
-0.000130656,0.039673117,0.096763701,0.000690353,0.120679009
-0.000130656,0.040478663,0.098728446,0.000422506,0.12077371
-0.000130656,0.040478663,0.098728446,0.00042684,0.12077371
0.000130656,0.040881436,0.099710819,0.000538733,0.12082106
0.000130656,0.040881436,0.099710819,0.000407372,0.12082106
0.000261311,0.041082822,0.100202005,0.000400215,0.120844747
0.000261311,0.041082822,0.100202005,0.000705202,0.120844747
0.000261311,0.041082822,0.100202005,0.000553033,0.120844747
-0.000130656,0.040478663,0.098728446,0.000595699,0.12077371
0.000130656,0.040881436,0.099710819,0.000281555,0.12082106
0.000130656,0.040881436,0.099710819,0.000379318,0.12082106
-0.000391967,0.040478663,0.098728446,0.000420638,0.120773743
0.002221144,0.027187162,0.06631015,0.000351253,0.119212955
0.002221144,0.027187162,0.06631015,0.000763626,0.119212955
0.001437211,0.000201386,0.000491186,0.000332179,0.116063667
0.001437211,0.000201386,0.000491186,0.000586563,0.116063667
0.000130656,0.000201386,0.000491186,0.000659168,0.116039443
0.000130656,0.000201386,0.000491186,0.000328261,0.116039443
0.003266389,0.003423569,0.008350167,0.000435958,0.116443637
0.003266389,0.003423569,0.008350167,0.000831088,0.116443637
0.011628344,0.004229114,0.010314912,6.53E-05,0.116675061
0.011628344,0.004229114,0.010314912,0.000980034,0.116675061
0.011628344,0.004229114,0.010314912,0.000454294,0.116675061
0.024824556,0.002819409,0.006876608,0.000568017,0.116789742
0.024824556,0.002819409,0.006876608,0.00048627,0.116789742
0.0411565,0.003826341,0.00933254,0.000416734,0.117214976
0.0411565,0.003826341,0.00933254,0.000556132,0.117214976
0.058141722,0.003020796,0.007367794,0.000756798,0.117474109
0.058141722,0.003020796,0.007367794,0.000532542,0.117474109
0.082443656,-0.000604159,-0.001473559,0.000908621,0.117722854
0.082443656,-0.000604159,-0.001473559,0.000928795,0.117722854
0.109097389,-0.005437432,-0.01326203,0.002503327,0.118730132
0.109097389,-0.005437432,-0.01326203,0.002537903,0.118730132
0.143851767,-0.001812477,-0.004420677,0.004829733,0.119069085
0.143851767,-0.001812477,-0.004420677,0.004836967,0.119069085
0.178344833,0.001812477,0.004420677,0.010632222,0.119758902
0.178344833,0.001812477,0.004420677,0.006874385,0.119758902
0.178344833,0.001812477,0.004420677,0.006063344,0.119758902
0.211923311,0.002416637,0.005894236,0.004012663,0.120489505
0.211923311,0.002416637,0.005894236,0.004686815,0.120489505
0.244717856,0.006242978,0.015226775,0.006313453,0.121520015
0.244717856,0.006242978,0.015226775,0.006669433,0.121520015
0.281301411,0.007451296,0.018173893,0.013914888,0.122369952
0.281301411,0.007451296,0.018173893,0.010249276,0.122369952
0.323503156,0.012485956,0.030453551,0.018557839,0.123708017
0.323503156,0.012485956,0.030453551,0.014809913,0.123708017
0.370147189,0.00503466,0.012279657,0.034697236,0.123909809
0.370147189,0.00503466,0.012279657,0.023115071,0.123909809
0.370147189,0.00503466,0.012279657,0.026953533,0.123909809
0.408167956,0.004027728,0.009823726,0.036424021,0.1245717
0.408167956,0.004027728,0.009823726,0.034915703,0.1245717
0.444620856,0.000604159,0.001473559,0.027412331,0.124966362
0.444620856,0.000604159,0.001473559,0.043510193,0.124966362
0.474279667,-0.00724991,-0.017682707,0.03548925,0.126209004
0.474279667,-0.00724991,-0.017682707,0.028496525,0.126209004
0.511385844,-0.014902592,-0.036347786,0.036884823,0.127700964
0.511385844,-0.014902592,-0.036347786,0.035640538,0.127700964
0.553326278,-0.018326161,-0.044697953,0.04511054,0.128875506
0.553326278,-0.018326161,-0.044697953,0.04285631,0.128875506
0.592392289,-0.029805185,-0.072695572,0.049082656,0.130785649
0.592392289,-0.029805185,-0.072695572,0.054228822,0.130785649
0.635639278,-0.036048162,-0.087922348,0.051833194,0.132265101
0.635639278,-0.036048162,-0.087922348,0.051337824,0.132265101
0.672222833,-0.039270345,-0.095781328,0.057464114,0.133313626
0.672222833,-0.039270345,-0.095781328,0.058355169,0.133313626
0.672222833,-0.039270345,-0.095781328,0.057570657,0.133313626
0.704625411,-0.038464799,-0.093816583,0.062539688,0.133881148
0.704625411,-0.038464799,-0.093816583,0.067802805,0.133881148
0.740425033,-0.039673117,-0.096763701,0.067687789,0.134715285
0.740425033,-0.039673117,-0.096763701,0.098909696,0.134715285
0.748264367,-0.027589934,-0.067292523,0.101633292,0.133682152
0.748264367,-0.027589934,-0.067292523,0.103269085,0.133682152
0.746043222,-0.019735865,-0.048136257,0.110083871,0.132866529
0.746043222,-0.019735865,-0.048136257,0.068413877,0.132866529
0.734545533,-0.012888728,-0.031435923,0.062985581,0.131965603
0.734545533,-0.012888728,-0.031435923,0.064898858,0.131965603
0.734545533,-0.012888728,-0.031435923,0.090465124,0.131965603
0.709851633,0.009062387,0.022103383,0.058014031,0.131097319
0.709851633,0.009062387,0.022103383,0.059924779,0.131097319
0.675881189,0.02114557,0.051574561,0.053448555,0.131602214
0.671961522,0.027992707,0.068274896,0.066241096,0.018428059
0.666212678,0.025173298,0.061398287,0.061028097,0.018137189
0.665820711,0.027791321,0.067783709,0.059027827,0.018823048
0.671961522,0.033228753,0.081045739,0.060695421,0.019586814
0.676665122,0.02839548,0.069257268,0.058018906,0.018339403
0.690906578,0.022958048,0.055995238,0.059133487,0.018201613
0.704102789,0.011881797,0.028979992,0.03521119,0.016996886
0.704102789,0.011881797,0.028979992,0.045568867,0.050454451
0.704102789,0.011881797,0.028979992,0.045278965,0.060812128
0.715339167,0.015909524,0.038803718,0.04962885,0.061431337
0.715339167,0.015909524,0.038803718,0.052435465,0.06549132
0.738595856,0.015103979,0.036838972,0.049453249,0.068684029
0.738595856,0.015103979,0.036838972,0.051365715,0.068684029
0.762767133,0.003222182,0.007858981,0.054373565,0.068005303
0.762767133,0.003222182,0.007858981,0.058895028,0.069943403
0.777531211,-0.000201386,-0.000491186,0.056352157,0.0744653
0.777531211,-0.000201386,-0.000491186,0.058732706,0.0744653
0.787069067,-0.008055455,-0.019647452,0.057161172,0.075423132
0.787069067,-0.008055455,-0.019647452,0.056254055,0.075423132
0.793993811,-0.011881797,-0.028979992,0.059969479,0.075935882
0.793993811,-0.011881797,-0.028979992,0.059429337,0.077010332
0.808496578,-0.021749729,-0.05304812,0.063378477,0.078267185
0.808496578,-0.021749729,-0.05304812,0.065930154,0.081676184
0.817119844,-0.031819048,-0.077607435,0.050790039,0.085389234
0.817119844,-0.031819048,-0.077607435,0.055845676,0.085389234
0.820255578,-0.022152502,-0.054030493,0.049669844,0.084502467
0.820255578,-0.022152502,-0.054030493,0.048609562,0.084502467
0.811240344,-0.018728934,-0.045680326,0.046676626,0.083986497
0.811240344,-0.018728934,-0.045680326,0.044013011,0.083986497
0.811240344,-0.018728934,-0.045680326,0.05097206,0.083986497
0.784717267,-0.017722002,-0.043224394,0.044520929,0.083357477
0.784717267,-0.017722002,-0.043224394,0.043371105,0.083357477
0.768777289,-0.019735865,-0.048136257,0.040919534,0.083236215
0.768777289,-0.019735865,-0.048136257,0.03902907,0.083236215
0.760415333,-0.002013864,-0.004911863,0.043065179,0.081334988
0.760415333,-0.002013864,-0.004911863,0.039448876,0.081334988
0.760415333,-0.002013864,-0.004911863,0.044324878,0.081334988
0.754797144,-0.010673478,-0.026032874,0.038520859,0.082068921
0.754797144,-0.010673478,-0.026032874,0.045035616,0.082068921
0.739510444,0.014097047,0.034383041,0.040785573,0.082098371
0.739510444,0.014097047,0.034383041,0.033086603,0.082098371
0.725399644,0.006847137,0.016700334,0.027497088,0.081106806
0.725399644,0.006847137,0.016700334,0.024998024,0.081106806
0.660594489,-0.000402773,-0.000982373,0.025468572,0.079181341
0.660594489,-0.000402773,-0.000982373,0.022432094,0.079181341
0.551235789,0.013492888,0.032909482,0.014748515,0.078274551
0.551235789,0.013492888,0.032909482,0.013836343,0.078274551
0.492440789,0.013492888,0.032909482,0.013584036,0.077099045
0.492440789,0.013492888,0.032909482,0.01167683,0.077099045
0.381383567,0.012687342,0.030944737,0.007407829,0.074799834
0.381383567,0.012687342,0.030944737,0.008137362,0.074799834
0.360478678,-0.019534479,-0.047645071,0.004789661,0.075056108
0.343493456,0.006645751,0.016209148,0.008842647,0.073449674
0.3151412,-0.000402773,-0.000982373,0.006608035,0.072272278
0.3151412,-0.000402773,-0.000982373,0.005315159,0.072272278
0.3151412,-0.000402773,-0.000982373,0.008165469,0.072272278
0.293060411,-0.006242978,-0.015226775,0.005383294,0.072401763
0.293060411,-0.006242978,-0.015226775,0.004473272,0.072401763
0.2916232,-0.004027728,-0.009823726,0.005537833,0.072156123
0.2916232,-0.004027728,-0.009823726,0.008057815,0.072156123
0.263532256,-0.011881797,-0.028979992,0.005268409,0.072365353
0.263532256,-0.011881797,-0.028979992,0.003436988,0.072365353
0.248768178,-0.009263774,-0.02259457,0.00632623,0.071812749
0.248768178,-0.009263774,-0.02259457,0.00534757,0.071812749
0.191541044,-0.005236046,-0.012770844,0.003748136,0.070273239
0.191541044,-0.005236046,-0.012770844,0.003785696,0.070273239
0.154173556,-0.010472092,-0.025541688,0.002150287,0.070042397
0.154173556,-0.010472092,-0.025541688,0.002125813,0.070042397
0.133660633,-0.005437432,-0.01326203,0.002094813,0.069136059
0.133660633,-0.005437432,-0.01326203,0.001930749,0.069136059
0.133660633,-0.005437432,-0.01326203,0.001730402,0.069136059
0.122162944,-0.003826341,-0.00933254,0.001267074,0.068747912
0.122162944,-0.003826341,-0.00933254,0.001650269,0.068747912
0.11759,-0.003222182,-0.007858981,0.001175053,0.068597196
0.11759,-0.003222182,-0.007858981,0.001492191,0.068597196
0.113931644,-0.002819409,-0.006876608,0.001745946,0.068484549
0.113931644,-0.002819409,-0.006876608,0.001696225,0.068484549
0.109620011,-0.001006932,-0.002455931,0.001019155,0.068220884
0.109620011,-0.001006932,-0.002455931,0.001294539,0.068220884
0.0975997,0.00221525,0.005403049,0.000800407,0.068098772
0.0975997,0.00221525,0.005403049,0.000935426,0.068098772
0.0975997,0.00221525,0.005403049,0.001211194,0.068098772
0.089237744,0.002618023,0.006385422,0.001368131,0.067971093
0.089237744,0.002618023,0.006385422,0.00068157,0.067971093
0.084011522,-0.001409705,-0.003438304,0.000932395,0.067748153
0.084011522,-0.001409705,-0.003438304,0.000730103,0.067748153
0.072513833,-0.021951116,-0.053539307,0.005657603,0.069586996
0.072513833,-0.021951116,-0.053539307,0.007729417,0.069586996
0.072513833,-0.021951116,-0.053539307,0.009058155,0.069586996
0.044553544,-0.077130985,-0.188124353,0.012336964,0.075236611
0.034885033,-0.092839122,-0.226436884,0.014525183,0.01794095
0.027568322,-0.110963897,-0.270643651,0.020551525,0.01352954
0.017899811,-0.131908081,-0.321727026,0.018747301,0.016065264
0.009145889,-0.149831469,-0.365442607,0.015135505,0.025371267
0.000783933,-0.164734061,-0.401790393,0.017335638,0.021342321
0.001045244,-0.164331288,-0.40080802,0.010253837,0.034586794
-0.001959833,-0.165740993,-0.404246324,0.010687021,0.020345056
-0.000130656,-0.161713265,-0.394422598,0.012050142,0.034518243
0.001306556,-0.160303561,-0.390984294,0.013030236,0.033288596
0,-0.160303561,-0.390984294,0.017174837,0.032489363
0.000653278,-0.133921944,-0.326638889,0.014479972,0.023044193
-0.000130656,-0.118213807,-0.288326358,0.009660133,0.021520138
-0.000130656,-0.118213807,-0.288326358,0.009254674,0.023557464
0.001306556,-0.092637736,-0.225945698,0.006208845,0.020550899
0.001306556,-0.092637736,-0.225945698,0.00640855,0.020550899
-0.000522622,-0.074915734,-0.182721303,0.005565228,0.018467336
-0.000522622,-0.074915734,-0.182721303,0.003011252,0.018467336
-0.000522622,-0.074915734,-0.182721303,0.002345797,0.018467336
0.002221144,-0.048534118,-0.118375898,0.002190971,0.015366867
0.002221144,-0.048534118,-0.118375898,0.002633769,0.015366867
-0.000783933,-0.040277277,-0.09823726,0.001709286,0.014395321
-0.000130656,-0.039270345,-0.095781328,0.002506946,0.014276797
-0.001437211,-0.02839548,-0.069257268,0.001446639,0.01299906
-0.001437211,-0.02839548,-0.069257268,0.000440442,0.01299906
0.007969989,-0.01389566,-0.033891855,0.000430504,0.011336188
0,-0.001611091,-0.00392949,0.000330883,0.009849534
0,-0.001611091,-0.00392949,0.000456296,0.009849534
0.015939978,0.003624955,0.008841353,0.00015621,0.010340726
0.015939978,0.003624955,0.008841353,0.000319218,0.010340726
0.168676322,0.003020796,0.007367794,0.009155372,0.013328912
0.168676322,0.003020796,0.007367794,0.008998248,0.013328912
0.304166133,0.002013864,0.004911863,0.033114146,0.015940063
0.304166133,0.002013864,0.004911863,0.033628852,0.039394076
0.408298611,0.020340025,0.049609816,0.058839032,0.043789343
0.408298611,0.020340025,0.049609816,0.054883644,0.068999524
0.408298611,0.020340025,0.049609816,0.058467778,0.068999524
0.479505889,0.025777457,0.062871846,0.075749539,0.070957871
0.527456478,0.021548343,0.052556934,0.040005488,0.014119687
0.531637456,0.027589934,0.067292523,0.071475945,0.013689294
0.489827678,-0.00503466,-0.012279657,0.038313613,0.010995056
0.489827678,-0.00503466,-0.012279657,0.089214752,0.04860187
0.487606533,-0.01449982,-0.035365414,0.076351862,0.10038581
0.487606533,-0.01449982,-0.035365414,0.090516072,0.10038581
0.468792133,-0.017319229,-0.042242022,0.072690575,0.101587992
0.468792133,-0.017319229,-0.042242022,0.07942178,0.101587992
0.461344767,-0.020742797,-0.050592189,0.071959424,0.101775977
0.461344767,-0.020742797,-0.050592189,0.077065044,0.101775977
0.324025778,-0.014902592,-0.036347786,0.016417324,0.09845735
0.324025778,-0.014902592,-0.036347786,0.01816299,0.09845735
0.324025778,-0.014902592,-0.036347786,0.018934692,0.09845735
0.129087689,-0.035444003,-0.086448789,0.005972348,0.096651329
0.0764335,-0.065047802,-0.158653175,0.00472019,0.098869516
0.041417811,-0.05457571,-0.133111487,0.002806771,0.097210779
0.041417811,-0.05457571,-0.133111487,0.000753818,0.097210779
-0.0011759,0.001409705,0.003438304,8.64E-05,0.09069032
-0.0011759,0.001409705,0.003438304,0.000281385,0.09069032
0.000522622,0.002013864,0.004911863,0.000397373,0.090754158
0.000522622,0.002013864,0.004911863,0.000214093,0.090754158
0.000261311,-0.006041591,-0.014735589,0.000631316,0.091226441
0.000261311,-0.006041591,-0.014735589,0.001465978,0.091226441
0.000261311,-0.006041591,-0.014735589,0.001638741,0.091226441
-0.000130656,-0.030812117,-0.075151504,0.003461313,0.09413838
-0.000130656,-0.030812117,-0.075151504,0.00412466,0.09413838
0.000130656,-0.054978482,-0.13409386,0.005226503,0.096979399
0.000130656,-0.054978482,-0.13409386,0.007396207,0.096979399
0.000522622,-0.078540689,-0.191562657,0.010439986,0.099749427
-0.000261311,-0.101095964,-0.246575522,0.011888002,0.023331912
0.000522622,-0.124054012,-0.30257076,0.014895418,0.023854348
-0.000391967,-0.124255398,-0.303061947,0.013163583,0.02135607
-0.001306556,-0.122442921,-0.29864127,0.013710466,0.02922447
0.000653278,-0.122644307,-0.299132456,0.014048493,0.022102373
0.000914589,-0.12304708,-0.300114829,0.012827436,0.022534197
-0.0011759,-0.12304708,-0.300114829,0.012810903,0.022458131
0.001829178,-0.121637375,-0.296676525,0.014235058,0.022453919
-0.000522622,-0.122442921,-0.29864127,0.014717405,0.022809881
0.000261311,-0.122040148,-0.297658897,0.006921193,0.019844974
0.000914589,-0.124255398,-0.303061947,0.007812024,0.021528846
0.000914589,-0.124255398,-0.303061947,0.008626686,0.022419677
0.000914589,-0.124255398,-0.303061947,0.008957015,0.02323434
-0.000653278,-0.121838761,-0.297167711,0.009535938,0.023280533
-0.000653278,-0.121838761,-0.297167711,0.008858358,0.023859457
0.000522622,-0.122442921,-0.29864127,0.007451067,0.02393047
0.000522622,-0.122442921,-0.29864127,0.00940561,0.02393047
0.000261311,-0.122845693,-0.299623642,0.010067342,0.023977804
0.000261311,-0.122845693,-0.299623642,0.009147069,0.024509208
-0.000130656,-0.122241534,-0.298150084,0.009159651,0.024438178
-0.000130656,-0.122241534,-0.298150084,0.011314377,0.024438178
0.000653278,-0.12304708,-0.300114829,0.01085058,0.025779946
0.000653278,-0.12304708,-0.300114829,0.01105626,0.025779946
-0.000130656,-0.123449853,-0.301097201,0.00884148,0.025827263
-0.000130656,-0.123449853,-0.301097201,0.010357612,0.025827263
-0.000130656,-0.123449853,-0.301097201,0.010211872,0.025827263
-0.000391967,-0.121838761,-0.297167711,0.009109512,0.025637873
-0.000391967,-0.121838761,-0.297167711,0.011086568,0.025637873
0.000130656,-0.123449853,-0.301097201,0.009606606,0.025827263
0,-0.124054012,-0.30257076,0.008799573,0.015688178
0,-0.124054012,-0.30257076,0.008724185,0.023383484
-0.000130656,-0.121435989,-0.296185338,0.007169457,0.023075708
-0.000130656,-0.121435989,-0.296185338,0.008447739,0.023075708
0.000130656,-0.12304708,-0.300114829,0.00906923,0.023265109
0.000130656,-0.12304708,-0.300114829,0.008129841,0.023534766
0.000130656,-0.122241534,-0.298150084,0.008978961,0.023440066
0.000130656,-0.122241534,-0.298150084,0.008109579,0.023440066
0.000261311,-0.122845693,-0.299623642,0.008515959,0.023511095
0.000261311,-0.122845693,-0.299623642,0.007692482,0.023511095
0.000522622,-0.122442921,-0.29864127,0.00676875,0.023463762
0.000522622,-0.122442921,-0.29864127,0.0088223,0.023463762
-0.001045244,-0.123248466,-0.300606015,0.008859067,0.023558529
-0.001045244,-0.123248466,-0.300606015,0.006261377,0.023558529
0.000522622,-0.121234602,-0.295694152,0.008371993,0.023321711
0.000522622,-0.121234602,-0.295694152,0.007802082,0.023321711
0.000783933,-0.121637375,-0.296676525,0.00580345,0.023369089
0.000130656,-0.122644307,-0.299132456,0.00714941,0.023487416
0.000130656,-0.122644307,-0.299132456,0.007520203,0.023487416
-0.000522622,-0.122845693,-0.299623642,0.006716114,0.023511112
-0.000522622,-0.122845693,-0.299623642,0.006108946,0.023511112
0.000783933,-0.123248466,-0.300606015,0.002770939,0.02355849
0.000783933,-0.123248466,-0.300606015,0.003550503,0.02355849
0.001698522,-0.122241534,-0.298150084,0.002985181,0.0234403
0.001698522,-0.122241534,-0.298150084,0.002293122,0.0234403
0.001698522,-0.122241534,-0.298150084,0.003342153,0.0234403
-0.000783933,-0.123248466,-0.300606015,0.002821388,0.02355849
-0.000783933,-0.123248466,-0.300606015,0.002371042,0.02355849
0.000261311,-0.122040148,-0.297658897,0.002275342,0.023416395
0.000261311,-0.122040148,-0.297658897,0.002212194,0.023416395
0.0011759,-0.121838761,-0.297167711,0.002828002,0.023392827
0.0011759,-0.121838761,-0.297167711,0.002814328,0.023392827
-0.001959833,-0.123449853,-0.301097201,0.002390975,0.023582427
-0.001959833,-0.123449853,-0.301097201,0.002793643,0.023582427
0.000522622,-0.121637375,-0.296676525,0.002085492,0.023369061
0.000522622,-0.121637375,-0.296676525,0.003702797,0.023369061
0.000391967,-0.124658171,-0.304044319,0.003396262,0.023724179
-0.000261311,-0.123651239,-0.301588388,0.004120248,0.023605796
-0.000261311,-0.123651239,-0.301588388,0.004252582,0.023605796
-0.000261311,-0.123651239,-0.301588388,0.004407001,0.023605796
-0.000261311,-0.123651239,-0.301588388,0.004116681,0.023605796
-0.000130656,-0.122241534,-0.298150084,0.003737843,0.023440066
-0.000130656,-0.122241534,-0.298150084,0.014788481,0.023440066
0,-0.122040148,-0.297658897,0.015021309,0.015967486
0,-0.120026284,-0.292747034,0.010858176,0.014840654
0.000261311,-0.101498737,-0.247557895,0.00959226,0.013099453
0.000261311,-0.095457145,-0.232822306,0.009575553,0.015777611
0.001698522,-0.089214168,-0.21759553,0.007546823,0.020063981
0.001698522,-0.089214168,-0.21759553,0.006435896,0.020063981
0.001698522,-0.089214168,-0.21759553,0.009440132,0.020063981
-0.000653278,-0.080353167,-0.195983333,0.004836548,0.019022003
-0.000653278,-0.080353167,-0.195983333,0.005530339,0.019022003
-0.002482456,-0.068672756,-0.167494528,0.004137764,0.017649686
-0.002482456,-0.068672756,-0.167494528,0.004946347,0.017649686
-0.000130656,-0.065853347,-0.16061792,0.003442234,0.017317339
-0.000130656,-0.065853347,-0.16061792,0.002433816,0.017317339
0,-0.051554914,-0.125743693,0.001899215,0.015636399
0,-0.051554914,-0.125743693,0.002069517,0.015636399
-0.000261311,-0.043902231,-0.107078613,0.000585211,0.014736758
-0.000261311,-0.043902231,-0.107078613,0.002471624,0.014736758
-0.0011759,-0.042089754,-0.102657937,0.00103534,0.014523994
-0.0011759,-0.042089754,-0.102657937,0.002363613,0.014523994
-0.000130656,-0.040478663,-0.098728446,0.002448192,0.014334268
-0.000130656,-0.040478663,-0.098728446,0.002321704,0.014334268
0.000261311,-0.041082822,-0.100202005,0.001670398,0.014405306
0.000261311,-0.041082822,-0.100202005,0.002766565,0.014405306
0.000261311,-0.041082822,-0.100202005,0.002087736,0.014405306
0.000261311,-0.040680049,-0.099219632,0.001757292,0.014357956
0.000261311,-0.040680049,-0.099219632,0.001928171,0.014357956
0,-0.039874504,-0.097254887,0.001349187,0.014263239
0,-0.039874504,-0.097254887,0.001445373,0.014263239
-0.000261311,-0.040680049,-0.099219632,0.002147675,0.014357956
-0.000261311,-0.040680049,-0.099219632,0.001755269,0.014357956
0.000261311,-0.041082822,-0.100202005,0.001338972,0.014405306
0.000261311,-0.041082822,-0.100202005,0.002146955,0.014405306
0.000130656,-0.040881436,-0.099710819,0.00262371,0.014381619
0.000130656,-0.040881436,-0.099710819,0.001405355,0.014381619
0.000130656,-0.040881436,-0.099710819,0.001571585,0.014381619
0.000130656,-0.040478663,-0.098728446,0.001697763,0.014334268
-0.000130656,-0.040478663,-0.098728446,0.001774653,0.014334268
-0.000130656,-0.040478663,-0.098728446,0.00265329,0.014334268
0.000130656,-0.04007589,-0.097746074,0.00236591,0.014286918
-0.000783933,-0.028194094,-0.068766082,0.000846367,0.012890296
-0.000783933,-0.028194094,-0.068766082,0.00049533,0.012890296
0.000261311,0.001611091,0.00392949,0.000194901,0.009765375
0.000783933,0.001208318,0.002947118,9.58E-05,0.009722245
0.000783933,0.001208318,0.002947118,5.01E-05,0.009722245
-0.000130656,0.000201386,0.000491186,0.000138465,0.009600002
-0.000261311,0.000402773,0.000982373,5.01E-05,0.00962445
-0.000261311,0.000402773,0.000982373,3.69E-05,0.00962445
0,0,0,0.000135846,0.009575553
0.000130656,-0.000201386,-0.000491186,0.000163308,0.009600002
0.000130656,-0.000201386,-0.000491186,0.00011484,0.009600002
0.000130656,-0.000201386,-0.000491186,6.92E-05,0.009600002
0,0,0,7.44E-05,0.009575553
-0.003789011,-0.003020796,-0.007367794,6.91E-05,0.009967181
-0.003789011,-0.003020796,-0.007367794,8.91E-05,0.009967181
-0.003789011,-0.003020796,-0.007367794,0.000123284,0.009967181
-0.034754378,-0.002819409,-0.006876608,0.000275406,0.010547988
-0.034754378,-0.002819409,-0.006876608,0.000466438,0.010547988
-0.057488444,-0.005236046,-0.012770844,0.00095442,0.011240915
-0.057488444,-0.005236046,-0.012770844,0.002106784,0.011240915
-0.077086778,-0.006444364,-0.015717962,0.002212991,0.011751385
-0.077086778,-0.006444364,-0.015717962,0.002149088,0.011751385
-0.090936267,-0.009263774,-0.02259457,0.00253911,0.012307474
-0.090936267,-0.009263774,-0.02259457,0.003078028,0.012307474
-0.103217889,-0.008861001,-0.021612197,0.004233528,0.012511992
-0.103217889,-0.008861001,-0.021612197,0.003936466,0.012511992
-0.103217889,-0.008861001,-0.021612197,0.003731924,0.012511992
-0.118896556,-0.00724991,-0.017682707,0.005139472,0.012665209
-0.118896556,-0.00724991,-0.017682707,0.005334166,0.012665209
-0.127389167,-0.012284569,-0.029962364,0.007490814,0.01333365
-0.127389167,-0.012284569,-0.029962364,0.006760347,0.01333365
-0.1340526,-0.01449982,-0.035365414,0.00725003,0.01368686
-0.1340526,-0.01449982,-0.035365414,0.007098819,0.01368686
-0.136273744,-0.010673478,-0.026032874,0.008107844,0.01335069
-0.136273744,-0.010673478,-0.026032874,0.006534009,0.01335069
-0.139278822,-0.010874865,-0.02652406,0.007333357,0.01343057
-0.139278822,-0.010874865,-0.02652406,0.006980993,0.01343057
-0.142545211,-0.011076251,-0.027015246,0.007926572,0.013515661
-0.142806522,-0.007451296,-0.018173893,0.00879657,0.013162524
-0.142806522,-0.007451296,-0.018173893,0.009059353,0.013162524
-0.146595533,-0.004833273,-0.011788471,0.007966394,0.012980596
-0.146595533,-0.004833273,-0.011788471,0.008324843,0.012980596
-0.146595533,-0.005236046,-0.012770844,0.006573243,0.013020167
-0.146595533,-0.005236046,-0.012770844,0.006132554,0.013020167
-0.146595533,-0.005236046,-0.012770844,0.007099657,0.013020167
-0.148032744,-0.001409705,-0.003438304,0.007822924,0.012673874
-0.148032744,-0.001409705,-0.003438304,0.00788924,0.012673874
-0.148686022,0.000805546,0.001964745,0.007618397,0.012627907
-0.148686022,0.000805546,0.001964745,0.008017554,0.012627907
-0.1505152,0.00724991,0.017682707,0.007752901,0.013296655
-0.1505152,0.00724991,0.017682707,0.007959432,0.013296655
-0.151168478,0.00946516,0.023085756,0.00907281,0.013528273
-0.151168478,0.00946516,0.023085756,0.008949222,0.013528273
-0.151168478,0.00946516,0.023085756,0.006954308,0.013528273
-0.149731267,0.008458228,0.020629825,0.007522819,0.013400145
-0.149731267,0.008458228,0.020629825,0.006354453,0.013400145
-0.148555367,0.010270706,0.025050501,0.006402671,0.013555773
-0.148555367,0.010270706,0.025050501,0.008533099,0.013555773
-0.149861922,0.012687342,0.030944737,0.010348515,0.013821303
-0.149992578,0.016513683,0.040277277,0.00657764,0.005260874
-0.149992578,0.016513683,0.040277277,0.009624174,0.011206709
-0.148424711,0.016916456,0.041259649,0.009212303,0.014262272
-0.148424711,0.016916456,0.041259649,0.009614898,0.014262272
-0.149861922,0.015103979,0.036838972,0.008410693,0.004848685
-0.152344378,0.009263774,0.02259457,0.008656502,0.004322704
-0.152344378,0.009263774,0.02259457,0.010081339,0.0126128
-0.149208644,0.012888728,0.031435923,0.008573039,0.014334062
-0.149208644,0.012888728,0.031435923,0.01018606,0.014334062
-0.150384544,0.009867933,0.024068129,0.009403589,0.004548121
-0.150384544,0.009867933,0.024068129,0.009403589,0.013380473
-0.150384544,0.005437432,0.01326203,0.010657737,0.012943727
-0.150384544,0.005437432,0.01326203,0.003789283,0.003651467
-0.148686022,0.007652683,0.018665079,0.003775462,0.007513543
-0.150123233,0.002618023,0.006385422,0.00551032,0.007047621
-0.150123233,0.002618023,0.006385422,0.005828765,0.008768658
-0.148947333,0.004027728,0.009823726,0.004275409,0.003513815
-0.149600611,0.000604159,0.001473559,0.005378846,0.007326388
-0.149600611,0.000604159,0.001473559,0.003568744,0.008429825
-0.149600611,0.000604159,0.001473559,0.003199882,0.008429825
-0.148947333,0.003222182,0.007858981,0.003841855,0.008672848
-0.148947333,0.003222182,0.007858981,0.004932883,0.008672848
-0.150384544,-0.000201386,-0.000491186,0.002543858,0.003122183
-0.1493393,0.003423569,0.008350167,0.003596092,0.005865436
-0.1493393,0.003423569,0.008350167,0.003727002,0.00691767
-0.143851767,0.000604159,0.001473559,0.002370997,0.006663005
-0.143851767,0.000604159,0.001473559,0.003834593,0.006663005
-0.1352285,0.001409705,0.003438304,0.00337479,0.006676842
-0.1352285,0.001409705,0.003438304,0.002308962,0.006676842
-0.128695722,0.009062387,0.022103383,0.001948672,0.007299016
-0.128695722,0.009062387,0.022103383,0.003572856,0.007299016
-0.128695722,0.009062387,0.022103383,0.002269538,0.007299016
-0.119157867,0.001208318,0.002947118,0.002043329,0.006335757
-0.119157867,0.001208318,0.002947118,0.0018928,0.006335757
-0.109620011,-0.000201386,-0.000491186,0.001596469,0.006046644
-0.109620011,-0.000201386,-0.000491186,0.001418047,0.006046644
-0.099298222,-0.001611091,-0.00392949,0.001418605,0.005977998
-0.099298222,-0.001611091,-0.00392949,0.000889461,0.005977998
-0.088845778,0.002416637,0.005894236,0.000748316,0.005847935
-0.088845778,0.002416637,0.005894236,0.002053539,0.005847935
-0.088845778,0.002416637,0.005894236,0.000964581,0.005847935
-0.086102011,0.002618023,0.006385422,0.001343506,0.005812846
-0.074212356,0.0044305,0.010806099,0.001373308,0.005753726
-0.074212356,0.0044305,0.010806099,0.001830424,0.005753726
-0.066111711,0.000402773,0.000982373,0.001275917,0.005196146
-0.066111711,0.000402773,0.000982373,0.000789849,0.005196146
-0.066111711,0.000402773,0.000982373,0.001098197,0.005196146
-0.064151878,0.001006932,0.002455931,0.00165455,0.005216026
-0.064151878,0.001006932,0.002455931,0.001297643,0.005216026
-0.0576191,-0.000201386,-0.000491186,0.001578305,0.005006629
-0.0576191,-0.000201386,-0.000491186,0.000576895,0.005006629
-0.056181889,0.002416637,0.005894236,0.001704018,0.005195039
-0.056181889,0.002416637,0.005894236,0.000677658,0.005195039
-0.056181889,0.002416637,0.005894236,0.000706495,0.005195039
-0.054222056,0.001409705,0.003438304,0.000655245,0.005056932
-0.054222056,0.001409705,0.003438304,0.001084718,0.005056932
-0.049257144,-0.001409705,-0.003438304,0.001191518,0.004957671
-0.049257144,-0.001409705,-0.003438304,0.000743476,0.004957671
-0.044814856,0.000604159,0.001473559,0.000947274,0.004789914
-0.044814856,0.000604159,0.001473559,0.00077145,0.004789914
-0.041025844,0,0,0.000845501,0.00465511
-0.041025844,0,0,0.001103215,0.00465511
-0.039457978,-0.002013864,-0.004911863,0.001071238,0.004821254
-0.039457978,-0.002013864,-0.004911863,0.000876884,0.004821254
-0.039457978,-0.002013864,-0.004911863,0.001070361,0.004821254
-0.037236833,-0.000604159,-0.001473559,0.000889396,0.00463837
-0.037236833,-0.000604159,-0.001473559,0.000194958,0.00463837
-0.034754378,0.000805546,0.001964745,0.000651251,0.004608457
-0.034754378,0.000805546,0.001964745,0.001026101,0.004608457
-0.032010611,0.001812477,0.004420677,0.000638072,0.004652657
-0.032010611,0.001812477,0.004420677,0.000735724,0.004652657
-0.0305734,0.001208318,0.002947118,0.001139675,0.004564423
-0.0305734,0.001208318,0.002947118,0.0014028,0.004564423
-0.026261767,0.000604159,0.001473559,0.000825266,0.004418909
-0.026261767,0.000604159,0.001473559,0.001504925,0.004418909
-0.025477833,0.001006932,0.002455931,0.000814816,0.004442784
-0.025477833,0.001006932,0.002455931,0.000256317,0.004442784
-0.025477833,0.001006932,0.002455931,0.000437785,0.004442784
-0.023779311,-0.001611091,-0.00392949,0.000290707,0.004468449
-0.023779311,-0.001611091,-0.00392949,0.001197609,0.004468449
-0.022995378,0.000402773,0.000982373,0.000494584,0.004333866
-0.022995378,0.000402773,0.000982373,0.000657253,0.004333866
-0.021950133,0.000402773,0.000982373,0.000578868,0.004312964
-0.021950133,0.000402773,0.000982373,0.000268166,0.004312964
-0.020382267,0.000805546,0.001964745,0.000261792,0.004321146
-0.020382267,0.000805546,0.001964745,0.000281224,0.004321146
-0.020251611,0.000201386,0.000491186,0.000299938,0.004259292
-0.020251611,0.000201386,0.000491186,0.000589248,0.004259292
-0.020251611,0.000201386,0.000491186,0.00086402,0.004259292
-0.019467678,0.001006932,0.002455931,0.000698102,0.004322704
-0.019598333,0.001208318,0.002947118,0.000807782,0.004345188
-0.019859644,0.000805546,0.001964745,0.000665249,0.004310702
-0.019859644,0.000805546,0.001964745,0.000812923,0.004310702
-0.019728989,-0.001006932,-0.002455931,0.000687957,0.004327923
-0.019728989,-0.001006932,-0.002455931,0.001050827,0.004327923
-0.019728989,0.000201386,0.000491186,0.001191253,0.00424884
-0.019728989,0.000201386,0.000491186,0.000979211,0.00424884
-0.0199903,-0.000604159,-0.001473559,0.000575128,0.004293524
-0.0199903,-0.000604159,-0.001473559,0.00132811,0.004293524
-0.019859644,0.000402773,0.000982373,0.001337217,0.004271162
-0.019859644,0.000402773,0.000982373,0.00066509,0.004271162
-0.019859644,0.000402773,0.000982373,0.000217481,0.004271162
-0.019859644,0.000402773,0.000982373,0.000317682,0.004271162
-0.019859644,0.000402773,0.000982373,0.000320425,0.004271162
-0.020120956,0.000402773,0.000982373,0.000427016,0.004276387
-0.020382267,-0.000402773,-0.000982373,0.000485198,0.004281613
-0.020382267,-0.000402773,-0.000982373,0.000652039,0.004281613
-0.013196211,-0.002618023,-0.006385422,0.000776583,0.004359078
-0.000653278,-0.001812477,-0.004420677,0.000397673,0.004049952
-0.000653278,-0.001812477,-0.004420677,0.000237248,0.004049952
0.000130656,0.000201386,0.000491186,0.000432266,0.003859041
0,0,0,0.000343781,0.003834593
0,0,0,0.000343781,0.003834593
0,0,0,0.000481784,0.003834593
0,0,0,0.000266669,0.003834593
0,0,0,0.00042219,0.003834593
0,0,0,0.000578584,0.003834593
0,0,0,0.000269902,0.003834593
0,0,0,7.75E-05,0.003834593
0,0,0,0.000108536,0.003834593
0,0,0,6.86E-05,0.003834593
0,0,0,7.51E-05,0.003834593
0,0,0,3.03E-05,0.003834593
0,0,0,9.93E-05,0.003834593
0,0,0,0.000123865,0.003834593
0,0,0,6.17E-05,0.003834593
0,0,0,4.84E-05,0.003834593
0,0,0,4.22E-05,0.003834593
0,0,0,8.92E-05,0.003834593
0,0,0,0.000161072,0.003834593
0,0,0,7.10E-05,0.003834593
0,0,0,4.68E-05,0.003834593
0,0,0,5.71E-05,0.003834593
0,0,0,8.24E-05,0.003834593
0,0,0,0.000101416,0.003834593
0,0,0,5.44E-05,0.003834593
0,0,0,0.000112204,0.003834593
0,0,0,8.69E-05,0.003834593
0,0,0,0.000114244,0.003834593
0,0,0,7.32E-05,0.003834593
0,0,0,7.96E-05,0.003834593
0,0,0,6.07E-05,0.003834593
0,0,0,0.00017062,0.003834593
0,0,0,6.28E-05,0.003834593
0,0,0,6.88E-05,0.003834593
0,0,0,8.69E-05,0.003834593
0,0,0,4.31E-05,0.003834593
0,0,0,0.000129015,0.003834593
0,0,0,0.000183035,0.003834593
0,0,0,7.79E-05,0.003834593
0,0,0,7.85E-05,0.003834593
0,0,0,6.63E-05,0.003834593
0,0,0,8.76E-05,0.003834593
0,0,0,3.61E-05,0.003834593
0,0,0,5.99E-05,0.003834593
0,0,0,0.000256806,0.003834593
0,0,0,4.66E-05,0.003834593
0,0,0,7.69E-05,0.003834593
0,0,0,3.23E-05,0.003834593
0,0,0,0.000100487,0.003834593
0,0,0,6.91E-05,0.003834593
0,0,0,8.13E-05,0.003834593
0,0,0,5.05E-05,0.003834593
0,0,0,0.000112724,0.003834593
0,0,0,4.44E-05,0.003834593
0,0,0,6.79E-05,0.003834593
0,0,0,4.57E-05,0.003834593
0,0,0,1.59E-05,0.003834593
0,0,0,4.92E-05,0.003834593
0,0,0,0.000105194,0.003834593
0,0,0,6.04E-05,0.003834593
0,0,0,6.69E-05,0.003834593
0,0,0,0.000238632,0.003834593
0,0,0,6.51E-05,0.003834593
0,0,0,8.60E-05,0.003834593
0,0,0,4.74E-05,0.003834593
0,0,0,0.000127168,0.003834593
0,0,0,0.000118406,0.003834593
0,0,0,8.75E-05,0.003834593
0,0,0,4.51E-05,0.003834593
0,0,0,3.00E-05,0.003834593
0,0,0,5.34E-05,0.003834593
0,0,0,8.76E-05,0.003834593
0,0,0,1.73E-05,0.003834593
0,0,0,6.91E-05,0.003834593
0,0,0,0.000131058,0.003834593
0,0,0,0.000139482,0.003834593
0,0,0,5.48E-05,0.003834593
0,0,0,3.49E-05,0.003834593
0,0,0,5.67E-05,0.003834593
0,0,0,2.54E-05,0.003834593
0.003397044,0.000402773,0.000982373,8.93E-05,0.003942304
0.040111256,0.001006932,0.002455931,0.000396295,0.004735308
0.040111256,0.001006932,0.002455931,0.000179224,0.004735308
0.040111256,0.001006932,0.002455931,0.000551651,0.004735308
0.073689733,-0.000402773,-0.000982373,0.001108566,0.005347704
0.073689733,-0.000402773,-0.000982373,0.001456933,0.005347704
0.073689733,-0.000402773,-0.000982373,0.00091946,0.005347704
0.103609856,0.000201386,0.000491186,0.002079683,0.005926441
0.103609856,0.000201386,0.000491186,0.001995564,0.005926441
0.134313911,0.001208318,0.002947118,0.002657255,0.006638864
0.134313911,0.001208318,0.002947118,0.003397027,0.006638864
0.159530433,-0.003020796,-0.007367794,0.004455892,0.007320485
0.159530433,-0.003020796,-0.007367794,0.004121187,0.007941784
0.160706333,0.000402773,0.000982373,0.003731305,0.007709323
0.160706333,0.000402773,0.000982373,0.004341803,0.007709323
0.162012889,0.002013864,0.004911863,0.003840519,0.007892874
0.162012889,0.002013864,0.004911863,0.00345714,0.007892874
0.1610983,0.001812477,0.004420677,0.00442252,0.007854889
0.1610983,0.001812477,0.004420677,0.003470826,0.007854889
0.1610983,0.001812477,0.004420677,0.004906709,0.007854889
0.159661089,0.000805546,0.001964745,0.003533967,0.008178562
0.159661089,0.000805546,0.001964745,0.00400554,0.008178562
0.159791744,-0.000604159,-0.001473559,0.002891455,0.008161509
0.159791744,-0.000604159,-0.001473559,0.002952153,0.008161509
0.159791744,0.000201386,0.000491186,0.002216067,0.008122194
0.159791744,0.000201386,0.000491186,0.003434161,0.008122194
0.162666167,0.000604159,0.001473559,0.002877107,0.008218998
0.162666167,0.000604159,0.001473559,0.003114427,0.008218998
0.160183711,-0.000402773,-0.000982373,0.002650088,0.008149689
0.160183711,-0.000402773,-0.000982373,0.002646506,0.008149689
0.160183711,-0.000402773,-0.000982373,0.003281534,0.008149689
0.1599224,-0.000805546,-0.001964745,0.004530182,0.008183788
0.1599224,-0.000805546,-0.001964745,0.004649228,0.008183788
0.160314367,0.000604159,0.001473559,0.003907296,0.008171962
0.160314367,0.000604159,0.001473559,0.004085935,0.008171962
0.160445022,-0.000805546,-0.001964745,0.002960484,0.00819424
0.160445022,-0.000805546,-0.001964745,0.00353384,0.00819424
0.1599224,0.000402773,0.000982373,0.004542223,0.008144462
0.1599224,0.000402773,0.000982373,0.004040157,0.008144462
0.160575678,0.001006932,0.002455931,0.004814959,0.008216523
0.160575678,0.001006932,0.002455931,0.00453273,0.008216523
0.1599224,0.001611091,0.00392949,0.003755663,0.008262499
0.1599224,0.001611091,0.00392949,0.004394721,0.008262499
0.1599224,0.001611091,0.00392949,0.008917446,0.008262499
0.160053056,-0.001409705,-0.003438304,0.008909381,0.012256163
0.160053056,-0.001409705,-0.003438304,0.009449319,0.012256163
0.1599224,-0.001208318,-0.002947118,0.009813513,0.012765743
0.1599224,-0.001208318,-0.002947118,0.006063639,0.013129937
0.159530433,0.000604159,0.001473559,0.007806781,0.013063087
0.159530433,0.000604159,0.001473559,0.009705976,0.013063087
0.160053056,-0.000201386,-0.000491186,0.008889783,0.013034224
0.160053056,-0.000201386,-0.000491186,0.009322905,0.013034224
0.159530433,-0.000604159,-0.001473559,0.00902595,0.013063087
0.159530433,-0.000604159,-0.001473559,0.008284953,0.013063087
0.160967644,0.000805546,0.001964745,0.00777613,0.013111496
0.160967644,0.000805546,0.001964745,0.009370891,0.013111496
0.160967644,0.000805546,0.001964745,0.008886456,0.013111496
0.160836989,0.000201386,0.000491186,0.008804498,0.013049903
0.160836989,0.000201386,0.000491186,0.007739115,0.013049903
0.159661089,0.000402773,0.000982373,0.009359702,0.01304604
0.160445022,-0.000402773,-0.000982373,0.009610526,0.013061719
0.160445022,-0.000402773,-0.000982373,0.009426028,0.013061719
0.160183711,0.001208318,0.002947118,0.010449544,0.013135163
0.160183711,0.001208318,0.002947118,0.009804763,0.013771194
0.160183711,0.001208318,0.002947118,0.010519719,0.013771194
0.158354533,-0.001611091,-0.00392949,0.010747951,0.013844153
0.158354533,-0.001611091,-0.00392949,0.012039667,0.014072385
0.1599224,0.001611091,0.00392949,0.00927932,0.015395457
0.1599224,0.001611091,0.00392949,0.010295363,0.015395457
0.158223878,-0.004229114,-0.010314912,0.010990692,0.015617871
0.158223878,-0.004229114,-0.010314912,0.010704744,0.015617871
0.145158322,0.011076251,0.027015246,0.009907449,0.016031883
0.145158322,0.011076251,0.027015246,0.009794892,0.016031883
0.145158322,0.011076251,0.027015246,0.009875079,0.016031883
0.134313911,0.001208318,0.002947118,0.007212392,0.014843939
0.134313911,0.001208318,0.002947118,0.007741523,0.014843939
0.119680489,-0.004833273,-0.011788471,0.006169248,0.014906767
0.119680489,-0.004833273,-0.011788471,0.005777544,0.014906767
0.105569689,-0.000805546,-0.001964745,0.004864216,0.014229712
0.105569689,-0.000805546,-0.001964745,0.004725443,0.014229712
0.100212811,-0.001006932,-0.002455931,0.003582814,0.014142262
0.100212811,-0.001006932,-0.002455931,0.004654889,0.014142262
0.100212811,-0.001006932,-0.002455931,0.004496304,0.014142262
0.100604778,0.000402773,0.000982373,0.003699409,0.014091074
0.100604778,0.000402773,0.000982373,0.003594683,0.014091074
0.098906256,-0.001006932,-0.002455931,0.00519481,0.014116132
0.098906256,-0.001006932,-0.002455931,0.00491805,0.014116132
0.098514289,0.000402773,0.000982373,0.004062795,0.014049264
0.098514289,0.000402773,0.000982373,0.00510399,0.014049264
0.099167567,0.000604159,0.001473559,0.003711472,0.014081998
0.099167567,0.000604159,0.001473559,0.004413272,0.014081998
0.099820844,0.000805546,0.001964745,0.003798249,0.014114739
0.099820844,0.000805546,0.001964745,0.004902658,0.014114739
0.0999515,-0.001006932,-0.002455931,0.003693125,0.014137036
0.0999515,-0.001006932,-0.002455931,0.003865082,0.014137036
0.0999515,-0.001006932,-0.002455931,0.00425363,0.014137036
0.100866089,0,0,0.004710237,0.014056989
0.100082156,-0.000402773,-0.000982373,0.003997735,0.014080621
0.100082156,-0.000402773,-0.000982373,0.004624566,0.014080621
0.100082156,-0.000402773,-0.000982373,0.005515233,0.014080621
0.0693781,0.007048523,0.01719152,0.001906548,0.014122033
0.0693781,0.007048523,0.01719152,0.002265706,0.014122033
0.001567867,-0.002416637,-0.005894236,6.42E-05,0.01233305
0.0023518,0.00724991,0.017682707,0.000257937,0.012899412
0.0023518,0.00724991,0.017682707,8.09E-05,0.012899412
0.000130656,0.000201386,0.000491186,0.000127657,0.012064116
0.000130656,0.000201386,0.000491186,8.62E-05,0.012064116
0.012150967,-0.00221525,-0.005403049,3.91E-05,0.012502814
0.012150967,-0.00221525,-0.005403049,0.000155156,0.012502814
0.012150967,-0.00221525,-0.005403049,0.000151154,0.012502814
0.1469875,-0.003020796,-0.007367794,0.008112623,0.01527475
0.1469875,-0.003020796,-0.007367794,0.00872278,0.01527475
0.257783411,-0.004631887,-0.011297285,0.028262797,0.017648059
0.257783411,-0.004631887,-0.011297285,0.027233597,0.033871189
0.341664278,-0.010673478,-0.026032874,0.041700516,0.036140731
0.341664278,-0.010673478,-0.026032874,0.042636659,0.04957845
0.407906644,-0.0044305,-0.010806099,0.065232305,0.051227517
0.407906644,-0.0044305,-0.010806099,0.066618169,0.073823163
0.407906644,-0.0044305,-0.010806099,0.06041288,0.075209027
0.457817067,0.005236046,0.012770844,0.083176706,0.076285942
0.457817067,0.005236046,0.012770844,0.081551688,0.09284448
0.464088533,0.002416637,0.005894236,0.092805994,0.092694372
0.425545144,0.003826341,0.00933254,0.073453463,0.101690542
0.425545144,0.003826341,0.00933254,0.074429889,0.101690542
0.425545144,0.003826341,0.00933254,0.071951442,0.101690542
0.328468067,0.007652683,0.018665079,0.045546257,0.100123741
0.328468067,0.007652683,0.018665079,0.044308675,0.100123741
0.322719222,0.006041591,0.014735589,0.043063593,0.099850933
0.322719222,0.006041591,0.014735589,0.040515618,0.099850933
0.243019333,-0.002819409,-0.006876608,0.02241128,0.097941772
0.243019333,-0.002819409,-0.006876608,0.020393273,0.097941772
0.211400689,-0.005236046,-0.012770844,0.016971039,0.097546138
0.211400689,-0.005236046,-0.012770844,0.015488205,0.097546138
0.211400689,-0.005236046,-0.012770844,0.016898882,0.097546138
0.142675867,-0.000402773,-0.000982373,0.006588428,0.095698817
0.142675867,-0.000402773,-0.000982373,0.006829073,0.095698817
0.127127856,-0.001812477,-0.004420677,0.004889573,0.095525636
0.127127856,-0.001812477,-0.004420677,0.00432649,0.095525636
0.096554456,-0.00221525,-0.005403049,0.003301077,0.094953713
0.096554456,-0.00221525,-0.005403049,0.002625097,0.094953713
0.085318078,0.001409705,0.003438304,0.002515632,0.09465012
0.085318078,0.001409705,0.003438304,0.002577222,0.09465012
0.080353167,0.009062387,0.022103383,0.002171248,0.095307381
0.075388256,0.001409705,0.003438304,0.001696965,0.094451554
0.074996289,0.000805546,0.001964745,0.001516975,0.094384596
0.074996289,0.000805546,0.001964745,0.002107803,0.094384596
0.069639411,0.004229114,0.010314912,0.001142154,0.094613944
0.069639411,0.004229114,0.010314912,0.001731078,0.094613944
0.069639411,0.004229114,0.010314912,0.001469998,0.094613944
0.065981056,0.000604159,0.001473559,0.001267898,0.094184612
0.065981056,0.000604159,0.001473559,0.001630179,0.094184612
0.057749756,0.000805546,0.001964745,0.001662242,0.094039691
0.057749756,0.000805546,0.001964745,0.001239246,0.094039691
0.050302389,-0.000201386,-0.000491186,0.000692967,0.093831697
0.050302389,-0.000201386,-0.000491186,0.000464924,0.093831697
0.039457978,0,0,0.000223363,0.093595153
0.039457978,0,0,0.001306668,0.093595153
0.032141267,0.012888728,0.031435923,0.002476816,0.094756014
0.032141267,0.012888728,0.031435923,0.003442925,0.094756014
