0.0,0,0.0,0.010845132315210974,0.05
0.0,0,0.0,0.014050585256761236,0.05
0.0,0,0.0,0.011221531732617201,0.05
0.0,0,0.0,0.017125188851236883,0.05
0.0,0,0.0,0.012721748562335043,0.05
0.0,0,0.0,0.012966187915273123,0.05
0.0,0,0.0,0.014617609679237628,0.05
0.0,0,0.0,0.0136525540607011,0.05
0.0,0,0.0,0.01463296840441231,0.05
0.0,0,0.0,0.011634259619667577,0.05
0.0,0,0.0,0.015113535167334768,0.05
0.0,0,0.0,0.014338116289836798,0.05
0.0,0,0.0,0.014915220813455043,0.05
0.0,0,0.0,0.011711832428334668,0.05
0.0,0,0.0,0.010562153396624842,0.05
0.0,0,0.0,0.013170364533554373,0.05
0.0,0,0.0,0.011549899155876743,0.05
0.0,0,0.0,0.013369382586984679,0.05
0.0,0,0.0,0.014333294247520572,0.05
0.0,0,0.0,0.0166505961608504,0.05
0.0,0,0.0,0.015009549166282578,0.05
0.0,0,0.0,0.015152682161373814,0.05
0.0,0,0.0,0.014213798701866958,0.05
0.0,0,0.0,0.014676769975090346,0.05
0.0,0,0.0,0.013618394255052244,0.05
0.0,0,0.0,0.016388898288437048,0.05
0.0,0,0.0,0.013210267235191047,0.05
0.0,0,0.0,0.013927947295872337,0.05
0.0,0,0.0,0.015249809852813413,0.05
0.0,0,0.0,0.013629577530304759,0.05
0.0,0,0.0,0.015274109742898395,0.05
0.0,0,0.0,0.01303092294541377,0.05
0.0,0,0.0,0.01407061717426049,0.05
0.0,0,0.0,0.014129932902283001,0.05
0.0,0,0.0,0.013941821490212333,0.05
0.0,0,0.0,0.017032043785721644,0.05
0.0,0,0.0,0.016117206067333766,0.05
0.0,0,0.0,0.016426263906088954,0.05
0.0,0,0.0,0.011879528435590918,0.05
0.0,0,0.0,0.012231901507253116,0.05
0.0,0,0.0,0.014768795567583072,0.05
0.0,0,0.0,0.014768795567583072,0.05
0.0,0,0.0,0.017948685966563033,0.05
0.0,0,0.0,0.015851338337019842,0.05
0.0,0,0.0,0.011868240851741612,0.05
0.0,0,0.0,0.015838748909910997,0.05
0.0,0,0.0,0.01169183738898361,0.05
0.0,0,0.0,0.014351442417588865,0.05
0.0,0,0.0,0.009264698315421304,0.05
0.0,0,0.0,0.00996862377962068,0.05
0.0,0,0.0,0.014866804773694658,0.05
0.0,0,0.0,0.01136660133690894,0.05
0.0,0,0.0,0.016124308919971034,0.05
0.0,0,0.0,0.012337491322191087,0.05
0.0,0,0.0,0.014434569329176203,0.05
0.0,0,0.0,0.016091772843565468,0.05
0.0,0,0.0,0.015217061151782767,0.05
0.0,0,0.0,0.019025280451820684,0.05
0.0,0,0.0,0.013952717027959565,0.05
0.0,0,0.0,0.012362828931089665,0.05
0.0,0,0.0,0.015289792975569927,0.05
0.0,0,0.0,0.00894233755664728,0.05
0.0,0,0.0,0.009184996670882552,0.05
0.0,0,0.0,0.014331645247430018,0.05
0.0,0,0.0,0.013953936329245641,0.05
0.0,0,0.0,0.010640072616362222,0.05
0.0,0,0.0,0.012912097452160955,0.05
0.0,0,0.0,0.01517544716066153,0.05
0.0,0,0.0,0.015601404921849022,0.05
0.0,0,0.0,0.013856321563871312,0.05
0.0,0,0.0,0.013210572179394989,0.05
0.0,0,0.0,0.014553294503790238,0.05
0.0,0,0.0,0.010774111582646162,0.05
0.0,0,0.0,0.009738397027634692,0.05
0.0,0,0.0,0.015802444655781202,0.05
0.0,0,0.0,0.01535331364167277,0.05
0.0,0,0.0,0.012789500003028738,0.05
0.0,0,0.0,0.014254907157846868,0.05
0.0,0,0.0,0.014915593240058003,0.05
0.0,0,0.0,0.01655279788437659,0.05
0.0,0,0.0,0.01661050898449286,0.05
0.0,0,0.0,0.013391217607999472,0.05
0.0,0,0.0,0.015441258643095018,0.05
0.0,0,0.0,0.014408623319859488,0.05
0.0,0,0.0,0.014029697272151078,0.05
0.0,0,0.0,0.010867749601848477,0.05
0.0,0,0.0,0.011937667079664902,0.05
0.0,0,0.0,0.015285707972804832,0.05
0.0,0,0.0,0.014229322252517804,0.05
0.0,0,0.0,0.01275461453913894,0.05
0.0,0,0.0,0.016812312911678087,0.05
0.0,0,0.0,0.014261631754853392,0.05
0.0,0,0.0,0.012398542570298772,0.05
0.0,0,0.0,0.014029670412852196,0.05
0.0,0,0.0,0.012274700854450113,0.05
0.0,0,0.0,0.013593716174092763,0.05
0.0,0,0.0,0.014028161096383648,0.05
0.0,0,0.0,0.010238147801733882,0.05
0.0,0,0.0,0.01497788577233049,0.05
0.0,0,0.0,0.0129652206951435,0.05
0.0,0,0.0,0.01238833148319589,0.05
0.0,0,0.0,0.01121888198267484,0.05
0.0,0,0.0,0.01512635498799451,0.05
0.0,0,0.0,0.009843126716731366,0.05
0.0,0,0.0,0.014522002264539893,0.05
0.0,0,0.0,0.017267369586079526,0.05
0.0,0,0.0,0.013013322127873116,0.05
0.0,0,0.0,0.01608195375931321,0.05
0.0,0,0.0,0.014650373486834867,0.05
0.0,0,0.0,0.012295545572177378,0.05
0.0,0,0.0,0.014209678139724865,0.05
0.0,0,0.0,0.012918545813963714,0.05
0.0,0,0.0,0.012841259910585405,0.05
0.0,0,0.0,0.014014738102093626,0.05
0.0,0,0.0,0.015291437493475023,0.05
0.0,0,0.0,0.012991628228235188,0.05
0.0,0,0.0,0.01188895893643713,0.05
0.0,0,0.0,0.010676610640092335,0.05
0.0,0,0.0,0.010534482728524364,0.05
0.0,0,0.0,0.014017287153288501,0.05
0.0,0,0.0,0.015943872482578635,0.05
0.0,0,0.0,0.014648753090431345,0.05
0.0,0,0.0,0.014605677029352098,0.05
0.0,0,0.0,0.012596481835270663,0.05
0.0,0,0.0,0.0119415026578523,0.05
0.0,0,0.0,0.01280294102533182,0.05
0.0,0,0.0,0.012841580104507665,0.05
0.0,0,0.0,0.01275643868847087,0.05
0.0,0,0.0,0.01586758523200864,0.05
0.0,0,0.0,0.017667218244338458,0.05
0.0,0,0.0,0.011628873963352156,0.05
0.0,0,0.0,0.015654629602372176,0.05
0.0,0,0.0,0.014014442272679657,0.05
0.0,0,0.0,0.01451816032812122,0.05
0.0,0,0.0,0.015950314396196884,0.05
0.0,0,0.0,0.014535616676595291,0.05
0.0,0,0.0,0.013475595404924726,0.05
0.0,0,0.0,0.0096607807684956,0.05
0.0,0,0.0,0.01781327054569644,0.05
0.0,0,0.0,0.010178850056448101,0.05
0.0,0,0.0,0.013197743223888577,0.05
0.0,0,0.0,0.012181419241865866,0.05
0.0,0,0.0,0.013120610294137292,0.05
0.0,0,0.0,0.01311349365937338,0.05
0.0,0,0.0,0.013542517668051098,0.05
0.0,0,0.0,0.01477759902693316,0.05
0.0,0,0.0,0.010495640746893568,0.05
0.0,0,0.0,0.012426185773769395,0.05
0.0,0,0.0,0.015502937638228515,0.05
0.0,0,0.0,0.011993621891083954,0.05
0.0,0,0.0,0.010516403991766787,0.05
0.0,0,0.0,0.01589105379541269,0.05
0.0,0,0.0,0.011314048099272027,0.05
0.0,0,0.0,0.0157518006847116,0.05
0.0,0,0.0,0.014469187345421467,0.05
0.0,0,0.0,0.014582524579385733,0.05
0.0,0,0.0,0.01463379220227297,0.05
0.0,0,0.0,0.014727771896888908,0.05
0.0,0,0.0,0.01676676849148658,0.05
0.0,0,0.0,0.010839098601941578,0.05
0.0,0,0.0,0.01189013744844101,0.05
0.0,0,0.0,0.014012032754108263,0.05
0.0,0,0.0,0.014081791007661834,0.05
0.0,0,0.0,0.013084191636075996,0.05
0.0,0,0.0,0.012349230278202858,0.05
0.0,0,0.0,0.013649526206273827,0.05
0.0,0,0.0,0.015543048464380711,0.05
0.0,0,0.0,0.012685078594375258,0.05
0.0,0,0.0,0.014448907100123108,0.05
0.0,0,0.0,0.012648718012401106,0.05
0.0,0,0.0,0.014722551774303552,0.05
0.0,0,0.0,0.014675915601185717,0.05
0.0,0,0.0,0.011521461168769056,0.05
0.0,0,0.0,0.014407230854434329,0.05
0.0,0,0.0,0.01076515463010838,0.05
0.0,0,0.0,0.012692510213330503,0.05
0.0,0,0.0,0.01358505815351966,0.05
0.0,0,0.0,0.011465835219832278,0.05
0.0,0,0.0,0.014833287741037452,0.05
0.0,0,0.0,0.010217576833724793,0.05
0.0,0,0.0,0.017203820212363757,0.05
0.0,0,0.0,0.005746309358085441,0.05
0.0,0,0.0,0.007852631312668053,0.05
0.0,0,0.0,0.006043292351445641,0.05
0.0,0,0.0,0.007330866421273791,0.05
0.0,0,0.0,0.0072028405124009015,0.05
0.0,0,0.0,0.006636527879917572,0.05
0.0,0,0.0,0.0077440465381700295,0.05
0.0,0,0.0,0.006085561179125885,0.05
0.0,0,0.0,0.006116609426482747,0.05
0.0,0,0.0,0.006305116767208402,0.05
0.0,0,0.0,0.012408675172472593,0.05
0.0,0,0.0,0.012163675766133277,0.05
0.0,0,0.0,0.016966385438777643,0.05
0.0,0,0.0,0.016027689750041915,0.05
0.0,0,0.0,0.014573002802928251,0.05
0.0,0,0.0,0.013474109251436548,0.05
0.0,0,0.0,0.015331671141674986,0.05
0.0,0,0.0,0.00973967793285806,0.05
0.0,0,0.0,0.01030624193849717,0.05
0.0,0,0.0,0.013332866528464453,0.05
0.0,0,0.0,0.011904977010087235,0.05
0.0,0,0.0,0.01238946863569424,0.05
0.0,0,0.0,0.01014063847827298,0.05
0.0,0,0.0,0.011642846620561118,0.05
0.0,0,0.0,0.012905046200626906,0.05
0.0,0,0.0,0.0141853678186255,0.05
0.0,0,0.0,0.012572592923195671,0.05
0.0,0,0.0,0.01366563019215235,0.05
0.0,0,0.0,0.010584404015812026,0.05
0.0,0,0.0,0.013116320647576098,0.05
-0.0010452444444444444,0,0.003929490392648287,0.019053549676146975,0.05
-0.00013065555555555555,0,0.007367794486215539,0.02287575567704755,0.05
-0.0002613111111111111,0,0.09234302422723474,0.032731201569735933,0.09
-0.0002613111111111111,0,0.09234302422723474,0.034030161937328454,0.09
0.0003919666666666667,0,0.16552978279030908,0.04083511716470746,0.09
0.0003919666666666667,0,0.16552978279030908,0.04639861691261466,0.09
0.0003919666666666667,0,0.16552978279030908,0.05410925432218982,0.09
-0.0005226222222222222,0,0.25246975772765246,0.06308320284395615,0.09
-0.0005226222222222222,0,0.25246975772765246,0.06781747201195826,0.09
0.0002613111111111111,0,0.33105956558061816,0.07880566637880096,0.09
0.0002613111111111111,0,0.33105956558061816,0.08076132338900721,0.09
0.0016985222222222224,0,0.40424632414369255,0.08174176440656539,0.09
0.0016985222222222224,0,0.40424632414369255,0.08336090192969713,0.09
0.0009145888888888889,0,0.38754598997493733,0.07903042039473356,0.09
0.0009145888888888889,0,0.38754598997493733,0.07493413182249357,0.09
-0.003919666666666667,0,0.35070701754385963,0.0712669585265777,0.09
-0.003919666666666667,0,0.35070701754385963,0.0681282883325001,0.09
0.0010452444444444444,0,0.3163239766081871,0.06853487260783571,0.09
0.0010452444444444444,0,0.3163239766081871,0.060265833576912134,0.09
0.0010452444444444444,0,0.3163239766081871,0.05961442458984242,0.09
0.0005226222222222222,0,0.2809585630743525,0.05730688199586234,0.09
0.0005226222222222222,0,0.2809585630743525,0.06032795352959437,0.09
-0.0018291777777777777,0,0.2367517961570593,0.04929512749963672,0.09
-0.0018291777777777777,0,0.2367517961570593,0.044925043829939525,0.09
0.0023518000000000002,0,0.21710434419381786,0.04675209062659156,0.09
0.0023518000000000002,0,0.21710434419381786,0.04276497361949461,0.09
0.00013065555555555555,0,0.18321248955722638,0.04249485093712503,0.09
0.00013065555555555555,0,0.18321248955722638,0.033354328521965515,0.09
0.0002613111111111111,0,0.16798571428571427,0.032518401027145885,0.09
0.0002613111111111111,0,0.16798571428571427,0.03339423232977423,0.09
0.0002613111111111111,0,0.16798571428571427,0.03781799206718904,0.09
0.0011759000000000001,0,0.1242701336675021,0.029721710873806085,0.09
0.0011759000000000001,0,0.1242701336675021,0.02894706722627288,0.09
-0.0006532777777777777,0,0.11542878028404344,0.02820917693405557,0.09
0.0005226222222222222,0,0.10314912280701753,0.027079985434374374,0.09
0.0005226222222222222,0,0.10314912280701753,0.026813195606403644,0.09
0.0005226222222222222,0,0.10314912280701753,0.02991924344514374,0.09
0.0002613111111111111,0,0.10020200501253132,0.026876638718060834,0.09
0.0002613111111111111,0,0.10020200501253132,0.024631407088074684,0.09
0.0003919666666666667,0,0.09872844611528821,0.024511963531426765,0.09
0.0003919666666666667,0,0.09872844611528821,0.024420377675979356,0.09
-0.0002613111111111111,0,0.09725488721804511,0.024065209391727984,0.09
-0.0002613111111111111,0,0.09725488721804511,0.01944277095504259,0.09
-0.00013065555555555555,0,0.10069319131161236,0.02686151237348725,0.09
-0.00013065555555555555,0,0.10069319131161236,0.028904877253731604,0.09
0.0,0,0.10020200501253132,0.028397870258629217,0.09
0.0,0,0.10020200501253132,0.02432396260134174,0.09
0.0002613111111111111,0,0.10020200501253132,0.027309343642543997,0.09
0.0002613111111111111,0,0.10020200501253132,0.02888720699773991,0.09
0.0,0,0.09921963241436925,0.02474321483578601,0.09
0.0026131111111111108,0,0.06287184628237259,0.016296418553694857,0.09
0.0026131111111111108,0,0.06287184628237259,0.02009552775682914,0.09
0.0026131111111111108,0,0.06287184628237259,0.018836561629751076,0.09
-0.0003919666666666667,0,-0.0024559314954051793,0.01581546118875102,0.05
-0.0003919666666666667,0,-0.0024559314954051793,0.01609016415458524,0.05
0.0006532777777777777,0,0.0004911862990810359,0.011660020626184533,0.05
0.0006532777777777777,0,0.0004911862990810359,0.01272974846006309,0.05
0.005356877777777778,0,0.01817389306599833,0.010936885455139544,0.09
0.009799166666666666,0,0.0014735588972431077,0.01621458058092582,0.05
0.009799166666666666,0,0.0014735588972431077,0.018286985374736702,0.05
0.026131111111111112,0,0.0029471177944862155,0.013508463832330378,0.23
0.026131111111111112,0,0.0029471177944862155,0.01751580698020252,0.23
0.042724366666666666,0,0.0014735588972431077,0.015199140238068209,0.23
0.042724366666666666,0,0.0014735588972431077,0.016332313985064552,0.23
0.06467450000000001,0,-0.0024559314954051793,0.022299937394510114,0.23
0.08923774444444443,0,-0.011297284878863827,0.018654776776614056,0.23
0.08923774444444443,0,-0.011297284878863827,0.018654776776614056,0.23
0.08923774444444443,0,-0.011297284878863827,0.02250406336978024,0.23
0.11105722222222222,0,-0.022594569757727653,0.029187808674124086,0.23
0.11105722222222222,0,-0.022594569757727653,0.0276428342302185,0.23
0.1479020888888889,0,-0.0068766081871345025,0.03501311166385695,0.23
0.1479020888888889,0,-0.0068766081871345025,0.03193200421421031,0.23
0.1782141777777778,0,0.0029471177944862155,0.039250703989166295,0.23
0.1782141777777778,0,0.0029471177944862155,0.03999211190388479,0.23
0.1782141777777778,0,0.0029471177944862155,0.040077797621413294,0.23
0.2125765888888889,0,0.010314912280701753,0.04107324567342916,0.09
0.2125765888888889,0,0.010314912280701753,0.04580482309078393,0.09
0.2564768555555556,0,0.011297284878863827,0.05463920392597055,0.09
0.2564768555555556,0,0.011297284878863827,0.05461545840009095,0.09
0.2879648444444444,0,0.013753216374269005,0.06453565503731468,0.09
0.2879648444444444,0,0.013753216374269005,0.06657843829318587,0.09
0.3295133111111111,0,0.0383125313283208,0.07685446993762556,0.09
0.3295133111111111,0,0.0383125313283208,0.06990533121277076,0.09
0.3463678777777778,0,0.10167556390977443,0.07778060526279766,0.09
0.36152392222222224,0,0.044697953216374264,0.08051995408360714,0.09
0.3842579888888889,0,-0.04076846282372598,0.0910747847254806,0.23
0.40516287777777776,0,0.03782134502923977,0.09354096697394607,0.09
0.4433143,0,0.03782134502923977,0.08571254892136522,0.09
0.48211899999999996,0,0.05501286549707602,0.10815984247445842,0.09
0.5147828888888889,0,0.05697761069340016,0.11218674200535105,0.09
0.5147828888888889,0,0.05697761069340016,0.09886208440616058,0.09
0.5419592444444444,0,0.017682706766917293,0.11424657529446089,0.09
0.5725326444444444,0,0.0029471177944862155,0.1342823772071669,0.19264352948806737
0.5948747444444444,0,-0.009332539682539682,0.1611575414803677,0.19334600897691212
0.5948747444444444,0,-0.009332539682539682,0.16027174779998746,0.19334600897691212
0.5948747444444444,0,-0.009332539682539682,0.1631739930424825,0.19334600897691212
0.6321115777777778,0,-0.015717961570593148,0.17328051351981213,0.19434657338900788
0.6321115777777778,0,-0.015717961570593148,0.171659303126572,0.19434657338900788
0.6483128666666667,0,-0.014735588972431077,0.17007851826387207,0.19463121027867097
0.6483128666666667,0,-0.014735588972431077,0.17465195698942423,0.19463121027867097
0.6629462888888888,0,-0.057959983291562225,0.1793496378975173,0.19666080692264065
0.6629462888888888,0,-0.057959983291562225,0.17582387646602232,0.19666080692264065
0.6758811888888889,0,-0.06139828738512949,0.1782349383902589,0.19705789424313308
0.6758811888888889,0,-0.06139828738512949,0.14163065477782538,0.19705789424313308
0.6924744444444444,0,-0.05894235588972431,0.14424741539339522,0.19729058065972566
0.6924744444444444,0,-0.05894235588972431,0.14297528408030832,0.19729058065972566
0.6999218111111111,0,-0.05845116959064327,0.14482665164835457,0.19741965247991614
0.6999218111111111,0,-0.05845116959064327,0.14908120685777995,0.19741965247991614
0.7077611444444445,0,-0.06925726817042607,0.14412502910601202,0.1980118677289861
0.7077611444444445,0,-0.06925726817042607,0.14638614985797055,0.1980118677289861
0.7216106333333333,0,-0.049609816207184625,0.15212067039597174,0.19749730380147565
0.7216106333333333,0,-0.049609816207184625,0.1928679771876393,0.19749730380147565
0.7549278,0,-0.035365413533834586,0.1616395415242036,0.19759092363589767
0.7549278,0,-0.035365413533834586,0.21727879959781102,0.19759092363589767
0.7695612222222223,0,-0.040277276524644946,0.12334293976041999,0.23
0.7695612222222223,0,-0.040277276524644946,0.21488671092624248,0.23
0.7790990777777778,0,-0.06139828738512949,0.21825863551957708,0.23
0.7790990777777778,0,-0.06139828738512949,0.22185166846167417,0.23
0.8053608444444444,0,-0.031435923141186296,0.22866924670649955,0.23
0.8053608444444444,0,-0.031435923141186296,0.23145987999293915,0.23
0.8124162444444445,0,-0.03733015873015873,0.1324552928822841,0.23
0.8124162444444445,0,-0.03733015873015873,0.22795830340198522,0.23
0.8120242777777777,0,-0.06631015037593983,0.22609394970449298,0.23
0.8120242777777777,0,-0.06631015037593983,0.22549772521570663,0.23
0.7869384111111112,0,-0.08890472013366749,0.2220074796488413,0.23
0.7869384111111112,0,-0.08890472013366749,0.2229776213780562,0.23
0.764335,0,-0.07858980785296574,0.21504344461691074,0.23
0.764335,0,-0.07858980785296574,0.2143869098347377,0.23
0.7589781222222223,0,-0.07613387635756057,0.21294451745147364,0.23
0.7589781222222223,0,-0.07613387635756057,0.21508490202720473,0.23
0.7431688,0,-0.04322439431913116,0.21164483552929117,0.23
0.7431688,0,-0.04322439431913116,0.21051823986184703,0.23
0.7284047222222223,0,-0.06336303258145363,0.20827272514908982,0.23
0.7284047222222223,0,-0.06336303258145363,0.20884179470058453,0.23
0.7033188555555555,0,-0.03683897243107769,0.2034729921271613,0.23
0.7033188555555555,0,-0.03683897243107769,0.20002192174359815,0.23
0.6816300333333334,0,-0.028979991645781113,0.19710333226921817,0.23
0.6816300333333334,0,-0.028979991645781113,0.1917293948145706,0.23
0.6507953222222223,0,-0.0329094820384294,0.18855302469795898,0.23
0.6507953222222223,0,-0.0329094820384294,0.18925095013467083,0.23
0.6507953222222223,0,-0.0329094820384294,0.1956435457130136,0.23
0.6387750111111111,0,0.0014735588972431077,0.1897186830403464,0.23
0.6387750111111111,0,0.0014735588972431077,0.2039818584104302,0.23
0.6336794444444444,0,0.008841353383458646,0.2618033187240156,0.23
0.6251868333333334,0,0.027997619047619042,0.13913773548314004,0.09
0.6229656888888889,0,-0.0009823725981620718,0.14094234937914837,0.23
0.6223124111111111,0,0.011297284878863827,0.18415087267026464,0.09
0.6315889555555555,0,0.013753216374269005,0.14253759893972826,0.09
0.6311969888888889,0,0.0191562656641604,0.13622668371657287,0.09
0.6305437111111112,0,0.008841353383458646,0.1377122751868264,0.23
0.6305437111111112,0,0.008841353383458646,0.19812685921859194,0.23
0.6313276444444444,0,0.020629824561403505,0.20049093707803115,0.09
0.6403428777777779,0,0.01817389306599833,0.11278692107588964,0.09
0.6442625444444445,0,0.01424440267335004,0.1357937353724734,0.09
0.6442625444444445,0,0.01424440267335004,0.14902173525461127,0.09
0.6412574666666666,0,0.05108337510442774,0.14347312343383542,0.09
0.6071563666666666,0,0.1301643692564745,0.1790666517538163,0.09
0.6117293111111111,0,0.07171319966583123,0.15012035103474983,0.09
0.5904324555555556,0,0.03487422723475355,0.1389444894683237,0.09
0.48434014444444445,0,0.027997619047619042,0.15887702752576197,0.09
0.3339556,0,0.1296731829573935,0.10256345944841483,0.09
-0.010844411111111112,0,-0.005403049289891395,0.004015904572384353,0.05
-0.010844411111111112,0,-0.005403049289891395,0.004809664179180825,0.05
0.004572944444444445,0,0.016209147869674187,0.007964130756319427,0.09
0.004442288888888889,0,0.03929490392648287,0.1623805765130448,0.09
0.0052262222222222215,0,0.02652406015037594,0.008378484328377952,0.09
0.0052262222222222215,0,0.02652406015037594,0.00994273418552495,0.09
-0.00013065555555555555,0,-0.0004911862990810359,0.005620573804677389,0.05
-0.00013065555555555555,0,-0.0004911862990810359,0.005021953593684299,0.05
-0.00013065555555555555,0,-0.0004911862990810359,0.0050912226292181536,0.05
-0.00013065555555555555,0,-0.0004911862990810359,0.006753572635896145,0.05
0.0015678666666666668,0,-0.0009823725981620718,0.011256625147212878,0.05
0.0015678666666666668,0,-0.0009823725981620718,0.005280045167629703,0.05
0.023387344444444444,0,-0.0034383040935672513,0.005845988696988628,0.23
0.023387344444444444,0,-0.0034383040935672513,0.007242993930643895,0.23
0.04037256666666667,0,-0.005403049289891395,0.010946707437108518,0.23
0.04037256666666667,0,-0.005403049289891395,0.013592340792641636,0.23
0.05539795555555555,0,-0.011788471177944862,0.018647260185135343,0.23
0.05539795555555555,0,-0.011788471177944862,0.018331046609698746,0.23
0.0611468,0,-0.03340066833751044,0.01943816844576206,0.23
0.06598105555555556,0,-0.015226775271512115,0.02215114048106596,0.23
0.07342842222222222,0,-0.011788471177944862,0.018420937841326986,0.23
0.07342842222222222,0,-0.011788471177944862,0.023979692997839905,0.23
0.07447366666666666,0,-0.014735588972431077,0.017919568683045825,0.23
0.07447366666666666,0,-0.014735588972431077,0.015919299107081245,0.23
0.07447366666666666,0,-0.014735588972431077,0.02003847818194743,0.23
0.07368973333333334,0,-0.013753216374269005,0.02083020324626238,0.23
0.07368973333333334,0,-0.013753216374269005,0.019219743819080343,0.23
0.05748844444444444,0,-0.004911862990810359,0.014511978455275312,0.23
0.05748844444444444,0,-0.004911862990810359,0.016896687762126886,0.23
0.05160894444444444,0,-0.0034383040935672513,0.015520507948698461,0.23
0.05160894444444444,0,-0.0034383040935672513,0.011349964898599761,0.23
0.045990755555555554,0,-0.011788471177944862,0.011801603510491362,0.23
0.045990755555555554,0,-0.011788471177944862,0.016253361551407924,0.23
0.040503222222222225,0,0.008841353383458646,0.010560899110997196,0.23
0.040503222222222225,0,0.008841353383458646,0.010525638432568273,0.23
0.040503222222222225,0,0.008841353383458646,0.01402091312873962,0.23
0.03854338888888889,0,0.0024559314954051793,0.00824372292153727,0.23
0.03854338888888889,0,0.0024559314954051793,0.01317448652128971,0.23
0.03710617777777778,0,-0.02750643274853801,0.007883718714841224,0.23
0.03710617777777778,0,-0.02750643274853801,0.009783459333210794,0.23
0.033709133333333335,0,-0.04420676691729323,0.012760700263848148,0.23
0.026000455555555555,0,-0.09774607351712614,0.011807699817138648,0.23
0.026000455555555555,0,-0.09774607351712614,0.010184514203904217,0.23
0.012804244444444444,0,-0.05010100250626566,0.016307233617365982,0.23
-0.0009145888888888889,0,0.006385421888053467,0.0044319298553305115,0.05
0.0006532777777777777,0,-0.0034383040935672513,0.006140210128020589,0.05
0.0006532777777777777,0,-0.0034383040935672513,0.007433041629285527,0.05
0.0006532777777777777,0,-0.0034383040935672513,0.00518551373454223,0.05
0.0,0,0.0,0.007085516120136846,0.05
0.0,0,0.0,0.006821941694344497,0.05
0.0016985222222222224,0,0.021121010860484544,0.014968147829389511,0.09
0.0016985222222222224,0,0.021121010860484544,0.021742014926966424,0.09
0.0,0,0.07269557226399331,0.022745243951714636,0.09
0.0,0,0.07269557226399331,0.02340977810939031,0.09
0.0011759000000000001,0,0.137040977443609,0.0276386923486686,0.09
0.0011759000000000001,0,0.137040977443609,0.03308643049759299,0.09
0.0011759000000000001,0,0.137040977443609,0.037920467664874814,0.09
0.0019598333333333334,0,0.19794807852965748,0.04022409857568027,0.09
0.0019598333333333334,0,0.19794807852965748,0.04530096090675049,0.09
0.001437211111111111,0,0.25492568922305764,0.045745131821326286,0.09
-0.005748844444444444,0,0.2819409356725146,0.042389157309828146,0.09
-0.0002613111111111111,0,0.30257076023391816,0.04345475315746057,0.09
-0.0002613111111111111,0,0.30257076023391816,0.04509607197241696,0.09
0.0,0,0.301588387635756,0.04218168900920829,0.09
0.0,0,0.301588387635756,0.041803551413978984,0.09
-0.0003919666666666667,0,0.29618533834586463,0.04556085393038538,0.09
-0.0003919666666666667,0,0.29618533834586463,0.045674651451202114,0.09
-0.0003919666666666667,0,0.301097201336675,0.038309098817166126,0.09
-0.0003919666666666667,0,0.301097201336675,0.04067592707363542,0.09
-0.0003919666666666667,0,0.301097201336675,0.0372183043670973,0.09
0.0007839333333333334,0,0.30257076023391816,0.042485245483830855,0.09
0.0007839333333333334,0,0.30257076023391816,0.040136542816504736,0.09
-0.0002613111111111111,0,0.29765889724310773,0.03843671676636595,0.09
-0.0002613111111111111,0,0.29765889724310773,0.03696881748712039,0.09
0.0,0,0.2966765246449457,0.046091291402691165,0.09
0.0,0,0.2966765246449457,0.04174059879392004,0.09
0.0006532777777777777,0,0.2981500835421888,0.03607127527544405,0.09
0.0006532777777777777,0,0.2981500835421888,0.0608643433998292,0.09
-0.00013065555555555555,0,0.3020795739348371,0.06200099844786981,0.09
-0.00013065555555555555,0,0.3020795739348371,0.062274316502809846,0.09
-0.00013065555555555555,0,0.3020795739348371,0.06148183361588403,0.09
-0.0003919666666666667,0,0.2981500835421888,0.05848441253460552,0.09
-0.0003919666666666667,0,0.2981500835421888,0.05886427662067134,0.09
0.0006532777777777777,0,0.3001148287385129,0.06274073610252658,0.09
0.0006532777777777777,0,0.3001148287385129,0.06192188714192072,0.09
-0.0005226222222222222,0,0.30060601503759393,0.0627797188094155,0.09
-0.0005226222222222222,0,0.30060601503759393,0.05723809285635282,0.09
-0.0006532777777777777,0,0.2981500835421888,0.15937859216339653,0.09
0.00013065555555555555,0,0.2991324561403509,0.061214894536183506,0.09
0.00013065555555555555,0,0.2991324561403509,0.0616523279549167,0.09
0.0015678666666666668,0,0.30257076023391816,0.06303048204013698,0.09
0.0015678666666666668,0,0.30257076023391816,0.05090835025276174,0.09
0.0015678666666666668,0,0.30257076023391816,0.029926124803765813,0.09
0.010452444444444443,0,0.13360267335004175,0.015832332003838455,0.09
0.010452444444444443,0,0.13360267335004175,0.01566595439820947,0.09
-0.0015678666666666668,0,-0.013753216374269005,0.005242897906455566,0.05
-0.0015678666666666668,0,-0.013753216374269005,0.005385362049338931,0.05
-0.0024824555555555557,0,0.0191562656641604,0.01717996194525301,0.09
-0.0024824555555555557,0,0.0191562656641604,0.01576963715576465,0.09
-0.0011759000000000001,0,0.07908099415204678,0.021652022550436762,0.09
-0.0011759000000000001,0,0.07908099415204678,0.022876051983394406,0.09
0.00013065555555555555,0,0.11542878028404344,0.028093753881762065,0.09
0.00013065555555555555,0,0.11542878028404344,0.030528548667710657,0.09
0.0011759000000000001,0,0.15374131161236423,0.03495185535947486,0.09
0.0011759000000000001,0,0.15374131161236423,0.0378788170976704,0.09
0.0011759000000000001,0,0.15374131161236423,0.03940333947900564,0.09
0.0009145888888888889,0,0.17830062656641604,0.03335470019157594,0.09
0.0009145888888888889,0,0.17830062656641604,0.037501690134784486,0.09
0.0003919666666666667,0,0.1900890977443609,0.03672542958243111,0.09
0.0003919666666666667,0,0.1900890977443609,0.039844707527008465,0.09
0.0007839333333333334,0,0.21317485380116957,0.04296352019205748,0.09
0.0007839333333333334,0,0.21317485380116957,0.03941844043066486,0.09
0.0006532777777777777,0,0.21956027568922307,0.03920897090546549,0.09
0.0006532777777777777,0,0.21956027568922307,0.04476334273673836,0.09
0.0002613111111111111,0,0.22005146198830408,0.046219439608881856,0.09
0.0002613111111111111,0,0.22005146198830408,0.03132736136129007,0.09
0.0002613111111111111,0,0.22005146198830408,0.031699103841703956,0.09
-0.0003919666666666667,0,0.2175955304928989,0.030257198981193587,0.09
-0.0003919666666666667,0,0.2175955304928989,0.028554297914689632,0.09
0.0013065555555555554,0,0.19254502923976607,0.028854463676270318,0.09
-0.0007839333333333334,0,0.17879181286549706,0.028060091585984007,0.09
-0.0007839333333333334,0,0.17879181286549706,0.02524431429441714,0.09
-0.0007839333333333334,0,0.17879181286549706,0.02670123790408712,0.09
0.0002613111111111111,0,0.16307385129490393,0.0303343777440849,0.09
0.0002613111111111111,0,0.16307385129490393,0.025746048222874202,0.09
-0.0016985222222222224,0,0.16061791979949874,0.029357821142011062,0.09
-0.0016985222222222224,0,0.16061791979949874,0.02290076258806215,0.09
-0.0005226222222222222,0,0.1424440267335004,0.022100234557039078,0.09
-0.0005226222222222222,0,0.1424440267335004,0.022524996661793608,0.09
-0.0009145888888888889,0,0.12034064327485378,0.02225200350572662,0.09
-0.0009145888888888889,0,0.12034064327485378,0.020613268658031224,0.09
-0.0005226222222222222,0,0.11690233918128654,0.020977982086784645,0.09
-0.0005226222222222222,0,0.11690233918128654,0.020954114149098344,0.09
0.0003919666666666667,0,0.10167556390977443,0.022180793696265216,0.09
0.0003919666666666667,0,0.10167556390977443,0.01933085122780906,0.09
-0.00013065555555555555,0,0.09971081871345029,0.018374749491785972,0.09
-0.00013065555555555555,0,0.09971081871345029,0.018812985062488387,0.09
-0.00013065555555555555,0,0.09971081871345029,0.021159644135625176,0.09
0.00013065555555555555,0,0.09872844611528821,0.019604350775348372,0.09
0.0,0,0.09823725981620718,0.019058356924211168,0.09
0.0,0,0.09823725981620718,0.018523808451227745,0.09
0.0,0,0.09823725981620718,0.01879232875530318,0.09
0.0,0,0.09823725981620718,0.0181451905997247,0.09
0.0,0,0.09823725981620718,0.02181328092632585,0.09
-0.0002613111111111111,0,0.10020200501253132,0.01883123334551687,0.09
-0.0002613111111111111,0,0.10020200501253132,0.017682917205955287,0.09
0.00013065555555555555,0,0.09872844611528821,0.018222161605813633,0.09
0.00013065555555555555,0,0.09872844611528821,0.017312899343806067,0.09
0.0005226222222222222,0,0.09823725981620718,0.019264818546521324,0.09
0.0005226222222222222,0,0.09823725981620718,0.019823010404803467,0.09
-0.00013065555555555555,0,0.09971081871345029,0.015430482362685632,0.09
-0.00013065555555555555,0,0.09971081871345029,0.023865868451104052,0.09
0.0,0,0.09823725981620718,0.017501811073501666,0.09
0.0,0,0.09823725981620718,0.0211037995545507,0.09
0.0,0,0.09823725981620718,0.018439452514812098,0.09
-0.0002613111111111111,0,0.10020200501253132,0.022464340039768715,0.09
0.0,0,0.10020200501253132,0.019894018269564166,0.09
0.0010452444444444444,0,0.06876608187134503,0.014314275651948748,0.09
0.0010452444444444444,0,0.06876608187134503,0.01607913892945151,0.09
-0.0005226222222222222,0,0.0,0.01399579855856333,0.05
0.0007839333333333334,0,-0.005894235588972431,0.014821465572616576,0.05
0.0007839333333333334,0,-0.005894235588972431,0.010289492385734705,0.05
0.0,0,0.0,0.014776546769398243,0.05
0.0,0,0.0009823725981620718,0.01733433947227996,0.05
0.0,0,0.0009823725981620718,0.018248750102064747,0.05
0.0,0,-0.0009823725981620718,0.013928945113205622,0.05
0.0,0,-0.0009823725981620718,0.015860164344360442,0.05
0.0,0,0.0,0.017479075024506126,0.05
0.0,0,0.0,0.015470931362885305,0.05
0.0,0,0.0,0.014490454016693072,0.05
-0.002090488888888889,0,0.0,0.016902136386506447,0.05
-0.002090488888888889,0,0.0,0.01288206011532632,0.05
-0.002090488888888889,0,0.0,0.017881114618969577,0.05
-0.032533233333333335,0,-0.0024559314954051793,0.01327669627416007,0.05
-0.032533233333333335,0,-0.0024559314954051793,0.016499263780264395,0.05
-0.061408111111111115,0,0.0,0.021931375105817566,0.05
-0.061408111111111115,0,0.0,0.015687283302388,0.05
-0.08923774444444443,0,0.011297284878863827,0.027072398439940557,0.09
-0.08923774444444443,0,0.011297284878863827,0.019217244011709305,0.09
-0.10347920000000001,0,0.012770843776106934,0.022809572838598077,0.09
-0.10347920000000001,0,0.012770843776106934,0.02244152795019245,0.09
-0.11641409999999999,0,0.005403049289891395,0.03034109433543501,0.05
-0.11641409999999999,0,0.005403049289891395,0.029013775123654592,0.05
-0.12320818888888888,0,-0.0014735588972431077,0.03773226917127456,0.05
-0.12320818888888888,0,-0.0014735588972431077,0.0260217821662911,0.05
-0.12320818888888888,0,-0.0014735588972431077,0.036468891684433666,0.05
-0.13183145555555556,0,-0.012279657477025897,0.030198266136494973,0.05
-0.13183145555555556,0,-0.012279657477025897,0.03980363584743966,0.05
-0.13901751111111113,0,-0.02750643274853801,0.029772480576265678,0.05
-0.13901751111111113,0,-0.02750643274853801,0.026577192536224727,0.05
-0.14189193333333336,0,-0.02554168755221387,0.026472560629514752,0.05
-0.14189193333333336,0,-0.02554168755221387,0.0419703161585335,0.05
-0.14189193333333336,0,-0.02848880534670008,0.03085288209806458,0.05
-0.14189193333333336,0,-0.02848880534670008,0.038575780564026926,0.05
-0.14685684444444444,0,-0.032418295739348374,0.02530803629627122,0.05
-0.14685684444444444,0,-0.032418295739348374,0.03944315044264623,0.05
-0.14659553333333333,0,-0.024559314954051795,0.03341456651553523,0.05
-0.14659553333333333,0,-0.024559314954051795,0.031769042530987425,0.05
-0.14659553333333333,0,-0.024559314954051795,0.03575315456005893,0.05
-0.14737946666666668,0,-0.029471177944862155,0.03867368821492585,0.05
-0.15012323333333333,0,-0.01817389306599833,0.0349734201106343,0.05
-0.15012323333333333,0,-0.01817389306599833,0.0411151062498308,0.05
-0.15012323333333333,0,-0.01817389306599833,0.03635868118134384,0.05
-0.1479020888888889,0,-0.01670033416875522,0.04161084732797132,0.05
-0.1479020888888889,0,-0.01670033416875522,0.036989350578084605,0.05
-0.14920864444444445,0,-0.017682706766917293,0.032307223238397784,0.05
-0.14920864444444445,0,-0.017682706766917293,0.0454996901024987,0.05
-0.14960061111111111,0,-0.021121010860484544,0.03424082170413839,0.05
-0.14960061111111111,0,-0.021121010860484544,0.038377734066820615,0.05
-0.1493393,0,-0.0014735588972431077,0.04247586885941679,0.05
-0.1493393,0,-0.0014735588972431077,0.03888969878401504,0.05
-0.1510378222222222,0,-0.0029471177944862155,0.039998014354257795,0.05
-0.1510378222222222,0,-0.0029471177944862155,0.03747311786641088,0.05
-0.14960061111111111,0,-0.017191520467836258,0.03244221022541225,0.05
-0.14960061111111111,0,-0.017191520467836258,0.035004159783656626,0.05
-0.1493393,0,-0.016209147869674187,0.03257745572680049,0.05
-0.1493393,0,-0.016209147869674187,0.02838503701092385,0.05
-0.14907798888888887,0,-0.01424440267335004,0.03844301319642599,0.05
-0.14907798888888887,0,-0.01424440267335004,0.035549787467214294,0.05
-0.14907798888888887,0,-0.01424440267335004,0.031238848168360835,0.05
-0.1486860222222222,0,-0.011788471177944862,0.028891774888335126,0.05
-0.1486860222222222,0,-0.011788471177944862,0.036005786388062934,0.05
-0.14986192222222222,0,-0.010314912280701753,0.03693940167373913,0.05
-0.14986192222222222,0,-0.010314912280701753,0.03291930119123636,0.05
-0.14777143333333334,0,-0.0024559314954051793,0.03236501377235211,0.05
-0.14777143333333334,0,-0.0024559314954051793,0.03240544914402448,0.05
-0.14920864444444445,0,-0.007858980785296574,0.03274888090228323,0.05
-0.14920864444444445,0,-0.007858980785296574,0.03152077064955062,0.05
-0.14960061111111111,0,0.005403049289891395,0.03412852253394189,0.05
-0.14960061111111111,0,0.005403049289891395,0.027838641620790385,0.05
-0.15012323333333333,0,0.0024559314954051793,0.037071053925453575,0.05
-0.15012323333333333,0,0.0024559314954051793,0.033013940092494184,0.05
-0.15012323333333333,0,0.0024559314954051793,0.034848971201310135,0.05
-0.14973126666666667,0,0.008841353383458646,0.026751430567350836,0.05
-0.14973126666666667,0,0.008841353383458646,0.028107566347997538,0.05
-0.15038454444444446,0,0.005403049289891395,0.03257736855582027,0.05
-0.15038454444444446,0,0.005403049289891395,0.033252665911076,0.05
-0.1493393,0,0.006385421888053467,0.029816702414269522,0.05
-0.1493393,0,0.006385421888053467,0.0286741834676003,0.05
-0.14881667777777777,0,0.007367794486215539,0.03391735211148393,0.05
-0.14881667777777777,0,0.007367794486215539,0.030930104224460662,0.05
-0.14711815555555555,0,0.007858980785296574,0.033935816582299,0.05
-0.14711815555555555,0,0.007858980785296574,0.03513564728222366,0.05
-0.1328767,0,0.004420676691729323,0.027963909924349082,0.05
-0.1328767,0,0.004420676691729323,0.02638725449201982,0.05
-0.1328767,0,0.004420676691729323,0.027856696716249837,0.05
-0.12072573333333332,0,0.0029471177944862155,0.022652555059304576,0.05
-0.12072573333333332,0,0.0029471177944862155,0.019216842382025985,0.05
-0.11066525555555555,0,0.012279657477025897,0.01752558465625083,0.09
-0.11066525555555555,0,0.012279657477025897,0.019096129248475542,0.09
-0.1025646111111111,0,0.0034383040935672513,0.02502673411759069,0.05
-0.1025646111111111,0,0.0034383040935672513,0.01897564408164168,0.05
-0.09603183333333333,0,0.010314912280701753,0.02013377699434346,0.09
-0.09603183333333333,0,0.010314912280701753,0.022565037965808613,0.09
-0.08440348888888889,0,0.003929490392648287,0.01974960285976177,0.05
-0.08440348888888889,0,0.003929490392648287,0.01859411922042012,0.05
-0.08440348888888889,0,0.003929490392648287,0.020230937345701243,0.05
-0.07721743333333332,0,0.0034383040935672513,0.011580342654522508,0.05
-0.07721743333333332,0,0.0034383040935672513,0.020356678155431407,0.05
-0.07055399999999999,0,0.003929490392648287,0.012617284979373419,0.05
-0.07055399999999999,0,0.003929490392648287,0.010168331974307367,0.05
-0.0649358111111111,0,0.007367794486215539,0.017450287227286178,0.05
-0.0649358111111111,0,0.007367794486215539,0.015120737868404201,0.05
-0.06206138888888889,0,0.0024559314954051793,0.016234102230802284,0.05
-0.06206138888888889,0,0.0024559314954051793,0.014125800625371101,0.05
-0.05814172222222223,0,0.0004911862990810359,0.016485039139426068,0.05
-0.05814172222222223,0,0.0004911862990810359,0.014529252840952581,0.05
-0.05592057777777778,0,0.0029471177944862155,0.01031818907375536,0.05
-0.05592057777777778,0,0.0029471177944862155,0.020787570438118522,0.05
-0.05252353333333333,0,-0.004911862990810359,0.01636787707916551,0.05
-0.05252353333333333,0,-0.004911862990810359,0.01302634565274807,0.05
-0.05252353333333333,0,-0.004911862990810359,0.014848140485693447,0.05
-0.04677468888888889,0,-0.0009823725981620718,0.013551813644015821,0.05
-0.04677468888888889,0,-0.0009823725981620718,0.011426749619700001,0.05
-0.043377644444444446,0,0.0019647451963241435,0.018396106379238858,0.05
-0.043377644444444446,0,0.0019647451963241435,0.01436735724392885,0.05
-0.041679122222222226,0,0.0014735588972431077,0.01338093217263316,0.05
-0.041679122222222226,0,0.0014735588972431077,0.008912008830932367,0.05
-0.03736748888888889,0,0.0029471177944862155,0.013064346010812293,0.05
-0.03736748888888889,0,0.0029471177944862155,0.012791264502731057,0.05
-0.03736748888888889,0,0.0029471177944862155,0.011781795902455755,0.05
-0.035799622222222216,0,0.0009823725981620718,0.011280936559107873,0.05
-0.032533233333333335,0,-0.0034383040935672513,0.014423316156252987,0.05
-0.032533233333333335,0,-0.0034383040935672513,0.011810567238163419,0.05
-0.032533233333333335,0,-0.0034383040935672513,0.013696045286460528,0.05
-0.029658811111111114,0,0.00835016708437761,0.01644063412159068,0.05
-0.029658811111111114,0,0.00835016708437761,0.011941783268043918,0.05
-0.02717635555555556,0,-0.0019647451963241435,0.014207881346583967,0.05
-0.02717635555555556,0,-0.0019647451963241435,0.00792325143285979,0.05
-0.02456324444444444,0,0.005894235588972431,0.014258772839564973,0.05
-0.022995377777777777,0,0.0029471177944862155,0.01479379180631855,0.05
-0.022995377777777777,0,0.0029471177944862155,0.012804711563181343,0.05
-0.022864722222222224,0,0.0034383040935672513,0.010516456455400117,0.05
-0.021688822222222223,0,0.0009823725981620718,0.008003328202287408,0.05
-0.021296855555555556,0,0.0034383040935672513,0.011455985042759024,0.05
-0.021296855555555556,0,0.0034383040935672513,0.014038050809339127,0.05
-0.021296855555555556,0,0.0034383040935672513,0.010804821207036039,0.05
-0.021296855555555556,0,0.0034383040935672513,0.011303083773751508,0.05
-0.021296855555555556,0,0.0004911862990810359,0.006922493444710819,0.05
-0.021296855555555556,0,0.0004911862990810359,0.01127870432045372,0.05
-0.021296855555555556,0,0.0004911862990810359,0.015160032214825765,0.05
-0.02012095555555556,0,0.0,0.007782140619076567,0.05
-0.02012095555555556,0,0.0,0.011371139862553923,0.05
-0.020643577777777776,0,0.0009823725981620718,0.01351097552214192,0.05
-0.020643577777777776,0,0.0009823725981620718,0.015764725201771652,0.05
-0.020382266666666666,0,0.0009823725981620718,0.007146749379868738,0.05
-0.020382266666666666,0,0.0009823725981620718,0.011502784676333212,0.05
-0.019859644444444446,0,0.0019647451963241435,0.013455025199172724,0.05
-0.019859644444444446,0,0.0019647451963241435,0.010381119700936999,0.05
-0.01972898888888889,0,0.0004911862990810359,0.009366172177335529,0.05
-0.01972898888888889,0,0.0004911862990810359,0.009386738753328324,0.05
-0.01972898888888889,0,0.0004911862990810359,0.018763080452535576,0.05
-0.01972898888888889,0,0.0004911862990810359,0.009098995268933336,0.05
-0.01972898888888889,0,0.0004911862990810359,0.014009819655408427,0.05
-0.019859644444444446,0,0.0009823725981620718,0.01156669247931034,0.05
-0.019859644444444446,0,0.0009823725981620718,0.012548804947244693,0.05
-0.019598333333333332,0,0.0,0.014100198582400032,0.05
-0.0199903,0,0.0014735588972431077,0.013356706502981007,0.05
-0.0199903,0,0.0014735588972431077,0.014783325920638517,0.05
-0.013326866666666666,0,-0.0019647451963241435,0.010707864790055267,0.05
-0.00013065555555555555,0,-0.0004911862990810359,0.017631029133365055,0.05
0.0,0,0.0,0.0153439241684635,0.05
0.0,0,0.0,0.014225564765268985,0.05
0.0,0,0.0,0.016546243959334402,0.05
0.0,0,0.0,0.01232021363887984,0.05
0.00013065555555555555,0,0.0004911862990810359,0.017097352278501593,0.05
0.0,0,0.0,0.016186459334352237,0.05
0.0,0,0.0,0.011330971828496196,0.05
0.0,0,0.0,0.013500679136384126,0.05
0.0,0,0.0,0.01861338447097375,0.05
0.0,0,0.0,0.020391959267418845,0.05
0.0,0,0.0,0.014641701132100103,0.05
0.0,0,0.0,0.012171836299188747,0.05
0.0,0,0.0,0.016133404765796725,0.05
0.0,0,0.0,0.013132108693919694,0.05
0.0,0,0.0,0.01496127495800207,0.05
0.0,0,0.0,0.014777708419637643,0.05
0.0,0,0.0,0.01781779525546657,0.05
0.0,0,0.0,0.013122821883794798,0.05
0.0,0,0.0,0.017408947695485757,0.05
0.0,0,0.0,0.01416366732146145,0.05
0.0,0,0.0,0.01506067185605571,0.05
0.0,0,0.0,0.021544754766971253,0.05
0.0,0,0.0,0.01591359138375385,0.05
0.0,0,0.0,0.01605892560556985,0.05
0.0,0,0.0,0.017108223940024828,0.05
0.0,0,0.0,0.013178768514767961,0.05
0.0,0,0.0,0.012917867544546015,0.05
0.0,0,0.0,0.019469464198656306,0.05
0.0,0,0.0,0.020809997074844874,0.05
0.0,0,0.0,0.01704360521824821,0.05
0.0,0,0.0,0.014272235774053989,0.05
0.0,0,0.0,0.019313571424382756,0.05
0.0,0,0.0,0.013908635468153706,0.05
0.0,0,0.0,0.016162631299337024,0.05
0.0,0,0.0,0.020998261826830664,0.05
0.0,0,0.0,0.00966670751188384,0.05
0.0,0,0.0,0.015669815338395086,0.05
0.0,0,0.0,0.020575463125314632,0.05
0.0,0,0.0,0.012548844410292286,0.05
0.0,0,0.0,0.01472145872350811,0.05
0.0,0,0.0,0.01387597873789,0.05
0.0,0,0.0,0.01587451102230006,0.05
0.0,0,0.0,0.013933119635567414,0.05
0.0,0,0.0,0.0148912029560009,0.05
0.0,0,0.0,0.012501682458836485,0.05
0.0,0,0.0,0.011772318583984793,0.05
0.0,0,0.0,0.019134893137191192,0.05
0.0,0,0.0,0.014709980958845242,0.05
0.0,0,0.0,0.020014152315416138,0.05
0.0,0,0.0,0.014708231397142637,0.05
0.0,0,0.0,0.011221091300612572,0.05
0.0,0,0.0,0.015860664632685255,0.05
0.0,0,0.0,0.01195105357081108,0.05
0.0,0,0.0,0.012590839026176564,0.05
0.0,0,0.0,0.017376285595326425,0.05
0.0,0,0.0,0.021045328071325368,0.05
0.0,0,0.0,0.017714639405612593,0.05
0.0,0,0.0,0.013617522230140879,0.05
0.0,0,0.0,0.01764352972385629,0.05
0.0,0,0.0,0.016585178162391342,0.05
0.0,0,0.0,0.016245683595327003,0.05
0.0,0,0.0,0.019107416416935214,0.05
0.0,0,0.0,0.010815748585912579,0.05
0.0,0,0.0,0.01154079922807366,0.05
0.0,0,0.0,0.014433146312839453,0.05
0.0,0,0.0,0.01597556321237583,0.05
0.0,0,0.0,0.018905363755694047,0.05
0.0,0,0.0,0.01831018307105169,0.05
0.0,0,0.0,0.021338108637656932,0.05
0.0,0,0.0,0.012207034887610008,0.05
0.0,0,0.0,0.010774730580409304,0.05
0.0,0,0.0,0.017135095476028147,0.05
0.0,0,0.0,0.013709427698350145,0.05
0.0,0,0.0,0.011913513630989352,0.05
0.0,0,0.0,0.010518265717824255,0.05
0.0,0,0.0,0.011964298555177562,0.05
0.0,0,0.0,0.016153597368180107,0.05
0.0,0,0.0,0.015179783772801696,0.05
0.0,0,0.0,0.015572378250135386,0.05
0.0026131111111111108,0,-0.009823725981620717,0.017458948582941204,0.05
0.0049649111111111114,0,-0.0009823725981620718,0.005888070267694355,0.05
0.03854338888888889,0,-0.0034383040935672513,0.023523281066078417,0.23
0.03854338888888889,0,-0.0034383040935672513,0.023085510523999722,0.23
0.03854338888888889,0,-0.0034383040935672513,0.01246338188159013,0.23
0.0693781,0,-0.0014735588972431077,0.031347331146737774,0.23
0.10034346666666667,0,-0.0019647451963241435,0.02962216682799953,0.23
0.10034346666666667,0,-0.0019647451963241435,0.04039260738974464,0.23
0.10034346666666667,0,-0.0019647451963241435,0.0347510346184049,0.23
0.1314394888888889,0,-0.0009823725981620718,0.04198432560246398,0.23
0.1314394888888889,0,-0.0009823725981620718,0.039706653111021464,0.23
0.16070633333333334,0,0.0019647451963241435,0.04581209863023879,0.23
0.16070633333333334,0,0.0019647451963241435,0.048695462635614854,0.23
0.15939977777777775,0,-0.003929490392648287,0.047623595382163576,0.23
0.15939977777777775,0,-0.003929490392648287,0.04175212468407021,0.23
0.15953043333333333,0,0.0004911862990810359,0.04592142826738267,0.23
0.15953043333333333,0,-0.0004911862990810359,0.04591297541158297,0.23
0.15953043333333333,0,-0.0004911862990810359,0.04342635015625266,0.23
0.15953043333333333,0,-0.0004911862990810359,0.05330826329606788,0.23
0.15953043333333333,0,-0.0004911862990810359,0.04406244557220874,0.23
0.16096764444444447,0,-0.0009823725981620718,0.04722590477687486,0.23
0.16096764444444447,0,-0.0009823725981620718,0.04093202594452758,0.23
0.15861584444444446,0,0.0009823725981620718,0.04876050627596554,0.23
0.15861584444444446,0,0.0009823725981620718,0.048534345301455444,0.23
0.1613596111111111,0,-0.0004911862990810359,0.04815803200833085,0.23
0.1613596111111111,0,-0.0004911862990810359,0.045487065954275846,0.23
0.15913846666666667,0,-0.0019647451963241435,0.04701456756190791,0.23
0.15913846666666667,0,-0.0019647451963241435,0.04775018840883573,0.23
0.15966108888888889,0,0.0009823725981620718,0.045763723773002224,0.23
0.15966108888888889,0,0.0009823725981620718,0.05493813741249225,0.23
0.15966108888888889,0,-0.0029471177944862155,0.04604584099699021,0.23
0.15966108888888889,0,-0.0029471177944862155,0.04904612187735232,0.23
0.1605756777777778,0,0.006385421888053467,0.04966654320264172,0.23
0.1605756777777778,0,0.006385421888053467,0.048388189277560514,0.23
0.15861584444444446,0,-0.0009823725981620718,0.047436816082056105,0.23
0.15861584444444446,0,-0.0009823725981620718,0.03917887343419019,0.23
0.15861584444444446,0,-0.0009823725981620718,0.044817836587980525,0.23
0.16096764444444447,0,0.0019647451963241435,0.04677216853260286,0.23
0.16096764444444447,0,0.0019647451963241435,0.04744555512846247,0.23
0.15939977777777775,0,-0.0029471177944862155,0.04954639971263333,0.23
0.15939977777777775,0,-0.0029471177944862155,0.04479761192508432,0.23
0.1599224,0,0.0009823725981620718,0.03868843396023091,0.23
0.1599224,0,0.0009823725981620718,0.050759132188919795,0.23
0.15835453333333332,0,0.0019647451963241435,0.049162947546429574,0.23
0.15835453333333332,0,0.0019647451963241435,0.042268537137748925,0.23
0.15835453333333332,0,0.0019647451963241435,0.04988647674737981,0.23
0.1587465,0,-0.0024559314954051793,0.050589702919355946,0.23
0.1587465,0,-0.0024559314954051793,0.04578298272903384,0.23
0.1608369888888889,0,0.0014735588972431077,0.05259077471927642,0.23
0.15900781111111115,0,-0.0034383040935672513,0.05046852991174354,0.23
0.15900781111111115,0,-0.0034383040935672513,0.043896202982810405,0.23
0.15900781111111115,0,-0.0034383040935672513,0.04984107385385379,0.23
0.15953043333333333,0,-0.0004911862990810359,0.04919697053389137,0.23
0.15953043333333333,0,-0.0004911862990810359,0.04810014317720349,0.23
0.15913846666666667,0,-0.003929490392648287,0.04836184992403657,0.23
0.15913846666666667,0,-0.003929490392648287,0.05243551311729913,0.23
0.15953043333333333,0,0.0014735588972431077,0.04445477100107053,0.23
0.15953043333333333,0,0.0014735588972431077,0.04344428661719758,0.23
0.1613596111111111,0,0.0014735588972431077,0.04668303418244627,0.23
0.1613596111111111,0,0.0014735588972431077,0.04336553927246197,0.23
0.15939977777777775,0,0.0019647451963241435,0.041100977680648465,0.23
0.15939977777777775,0,0.0019647451963241435,0.04211949698891547,0.23
0.16122895555555555,0,0.0,0.04758282587396545,0.23
0.16122895555555555,0,0.0,0.05012879678632437,0.23
0.16122895555555555,0,0.0,0.04390401852277298,0.23
0.1605756777777778,0,0.0014735588972431077,0.04502325119327938,0.23
0.1605756777777778,0,0.0014735588972431077,0.038606482992849085,0.23
0.15939977777777775,0,0.0,0.04231115441738527,0.23
0.15939977777777775,0,0.0,0.045847560449712166,0.23
0.15861584444444446,0,0.003929490392648287,0.040832030120443515,0.23
0.15861584444444446,0,0.003929490392648287,0.043769698678796674,0.23
0.13888685555555555,0,0.0034383040935672513,0.03974363593042028,0.23
0.13888685555555555,0,0.0034383040935672513,0.04184166955742794,0.23
0.12281622222222223,0,0.0019647451963241435,0.03785580813899245,0.23
0.12281622222222223,0,0.0019647451963241435,0.035431214450473335,0.23
0.10583100000000001,0,0.0019647451963241435,0.028750153336919576,0.23
0.10583100000000001,0,0.0019647451963241435,0.031558888733999584,0.23
0.10583100000000001,0,0.0019647451963241435,0.032498990795270515,0.23
0.09982084444444443,0,-0.0019647451963241435,0.029804610872175452,0.23
0.10099674444444444,0,-0.0014735588972431077,0.029864747556804995,0.23
0.10099674444444444,0,-0.0014735588972431077,0.03098866678104896,0.23
0.10099674444444444,0,-0.0014735588972431077,0.032607127085500905,0.23
0.10217264444444445,0,0.004911862990810359,0.027972762800285957,0.23
0.10217264444444445,0,0.004911862990810359,0.03138036384479646,0.23
0.10008215555555557,0,0.0009823725981620718,0.029896711731384508,0.23
0.10008215555555557,0,0.0009823725981620718,0.03208492333633473,0.23
0.10047412222222223,0,0.0004911862990810359,0.03124708184116392,0.23
0.10047412222222223,0,0.0004911862990810359,0.027841844561355286,0.23
0.09890625555555556,0,-0.005403049289891395,0.031327897624340045,0.23
0.09890625555555556,0,-0.005403049289891395,0.027990811033241334,0.23
0.09916756666666668,0,-0.0004911862990810359,0.03378937259834788,0.23
0.09916756666666668,0,-0.0004911862990810359,0.028822923329743913,0.23
0.09982084444444443,0,0.003929490392648287,0.025012251882529996,0.23
0.09982084444444443,0,0.003929490392648287,0.030521533213181663,0.23
0.09929822222222222,0,-0.0029471177944862155,0.028435404971570606,0.23
0.06846351111111111,0,0.019647451963241434,0.024776531029733418,0.09
0.037498144444444444,0,-0.09676370091896408,0.023014719847010548,0.23
0.004180977777777778,0,0.02848880534670008,0.015500027119741633,0.09
-0.0003919666666666667,0,-0.0024559314954051793,0.013753839708150556,0.05
-0.0003919666666666667,0,-0.0024559314954051793,0.011374810461097878,0.05
-0.0003919666666666667,0,0.0034383040935672513,0.016412215020676434,0.05
-0.0003919666666666667,0,0.0034383040935672513,0.011386069441534814,0.05
-0.0003919666666666667,0,0.0034383040935672513,0.01294686183273969,0.05
-0.0003919666666666667,0,0.005403049289891395,0.01594432415555616,0.05
-0.010975066666666665,0,0.04518913951545531,0.020035382794514025,0.09
0.0002613111111111111,0,0.08743116123642439,0.023687625306905335,0.09
0.0002613111111111111,0,0.08743116123642439,0.02795000516282699,0.09
-0.0002613111111111111,0,0.16110910609857979,0.03676920103198959,0.09
-0.0002613111111111111,0,0.16110910609857979,0.03996866856299331,0.09
0.0,0,0.2446107769423559,0.05007382606542269,0.09
0.0,0,0.2446107769423559,0.051516140907091626,0.09
-0.0003919666666666667,0,0.32860363408521304,0.06382618919899222,0.09
-0.0003919666666666667,0,0.32860363408521304,0.054136308364583545,0.09
-0.0006532777777777777,0,0.40424632414369255,0.062210582373157484,0.09
-0.0006532777777777777,0,0.40424632414369255,0.06021597009569417,0.09
-0.00013065555555555555,0,0.4032639515455305,0.05634110001095843,0.09
-0.00013065555555555555,0,0.4032639515455305,0.0620364144542703,0.09
-0.00013065555555555555,0,0.4032639515455305,0.057613160081390766,0.09
0.0,0,0.40571988304093565,0.04552174146979805,0.09
0.00013065555555555555,0,0.40228157894736843,0.06425835686067721,0.09
0.00013065555555555555,0,0.40228157894736843,0.054959172945020465,0.09
0.00013065555555555555,0,0.40228157894736843,0.05777694494100335,0.09
-0.00013065555555555555,0,0.397369715956558,0.049894768284932674,0.09
-0.00013065555555555555,0,0.397369715956558,0.05986147914084119,0.09
-0.0007839333333333334,0,0.396878529657477,0.05255616378938088,0.09
-0.0007839333333333334,0,0.396878529657477,0.04955237406674586,0.09
-0.0006532777777777777,0,0.397369715956558,0.05310200114786275,0.09
-0.0006532777777777777,0,0.397369715956558,0.052367319109481295,0.09
-0.0007839333333333334,0,0.3644602339181286,0.0457305950083638,0.09
-0.0007839333333333334,0,0.3644602339181286,0.04691609058690186,0.09
0.0006532777777777777,0,0.3443215956558061,0.05028829114298843,0.09
0.0006532777777777777,0,0.3443215956558061,0.045831306424204334,0.09
0.0011759000000000001,0,0.314850417710944,0.044898370341286485,0.09
0.0011759000000000001,0,0.314850417710944,0.03788615530520955,0.09
0.0011759000000000001,0,0.314850417710944,0.036352250778532796,0.09
0.0049649111111111114,0,0.24166365914786966,0.03501628969422895,0.09
0.0049649111111111114,0,0.24166365914786966,0.034587829855763974,0.09
-0.0005226222222222222,0,0.22889281537176273,0.029577626364083818,0.09
-0.0005226222222222222,0,0.22889281537176273,0.028958638222355386,0.09
-0.0018291777777777777,0,0.18370367585630745,0.029024402381900752,0.09
-0.0018291777777777777,0,0.18370367585630745,0.024218096766924255,0.09
-0.0003919666666666667,0,0.17044164578111945,0.023548643224248614,0.09
-0.0003919666666666667,0,0.17044164578111945,0.026721079494814313,0.09
0.00013065555555555555,0,0.12819962406015034,0.022107653455938407,0.09
0.00013065555555555555,0,0.12819962406015034,0.018263416458677215,0.09
0.0002613111111111111,0,0.10806098579782789,0.024838998655701865,0.09
0.0002613111111111111,0,0.10806098579782789,0.021724549528635603,0.09
0.0002613111111111111,0,0.10314912280701753,0.01698244892920512,0.09
0.0002613111111111111,0,0.10314912280701753,0.01924469495334899,0.09
0.0,0,0.09921963241436925,0.015917565620003595,0.09
0.0,0,0.09921963241436925,0.014572962577322632,0.09
-0.0003919666666666667,0,0.09971081871345029,0.01684427925095558,0.09
-0.0003919666666666667,0,0.09971081871345029,0.0215616249924453,0.09
-0.0003919666666666667,0,0.09971081871345029,0.022450385786532072,0.09
0.0,0,0.09921963241436925,0.01873851328259069,0.09
0.0,0,0.09921963241436925,0.017006450812597478,0.09
0.00013065555555555555,0,0.10069319131161236,0.021517125187009208,0.09
0.00013065555555555555,0,0.10069319131161236,0.025156215427376914,0.09
0.0003919666666666667,0,0.10069319131161236,0.018014676021436745,0.09
0.0023518000000000002,0,0.06876608187134503,0.016009916667740626,0.09
0.0023518000000000002,0,0.06876608187134503,0.013774473954076681,0.09
0.001437211111111111,0,0.0004911862990810359,0.01945626182416165,0.05
0.0003919666666666667,0,-0.0004911862990810359,0.019901828067498413,0.05
0.0003919666666666667,0,-0.0004911862990810359,0.017620698916223202,0.05
-0.0005226222222222222,0,0.0,0.017332877096765224,0.05
0.0,0,-0.0019647451963241435,0.019896117883401936,0.05
0.0006532777777777777,0,0.0004911862990810359,0.01644977557687151,0.05
0.009799166666666666,0,0.004420676691729323,0.015140000083132347,0.05
0.009799166666666666,0,0.004420676691729323,0.015140000083132347,0.05
0.009799166666666666,0,0.004420676691729323,0.01280667019626128,0.05
0.022864722222222224,0,0.005403049289891395,0.015575540268206714,0.23
0.022864722222222224,0,0.005403049289891395,0.019594882850716262,0.23
0.039196666666666664,0,0.0019647451963241435,0.02102158012714996,0.23
0.06219204444444444,0,0.0019647451963241435,0.023312645222439123,0.23
0.09119757777777777,0,-0.005894235588972431,0.0285365792615254,0.23
0.09119757777777777,0,-0.005894235588972431,0.026342594862536796,0.23
0.09119757777777777,0,-0.005894235588972431,0.027986606423942604,0.23
0.09119757777777777,0,-0.005894235588972431,0.0273394260804804,0.23
0.12150966666666668,0,-0.0029471177944862155,0.03304894508988657,0.23
0.12150966666666668,0,-0.0029471177944862155,0.032847839705417714,0.23
0.15182175555555555,0,-0.005894235588972431,0.040446574945218285,0.23
0.15182175555555555,0,-0.005894235588972431,0.035155377133265005,0.23
0.15182175555555555,0,-0.005894235588972431,0.03944677267425833,0.23
0.18121925555555554,0,-0.010314912280701753,0.045411278042084516,0.23
0.18121925555555554,0,-0.010314912280701753,0.04651517950579635,0.23
0.21688822222222223,0,0.014735588972431077,0.052956819604963845,0.09
0.21688822222222223,0,0.014735588972431077,0.05273218846837347,0.09
0.2617030777777778,0,0.010314912280701753,0.05999791071229423,0.09
0.2617030777777778,0,0.010314912280701753,0.06253969283398352,0.09
0.30586465555555553,0,0.0024559314954051793,0.07688201646888725,0.23
0.30586465555555553,0,0.0024559314954051793,0.0712485007438154,0.23
0.3475437777777778,0,0.023576942355889724,0.0969052100329919,0.09
0.38530323333333333,0,0.015226775271512115,0.08924195306604708,0.09
0.38530323333333333,0,0.015226775271512115,0.09104293404496806,0.09
0.4267210444444444,0,0.034383040935672515,0.09441178153113497,0.09
0.4630432888888889,0,0.02750643274853801,0.10418707682183125,0.09
0.4971443888888889,0,0.016209147869674187,0.10996777977613723,0.09
0.5416979333333333,0,0.03634778613199666,0.11829244386247109,0.09
0.5822011555555556,0,0.034383040935672515,0.1207100134655875,0.09
0.6186540555555555,0,0.01424440267335004,0.10621469950049744,0.09
0.6535390888888888,0,-0.0009823725981620718,0.10938939293772774,0.23
0.6535390888888888,0,-0.0009823725981620718,0.1455940811227585,0.23
0.6830672444444444,0,-0.02750643274853801,0.15464804397150717,0.23
0.6830672444444444,0,-0.02750643274853801,0.15795416350826103,0.23
0.7085450777777779,0,-0.04764507101086048,0.16384508701318493,0.23
0.7085450777777779,0,-0.04764507101086048,0.17815393447066324,0.23
0.7085450777777779,0,-0.04764507101086048,0.1767848496874387,0.23
0.7329776666666666,0,-0.0658189640768588,0.1725375355283013,0.23
0.7329776666666666,0,-0.0658189640768588,0.17289100374340186,0.23
0.7502242,0,-0.06876608187134503,0.17933551808336712,0.23
0.7502242,0,-0.06876608187134503,0.18669806812890896,0.23
0.7801443222222222,0,-0.0849752297410192,0.18833426853342447,0.23
0.7801443222222222,0,-0.0849752297410192,0.1889764504192362,0.23
0.7979134777777778,0,-0.049609816207184625,0.19116379278572015,0.23
0.7979134777777778,0,-0.049609816207184625,0.2025554425800605,0.23
0.8146373888888889,0,-0.07023964076858813,0.19836008249357148,0.23
0.8146373888888889,0,-0.07023964076858813,0.1980236714839887,0.23
0.8088885444444445,0,-0.07711624895572264,0.19896161978876012,0.23
0.8088885444444445,0,-0.07711624895572264,0.198881087355193,0.23
0.8088885444444445,0,-0.07711624895572264,0.1995385346663665,0.23
0.7814508777777779,0,-0.04273320802005012,0.18861736165273482,0.23
0.7740035111111112,0,-0.014735588972431077,0.18759030660938628,0.23
0.7632897555555554,0,-0.05501286549707602,0.18958776863087715,0.23
0.7632897555555554,0,-0.05501286549707602,0.18966671154007747,0.23
0.7368973333333333,0,-0.0009823725981620718,0.16680611853672922,0.23
0.7368973333333333,0,-0.0009823725981620718,0.16817538203829718,0.23
0.734676188888889,0,-0.0004911862990810359,0.16368294779845677,0.23
0.734676188888889,0,-0.0004911862990810359,0.16622549935363906,0.23
0.7204347333333334,0,0.0,0.16321903574068297,0.23
0.7204347333333334,0,0.0,0.1617435014847634,0.23
0.7204347333333334,0,0.0,0.1638065787484947,0.23
0.7141632666666666,0,-0.014735588972431077,0.1643708015612563,0.23
0.7094596666666666,0,0.007858980785296574,0.16168831313022697,0.23
0.7094596666666666,0,0.007858980785296574,0.16227048792576856,0.23
0.7094596666666666,0,0.007858980785296574,0.1620197019817868,0.23
0.7098516333333332,0,0.005403049289891395,0.1580972077535627,0.23
0.7084144222222222,0,0.022594569757727653,0.16059750842340145,0.09
0.7047560666666668,0,0.017682706766917293,0.11241781570722328,0.09
0.7086757333333334,0,0.01080609857978279,0.10618270130639888,0.09
0.7086757333333334,0,0.01080609857978279,0.1069905004596468,0.09
0.7106355666666667,0,0.0004911862990810359,0.10744951015554156,0.23
0.7178216222222221,0,0.007858980785296574,0.16339815774153363,0.23
0.7178216222222221,0,0.007858980785296574,0.160313290214544,0.23
0.7178216222222221,0,0.007858980785296574,0.15990611465184595,0.23
0.7248770222222222,0,-0.004911862990810359,0.16340797628030282,0.23
0.7248770222222222,0,-0.004911862990810359,0.1663559010868645,0.23
0.7272288222222222,0,-0.004911862990810359,0.1607086498009309,0.23
0.7272288222222222,0,-0.004911862990810359,0.15615060808441636,0.23
0.7285353777777778,0,-0.009823725981620717,0.16003017160994687,0.23
0.7285353777777778,0,-0.009823725981620717,0.15608168598959246,0.23
0.7276207888888889,0,0.020138638262322473,0.15689612006214473,0.09
0.729319311111111,0,0.005894235588972431,0.09984234939720557,0.23
0.729319311111111,0,0.005894235588972431,0.155929472745598,0.23
0.7306258666666667,0,0.01670033416875522,0.1565879373448335,0.09
0.7306258666666667,0,0.01670033416875522,0.0966957817841527,0.09
0.731148488888889,0,0.015717961570593148,0.08673367461668513,0.09
0.7366360222222222,0,0.014735588972431077,0.15665698635955022,0.09
0.7426461777777779,0,0.007858980785296574,0.0957232582345172,0.23
0.7426461777777779,0,0.007858980785296574,0.14527575264959558,0.23
0.7524453444444444,0,-0.011297284878863827,0.15221561886176285,0.23
0.7524453444444444,0,-0.011297284878863827,0.15066137938103336,0.23
0.7534905888888889,0,-0.051574561403508766,0.15800196175690867,0.23
0.7534905888888889,0,-0.051574561403508766,0.15983090279971307,0.23
0.7534905888888889,0,-0.051574561403508766,0.1502370675217968,0.23
0.7099822888888888,0,0.01670033416875522,0.14091595022673162,0.09
0.39745420000000004,0,0.005894235588972431,0.0746066531674508,0.23
0.39745420000000004,0,0.005894235588972431,0.08718631377432644,0.23
0.3968009222222222,0,0.006385421888053467,0.08158719379168418,0.23
0.3968009222222222,0,0.006385421888053467,0.0830034965500247,0.23
0.2943669666666666,0,0.0329094820384294,0.0622842332686337,0.09
0.2943669666666666,0,0.0329094820384294,0.06548969620766622,0.09
0.18526957777777778,0,0.032418295739348374,0.04059916576921141,0.09
0.18526957777777778,0,0.032418295739348374,0.04224872184366759,0.09
0.2104861,0,0.01817389306599833,0.047884764343849105,0.09
0.2104861,0,0.01817389306599833,0.04428263531290754,0.09
0.18931989999999999,0,-0.0024559314954051793,0.04268628343550255,0.23
0.18931989999999999,0,-0.0024559314954051793,0.043426230753832895,0.23
0.17102812222222222,0,0.009332539682539682,0.03961973583811607,0.23
0.17102812222222222,0,0.009332539682539682,0.0346681630614185,0.23
0.18030466666666667,0,0.0029471177944862155,0.03433261701755676,0.23
0.18030466666666667,0,0.0029471177944862155,0.03653958746549151,0.23
0.18030466666666667,0,0.0029471177944862155,0.03702972406517889,0.23
0.17664631111111112,0,-0.009823725981620717,0.042209991767680054,0.23
0.17664631111111112,0,-0.009823725981620717,0.03532617321721599,0.23
0.15116847777777778,0,-0.004420676691729323,0.03555308639213615,0.23
0.1452889777777778,0,-0.01670033416875522,0.035626326451912375,0.23
0.1452889777777778,0,-0.01670033416875522,0.035626326451912375,0.23
0.1452889777777778,0,-0.01670033416875522,0.03518969686954254,0.23
0.11915786666666665,0,-0.013753216374269005,0.027829275156510323,0.23
0.11915786666666665,0,-0.013753216374269005,0.031089515706491815,0.23
0.11915786666666665,0,-0.013753216374269005,0.03256275947340783,0.23
0.09694642222222222,0,-0.013753216374269005,0.02738486100702042,0.23
0.09694642222222222,0,-0.013753216374269005,0.026309246573879893,0.23
0.08571004444444445,0,-0.003929490392648287,0.025492839402928923,0.23
0.08571004444444445,0,-0.003929490392648287,0.0233193194032751,0.23
0.0740817,0,-0.0004911862990810359,0.020548341831584323,0.23
0.0740817,0,-0.0004911862990810359,0.022248517014390835,0.23
0.07277514444444445,0,-0.004420676691729323,0.02370035733232875,0.23
0.07277514444444445,0,-0.004420676691729323,0.026084740142403303,0.23
0.06728761111111112,0,-0.0034383040935672513,0.02327171790380383,0.23
0.06728761111111112,0,-0.0034383040935672513,0.02040176902905628,0.23
0.06506646666666667,0,-0.005894235588972431,0.021586455066472405,0.23
0.06506646666666667,0,-0.005894235588972431,0.019733995763671585,0.23
0.0576191,0,-0.044697953216374264,0.03406967856457553,0.23
0.0576191,0,-0.044697953216374264,0.039207321326955306,0.23
0.03501568888888889,0,-0.15914436090225564,0.049451197473985416,0.23
0.03501568888888889,0,-0.15914436090225564,0.056475133814252024,0.23
0.03501568888888889,0,-0.15914436090225564,0.059511844986470185,0.23
0.028482911111111113,0,-0.21317485380116957,0.06889355314544314,0.23
0.028482911111111113,0,-0.21317485380116957,0.07158853844086562,0.23
0.022472755555555557,0,-0.2662229741019215,0.08321049620137488,0.23
0.022472755555555557,0,-0.2662229741019215,0.08808256914498737,0.23
0.015809322222222224,0,-0.3089561821219715,0.09275572522182902,0.23
0.015809322222222224,0,-0.3089561821219715,0.07451738106398667,0.23
0.009407200000000001,0,-0.3644602339181286,0.09212131415450361,0.05
0.00013065555555555555,0,-0.40228157894736843,0.08769030221098294,0.05
0.0016985222222222224,0,-0.397369715956558,0.07467961762841936,0.05
-0.0002613111111111111,0,-0.4017903926482873,0.07582959418706287,0.05
-0.0011759000000000001,0,-0.40424632414369255,0.07343963148561601,0.05
0.0005226222222222222,0,-0.396878529657477,0.07374844405360433,0.05
-0.0019598333333333334,0,-0.39049310776942353,0.06232943802650158,0.05
0.0005226222222222222,0,-0.30257076023391816,0.04805766084132105,0.05
0.0005226222222222222,0,-0.30257076023391816,0.04707236384045006,0.05
-0.0010452444444444444,0,-0.24264603174603172,0.043112001165220945,0.05
-0.0010452444444444444,0,-0.24264603174603172,0.036501278572659376,0.05
-0.0011759000000000001,0,-0.19107147034252295,0.03084960725251865,0.05
-0.0011759000000000001,0,-0.19107147034252295,0.03306530130094795,0.05
0.0009145888888888889,0,-0.13409385964912282,0.027055249443474316,0.05
0.0009145888888888889,0,-0.13409385964912282,0.021744896953316533,0.05
-0.00013065555555555555,0,-0.09872844611528821,0.02457268850143167,0.05
-0.0003919666666666667,0,-0.10364030910609856,0.022162676410030495,0.05
-0.0003919666666666667,0,-0.10364030910609856,0.019684899742907283,0.05
-0.0006532777777777777,0,-0.06631015037593983,0.01667585217213835,0.05
-0.0002613111111111111,0,-0.003929490392648287,0.016284144056905044,0.05
-0.0002613111111111111,0,-0.003929490392648287,0.012696885151944514,0.05
0.0002613111111111111,0,0.004911862990810359,0.013724692055030241,0.05
0.0002613111111111111,0,0.004911862990810359,0.015953280909524897,0.05
0.0002613111111111111,0,0.004911862990810359,0.017241720876264945,0.05
0.038282077777777784,0,0.009332539682539682,0.02282992826617349,0.23
0.18749072222222224,0,-0.010314912280701753,0.059651286396566736,0.23
0.18749072222222224,0,-0.010314912280701753,0.05602331987707382,0.23
0.18749072222222224,0,-0.010314912280701753,0.05782224108263004,0.23
0.30272892222222225,0,0.01817389306599833,0.08928507268325304,0.09
0.30272892222222225,0,0.01817389306599833,0.08374108153468705,0.09
0.3948410888888889,0,0.020629824561403505,0.11473909928908536,0.09
0.46905344444444447,0,0.0383125313283208,0.12091568163715541,0.09
0.5119084666666667,0,0.03340066833751044,0.12685284057587087,0.09
0.5399994111111112,0,0.009332539682539682,0.1033219932971358,0.23
0.5399994111111112,0,0.009332539682539682,0.15918000256733153,0.23
0.5465321888888889,0,-0.016209147869674187,0.16163487419569178,0.23
0.5465321888888889,0,-0.016209147869674187,0.15818970931967727,0.23
0.5490146444444444,0,-0.01080609857978279,0.15758881157501256,0.23
0.5490146444444444,0,-0.01080609857978279,0.16220970156035205,0.23
0.5490146444444444,0,-0.01080609857978279,0.15588288858984153,0.23
0.5201397666666666,0,-0.01326203007518797,0.15056589379203936,0.23
0.5201397666666666,0,-0.01326203007518797,0.15154583757978798,0.23
0.23230557777777777,0,-0.032418295739348374,0.07187876715454135,0.23
0.23230557777777777,0,-0.032418295739348374,0.07554361674317607,0.23
0.12882637777777778,0,-0.06778370927318295,0.044995577947238144,0.23
0.12882637777777778,0,-0.06778370927318295,0.05450932255590492,0.23
0.09093626666666667,0,-0.12377894736842106,0.056686836949118836,0.23
0.09093626666666667,0,-0.12377894736842106,0.06315313261752466,0.23
0.05957893333333333,0,-0.23085756056808687,0.05436150032509991,0.23
0.05957893333333333,0,-0.23085756056808687,0.05409619631055397,0.23
0.06480515555555556,0,-0.21121010860484546,0.048468049182284645,0.23
0.05317681111111111,0,-0.16749452798663325,0.044765051952025764,0.23
0.059448277777777774,0,-0.137040977443609,0.040330602019919365,0.23
0.059448277777777774,0,-0.137040977443609,0.044792488818177864,0.23
0.059448277777777774,0,-0.137040977443609,0.03714686307700436,0.23
0.0611468,0,-0.09921963241436925,0.02949167169950511,0.23
0.0611468,0,-0.09921963241436925,0.025579942833643045,0.23
0.04677468888888889,0,0.015717961570593148,0.020768035606410305,0.09
0.04677468888888889,0,0.015717961570593148,0.018758195231783407,0.09
0.05422205555555556,0,0.03487422723475355,0.022120516531929504,0.09
0.05422205555555556,0,0.03487422723475355,0.021814826652498273,0.09
0.050694355555555556,0,0.06090710108604846,0.021247263399063014,0.09
0.050694355555555556,0,0.06090710108604846,0.02451674921614415,0.09
0.05356877777777778,0,0.06680133667502088,0.023049661936742964,0.09
0.05356877777777778,0,0.06680133667502088,0.026138459585860203,0.09
0.05160894444444444,0,0.04568032581453634,0.025886048610807885,0.09
0.05160894444444444,0,0.04568032581453634,0.024143414074401216,0.09
0.05160894444444444,0,0.04568032581453634,0.02533421732227927,0.09
0.042855022222222226,0,-0.018665079365079364,0.027806389313271652,0.23
0.042855022222222226,0,-0.018665079365079364,0.034589044253091214,0.23
0.035407655555555556,0,-0.07023964076858813,0.03265587438529611,0.23
0.035407655555555556,0,-0.07023964076858813,0.03517631396047481,0.23
0.029005533333333333,0,-0.11297284878863827,0.04039092361955261,0.23
0.029005533333333333,0,-0.11297284878863827,0.04177042904061301,0.23
0.03331716666666667,0,-0.12918199665831245,0.03871401141981336,0.23
0.03331716666666667,0,-0.12918199665831245,0.03439117649947768,0.23
0.03566896666666667,0,-0.1301643692564745,0.03611336955165198,0.23
0.03566896666666667,0,-0.1301643692564745,0.02980132612556177,0.23
0.03240257777777778,0,-0.10216675020885548,0.025597269514360126,0.23
0.03240257777777778,0,-0.10216675020885548,0.018567074066220397,0.23
0.03240257777777778,0,-0.10216675020885548,0.017690798638601964,0.23
0.018422433333333335,0,-0.010314912280701753,0.017154945896694872,0.23
0.018422433333333335,0,-0.010314912280701753,0.019307590541736742,0.23
0.016331944444444444,0,0.0672925229741019,0.02447148476839548,0.09
0.016331944444444444,0,0.0672925229741019,0.02854271850866399,0.09
0.021558166666666666,0,0.14686470342522975,0.030550395664329974,0.09
0.021558166666666666,0,0.14686470342522975,0.03349732455476139,0.09
0.024955211111111108,0,0.18026537176274016,0.03375477453348266,0.09
0.024955211111111108,0,0.18026537176274016,0.027952518541780644,0.09
0.03109602222222222,0,0.15521487050960733,0.025156778671804065,0.09
0.03109602222222222,0,0.15521487050960733,0.02598510012157115,0.09
0.03109602222222222,0,0.15521487050960733,0.028222885637648625,0.09
0.009276544444444444,0,-0.023085756056808685,0.027505946533770684,0.05
0.01972898888888889,0,-0.08693997493734336,0.030750103348227743,0.23
0.0011759000000000001,0,-0.017191520467836258,0.017172379058384642,0.05
0.0023518000000000002,0,-0.012770843776106934,0.008891530458126067,0.05
-0.001437211111111111,0,0.005403049289891395,0.015448136233142423,0.05
0.0,0,-0.0019647451963241435,0.010688183354787049,0.05
0.0,0,-0.0019647451963241435,0.016750757601117775,0.05
-0.0003919666666666667,0,0.0004911862990810359,0.014191675568539367,0.05
0.0,0,0.0009823725981620718,0.01625796822549618,0.05
0.0,0,0.0009823725981620718,0.0170083021665088,0.05
0.0,0,0.0009823725981620718,0.017483617816556038,0.05
0.0,0,-0.003929490392648287,0.019823546619310673,0.05
0.0,0,-0.003929490392648287,0.02656371523260954,0.05
0.0,0,-0.06188947368421053,0.028145255343541117,0.05
0.0,0,-0.06188947368421053,0.030636568778669354,0.05
0.0,0,-0.12377894736842106,0.03936190391690577,0.05
0.0,0,-0.12377894736842106,0.04045202307287181,0.05
0.007708677777777777,0,-0.15275893901420218,0.045238258142460484,0.05
0.0,0,-0.1817389306599833,0.046717546155554,0.05
0.0011759000000000001,0,-0.23724298245614037,0.05679647725456023,0.05
0.0011759000000000001,0,-0.23724298245614037,0.06034335744091969,0.05
-0.0010452444444444444,0,-0.301588387635756,0.058591128775792874,0.05
0.0,0,-0.29962364243943185,0.059771097804490525,0.05
-0.0002613111111111111,0,-0.2966765246449457,0.058860273189196684,0.05
-0.0002613111111111111,0,-0.30060601503759393,0.0663186499931663,0.05
0.0015678666666666668,0,-0.01080609857978279,0.013316245135601694,0.05
0.0015678666666666668,0,-0.01080609857978279,0.013184088714627586,0.05
0.0006532777777777777,0,0.0024559314954051793,0.021116879202353292,0.05
0.0006532777777777777,0,0.0024559314954051793,0.014997306256435158,0.05
-0.00013065555555555555,0,-0.015226775271512115,0.01818904487006646,0.05
-0.00013065555555555555,0,-0.015226775271512115,0.017281615753870553,0.05
-0.0003919666666666667,0,-0.0034383040935672513,0.015374198188990055,0.05
-0.0003919666666666667,0,-0.0034383040935672513,0.013492198309280877,0.05
-0.0002613111111111111,0,0.0009823725981620718,0.009053794654705061,0.05
-0.0002613111111111111,0,0.0009823725981620718,0.01608646914902871,0.05
0.00013065555555555555,0,-0.004420676691729323,0.016681006337645132,0.05
0.00013065555555555555,0,-0.004420676691729323,0.02032556642280665,0.05
0.0002613111111111111,0,-0.06483659147869675,0.02450384203339927,0.05
0.0002613111111111111,0,-0.06483659147869675,0.026048978059589296,0.05
0.0005226222222222222,0,-0.12181420217209692,0.02675640856500797,0.05
0.0005226222222222222,0,-0.12181420217209692,0.029087907724862146,0.05
0.0005226222222222222,0,-0.12181420217209692,0.032186159498353406,0.05
0.0007839333333333334,0,-0.17879181286549706,0.034036284250239614,0.05
0.00013065555555555555,0,-0.23822535505430242,0.04358738253647251,0.05
0.00013065555555555555,0,-0.23822535505430242,0.04217111268407555,0.05
0.00013065555555555555,0,-0.23822535505430242,0.04649910808274185,0.05
0.0006532777777777777,0,-0.2952029657477026,0.04629328308924347,0.05
0.0006532777777777777,0,-0.2952029657477026,0.044838008408684425,0.05
-0.0005226222222222222,0,-0.29765889724310773,0.04539667510020594,0.05
-0.0005226222222222222,0,-0.29765889724310773,0.04539667510020594,0.05
0.0002613111111111111,0,-0.30257076023391816,0.045914929846377,0.05
0.0002613111111111111,0,-0.30257076023391816,0.04914575764704494,0.05
0.0003919666666666667,0,-0.2981500835421888,0.04264237362075547,0.05
0.0003919666666666667,0,-0.2981500835421888,0.04533143035406645,0.05
0.0006532777777777777,0,-0.2952029657477026,0.042686207532248194,0.05
0.0006532777777777777,0,-0.2952029657477026,0.04325070695321471,0.05
0.0006532777777777777,0,-0.2952029657477026,0.044200494751718215,0.05
-0.0005226222222222222,0,-0.30257076023391816,0.045163279809752724,0.05
-0.0005226222222222222,0,-0.30257076023391816,0.044975304056680585,0.05
0.0005226222222222222,0,-0.2986412698412698,0.04290680755469759,0.05
0.0005226222222222222,0,-0.2986412698412698,0.0455383042674981,0.05
0.00013065555555555555,0,-0.29225584795321635,0.04546018864198531,0.05
0.00013065555555555555,0,-0.29225584795321635,0.04383827774613695,0.05
-0.0003919666666666667,0,-0.301097201336675,0.04336560588300987,0.05
-0.0003919666666666667,0,-0.301097201336675,0.046322397004601036,0.05
0.0002613111111111111,0,-0.301588387635756,0.04682036542551873,0.05
0.0002613111111111111,0,-0.301588387635756,0.04482780179935166,0.05
0.00013065555555555555,0,-0.2952029657477026,0.04952966420837588,0.05
0.00013065555555555555,0,-0.2952029657477026,0.0466248983117207,0.05
-0.0005226222222222222,0,-0.30257076023391816,0.04091238719793573,0.05
-0.0005226222222222222,0,-0.30257076023391816,0.0409535827436099,0.05
-0.0007839333333333334,0,-0.2986412698412698,0.04388200557285683,0.05
-0.0007839333333333334,0,-0.2986412698412698,0.04119301965570397,0.05
-0.0007839333333333334,0,-0.2986412698412698,0.04363984628354293,0.05
0.00013065555555555555,0,-0.2981500835421888,0.042928161225768265,0.05
0.00013065555555555555,0,-0.2981500835421888,0.04062532481314772,0.05
0.0003919666666666667,0,-0.3020795739348371,0.04516547692036884,0.05
0.0003919666666666667,0,-0.3020795739348371,0.046173053295570005,0.05
-0.0003919666666666667,0,-0.3020795739348371,0.04320221305198872,0.05
-0.0003919666666666667,0,-0.3020795739348371,0.04526177661066306,0.05
-0.0010452444444444444,0,-0.29471177944862154,0.04376384918681669,0.05
-0.0010452444444444444,0,-0.29471177944862154,0.04358148858491603,0.05
0.0003919666666666667,0,-0.2971677109440268,0.043578916296214625,0.05
0.0003919666666666667,0,-0.2971677109440268,0.04233127322398992,0.05
0.0003919666666666667,0,-0.2971677109440268,0.041263059239367156,0.05
0.0003919666666666667,0,-0.2991324561403509,0.042347937402451664,0.05
0.0003919666666666667,0,-0.2991324561403509,0.04369548853775697,0.05
0.00013065555555555555,0,-0.29422059314954047,0.042532013287332165,0.05
0.00013065555555555555,0,-0.29422059314954047,0.042031513543840035,0.05
0.0007839333333333334,0,-0.29962364243943185,0.04157041345207682,0.05
0.0007839333333333334,0,-0.29962364243943185,0.042927860690232814,0.05
0.0,0,-0.30257076023391816,0.037103991770060234,0.05
0.0,0,-0.30257076023391816,0.04200781134892634,0.05
0.0,0,-0.29471177944862154,0.03971090207827775,0.05
0.0,0,-0.29471177944862154,0.041427385303159966,0.05
0.0,0,-0.29471177944862154,0.041066053441484576,0.05
0.0,0,-0.29765889724310773,0.040214174966646705,0.05
0.0005226222222222222,0,-0.30257076023391816,0.04354765168948614,0.05
0.0005226222222222222,0,-0.30257076023391816,0.0410445654572943,0.05
0.0005226222222222222,0,-0.30257076023391816,0.04284885219259458,0.05
0.0005226222222222222,0,-0.29569415204678356,0.0438065244704775,0.05
0.0005226222222222222,0,-0.29569415204678356,0.04028338628095013,0.05
0.0007839333333333334,0,-0.2966765246449457,0.041406477340273626,0.05
0.0002613111111111111,0,-0.2986412698412698,0.04230067488788528,0.05
0.0015678666666666668,0,-0.2927470342522974,0.04202826359013873,0.05
0.0015678666666666668,0,-0.2927470342522974,0.057791537340088885,0.05
0.0018291777777777777,0,-0.25345213032581454,0.058618210646976206,0.05
-0.0016985222222222224,0,-0.22938400167084375,0.04525817144975209,0.05
0.0002613111111111111,0,-0.19549214703425227,0.04393814282334735,0.05
0.0002613111111111111,0,-0.19549214703425227,0.04460458655453221,0.05
-0.0007839333333333334,0,-0.19745689223057641,0.04211910637912664,0.05
-0.0007839333333333334,0,-0.19745689223057641,0.041013804474155854,0.05
-0.0006532777777777777,0,-0.18910672514619883,0.03717910549122398,0.05
-0.0006532777777777777,0,-0.18910672514619883,0.03717910549122398,0.05
-0.0006532777777777777,0,-0.18910672514619883,0.03966943276879872,0.05
0.0002613111111111111,0,-0.1709328320802005,0.03514688433531055,0.05
0.0002613111111111111,0,-0.1709328320802005,0.03440966520359864,0.05
0.0002613111111111111,0,-0.1709328320802005,0.0315278012522921,0.05
0.0003919666666666667,0,-0.14784707602339178,0.0315473130277431,0.05
0.0003919666666666667,0,-0.12623487886382623,0.024405185527000266,0.05
0.0003919666666666667,0,-0.12623487886382623,0.01456297011536302,0.05
0.0003919666666666667,0,-0.12623487886382623,0.03297761480163331,0.05
0.0010452444444444444,0,-0.10609624060150376,0.029631482653602274,0.05
0.0010452444444444444,0,-0.10609624060150376,0.02550431699622704,0.05
0.0,0,-0.10020200501253132,0.031802184499739296,0.05
0.0,0,-0.10020200501253132,0.028300613489077874,0.05
0.0002613111111111111,0,-0.09921963241436925,0.027457741058345947,0.05
0.0002613111111111111,0,-0.09921963241436925,0.02622035357498903,0.05
-0.00013065555555555555,0,-0.09774607351712614,0.031520386336722286,0.05
-0.00013065555555555555,0,-0.09774607351712614,0.03028984594221204,0.05
-0.00013065555555555555,0,-0.09872844611528821,0.026839597203285295,0.05
-0.00013065555555555555,0,-0.09872844611528821,0.027555357365497614,0.05
0.0002613111111111111,0,-0.09921963241436925,0.03510771641571012,0.05
0.0002613111111111111,0,-0.09921963241436925,0.02615194119393552,0.05
0.00013065555555555555,0,-0.09971081871345029,0.029274091879861384,0.05
0.00013065555555555555,0,-0.09971081871345029,0.03099251912360945,0.05
0.00013065555555555555,0,-0.09971081871345029,0.028515427291374875,0.05
-0.0003919666666666667,0,-0.09971081871345029,0.028287002899086377,0.05
0.0003919666666666667,0,-0.09872844611528821,0.028567159468431615,0.05
0.0003919666666666667,0,-0.09872844611528821,0.02960759158986031,0.05
0.0003919666666666667,0,-0.09872844611528821,0.027446137502146906,0.05
-0.00013065555555555555,0,-0.09872844611528821,0.028251724696575276,0.05
-0.00013065555555555555,0,-0.09872844611528821,0.03197830396447724,0.05
-0.0002613111111111111,0,-0.09921963241436925,0.030588014535131245,0.05
-0.0002613111111111111,0,-0.09921963241436925,0.027406157560281644,0.05
0.0,0,-0.09921963241436925,0.020563946844536034,0.05
0.0003919666666666667,0,-0.06336303258145363,0.010992141889021473,0.05
0.0,0,-0.0009823725981620718,0.008863527005567706,0.05
0.0,0,-0.0009823725981620718,0.006577896449125728,0.05
0.0002613111111111111,0,0.0019647451963241435,0.007052470002153275,0.05
0.0,0,0.0,0.00610502478695803,0.05
0.0,0,0.0,0.005247334495091194,0.05
0.0,0,0.0,0.005161362668862875,0.05
0.0,0,0.0,0.007740592620147025,0.05
0.0,0,0.0,0.00492227791080358,0.05
0.0,0,0.0,0.006469903902532143,0.05
0.0,0,0.0,0.007465030129283616,0.05
0.0,0,0.0,0.005181771718225906,0.05
0.0,0,0.0,0.006646941776026684,0.05
-0.0026131111111111108,0,0.0,0.004903699854530234,0.05
-0.0026131111111111108,0,0.0,0.005969417459319617,0.05
-0.031749299999999994,0,-0.0014735588972431077,0.009013239738904782,0.05
-0.031749299999999994,0,-0.0014735588972431077,0.008647067488531715,0.05
-0.05748844444444444,0,-0.005894235588972431,0.0189988797646057,0.05
-0.05748844444444444,0,-0.005894235588972431,0.018852183901605042,0.05
-0.07930792222222223,0,-0.0034383040935672513,0.021707428149226233,0.05
-0.07930792222222223,0,-0.0034383040935672513,0.021856182411925214,0.05
-0.07930792222222223,0,-0.0034383040935672513,0.02525449939297094,0.05
-0.09524790000000001,0,-0.0034383040935672513,0.02833099517415079,0.05
-0.09524790000000001,0,-0.0034383040935672513,0.027942620851083576,0.05
-0.10648427777777777,0,-0.0004911862990810359,0.024938455808327112,0.05
-0.11798196666666667,0,-0.016209147869674187,0.03515483403155686,0.05
-0.11798196666666667,0,-0.016209147869674187,0.03436695161608616,0.05
-0.11798196666666667,0,-0.016209147869674187,0.03672759970722367,0.05
-0.12830375555555557,0,-0.0068766081871345025,0.034977080848385626,0.05
-0.12830375555555557,0,-0.0068766081871345025,0.03310596908391381,0.05
-0.13823357777777776,0,-0.01080609857978279,0.03858288771844689,0.05
-0.13823357777777776,0,-0.01080609857978279,0.03766931378150289,0.05
-0.14241455555555557,0,-0.01080609857978279,0.041430883893099145,0.05
-0.14241455555555557,0,-0.01080609857978279,0.03706733258476689,0.05
-0.14986192222222222,0,-0.0004911862990810359,0.03837868131389821,0.05
-0.14986192222222222,0,-0.0004911862990810359,0.04332272801456809,0.05
-0.14777143333333334,0,0.010314912280701753,0.0381368858273491,0.09
-0.14777143333333334,0,0.010314912280701753,0.042978159982201045,0.09
-0.15064585555555554,0,0.0191562656641604,0.04281961414970397,0.09
-0.15064585555555554,0,0.0191562656641604,0.03830874682013314,0.09
-0.15038454444444446,0,0.021121010860484544,0.04342588830536351,0.09
-0.15038454444444446,0,0.021121010860484544,0.04269869582528329,0.09
-0.15038454444444446,0,0.021121010860484544,0.04062544933644173,0.09
-0.14946995555555556,0,0.023576942355889724,0.04082868126637603,0.09
-0.14946995555555556,0,0.023576942355889724,0.03805418290979394,0.09
-0.15077651111111112,0,0.02652406015037594,0.0404023750824257,0.09
-0.15077651111111112,0,0.02652406015037594,0.04248517358470849,0.09
-0.1502538888888889,0,0.023576942355889724,0.04175623301100589,0.09
-0.1502538888888889,0,0.023576942355889724,0.04039492592114958,0.09
-0.14960061111111111,0,0.021121010860484544,0.04329557712808576,0.09
-0.14960061111111111,0,0.021121010860484544,0.04569787850749173,0.09
-0.1484247111111111,0,0.02652406015037594,0.03826458641905129,0.09
-0.1484247111111111,0,0.02652406015037594,0.0448204923208641,0.09
-0.1484247111111111,0,0.02652406015037594,0.0366069635794786,0.09
-0.1484247111111111,0,0.02161219715956558,0.043644655631487034,0.09
-0.14751012222222223,0,0.0191562656641604,0.04540454174098677,0.09
-0.14751012222222223,0,0.0191562656641604,0.05019385434017579,0.09
-0.14960061111111111,0,0.01817389306599833,0.04882832562488298,0.09
-0.14960061111111111,0,0.01817389306599833,0.04482306015746576,0.09
-0.14960061111111111,0,0.01817389306599833,0.05064720206407822,0.09
-0.15077651111111112,0,0.009823725981620717,0.04433993602197854,0.05
-0.15077651111111112,0,0.009823725981620717,0.04933433048112885,0.05
-0.14881667777777777,0,0.009332539682539682,0.04971357314080608,0.05
-0.14881667777777777,0,0.009332539682539682,0.04476219124297672,0.05
-0.1486860222222222,0,0.008841353383458646,0.050221601668626624,0.05
-0.14999257777777777,0,0.004911862990810359,0.04531207040043029,0.05
-0.14999257777777777,0,0.004911862990810359,0.04896005435685353,0.05
-0.14999257777777777,0,0.004911862990810359,0.05085610322957595,0.05
-0.14907798888888887,0,0.0014735588972431077,0.04681942445006828,0.05
-0.14907798888888887,0,0.0014735588972431077,0.04831291824827186,0.05
-0.14907798888888887,0,0.0014735588972431077,0.0472206755613329,0.05
-0.14973126666666667,0,0.004911862990810359,0.05294949357746962,0.05
-0.14920864444444445,0,0.007858980785296574,0.050216142669885784,0.05
-0.14907798888888887,0,-0.0024559314954051793,0.04594566477852517,0.05
-0.14907798888888887,0,-0.0024559314954051793,0.04791717170974746,0.05
-0.14986192222222222,0,-0.0014735588972431077,0.04282258024506467,0.05
-0.14986192222222222,0,-0.0014735588972431077,0.04866769623269756,0.05
-0.14999257777777777,0,0.004911862990810359,0.04744670851211797,0.05
-0.14999257777777777,0,0.004911862990810359,0.04075514185415492,0.05
-0.1510378222222222,0,-0.004911862990810359,0.04320453995259818,0.05
-0.1510378222222222,0,-0.004911862990810359,0.04135880794562668,0.05
-0.14777143333333334,0,0.0024559314954051793,0.049549147655803684,0.05
-0.14777143333333334,0,0.0024559314954051793,0.04579433654682631,0.05
-0.13157014444444445,0,-0.011297284878863827,0.03669776820542185,0.05
-0.13157014444444445,0,-0.011297284878863827,0.03780953016187515,0.05
-0.13157014444444445,0,-0.011297284878863827,0.046493699584145086,0.05
-0.11654475555555556,0,-0.014735588972431077,0.032995756304777996,0.05
-0.11654475555555556,0,-0.014735588972431077,0.03406489900044692,0.05
-0.10766017777777777,0,0.008841353383458646,0.03877745385271836,0.05
-0.10766017777777777,0,0.008841353383458646,0.028171169663490092,0.05
-0.10060477777777778,0,-0.0068766081871345025,0.02599744584469999,0.05
-0.10060477777777778,0,-0.0068766081871345025,0.03385917207290352,0.05
-0.09067495555555555,0,0.018665079365079364,0.02312945460689885,0.09
-0.09067495555555555,0,0.018665079365079364,0.028438822204687252,0.09
-0.08636332222222222,0,0.007367794486215539,0.034406661155541446,0.05
-0.08636332222222222,0,0.007367794486215539,0.030705665228289488,0.05
-0.08152906666666666,0,0.008841353383458646,0.029796575043872005,0.05
-0.08152906666666666,0,0.008841353383458646,0.031137191744911363,0.05
-0.08152906666666666,0,0.008841353383458646,0.02690370916455611,0.05
-0.07159924444444443,0,0.007858980785296574,0.021979727207624863,0.05
-0.07016203333333332,0,-0.0004911862990810359,0.026707358034794775,0.05
-0.07016203333333332,0,-0.0004911862990810359,0.028041727485502058,0.05
-0.07016203333333332,0,-0.0004911862990810359,0.028241204759640492,0.05
-0.061669422222222214,0,-0.0068766081871345025,0.02674283132221287,0.05
-0.061669422222222214,0,-0.0068766081871345025,0.02490029470784935,0.05
-0.059056311111111114,0,0.0,0.023956446511706055,0.05
-0.059056311111111114,0,0.0,0.022438904780278972,0.05
-0.052392877777777784,0,-0.0024559314954051793,0.021784573553978257,0.05
-0.052392877777777784,0,-0.0024559314954051793,0.02301679139340264,0.05
-0.05265418888888889,0,-0.0014735588972431077,0.020910503333384765,0.05
-0.05265418888888889,0,-0.0014735588972431077,0.02124382445703815,0.05
-0.04559878888888889,0,0.005403049289891395,0.01628778572915692,0.05
-0.04559878888888889,0,0.005403049289891395,0.020217182900976315,0.05
-0.04559878888888889,0,0.005403049289891395,0.02210349696772888,0.05
-0.04429223333333334,0,0.005403049289891395,0.019016003478235483,0.05
-0.04429223333333334,0,0.005403049289891395,0.019881108587751134,0.05
-0.03945797777777778,0,-0.003929490392648287,0.021109649435375116,0.05
-0.03945797777777778,0,-0.003929490392648287,0.0219938237924566,0.05
-0.03815142222222222,0,0.0,0.018610178409901413,0.05
-0.03815142222222222,0,0.0,0.02175495545185737,0.05
-0.03514634444444444,0,-0.0034383040935672513,0.022584379768174213,0.05
-0.03514634444444444,0,-0.0034383040935672513,0.02056692956453289,0.05
-0.033578477777777775,0,0.0014735588972431077,0.01669455229757683,0.05
-0.033578477777777775,0,0.0014735588972431077,0.01892689821950786,0.05
-0.03201061111111111,0,-0.0004911862990810359,0.01847947779235778,0.05
-0.03201061111111111,0,-0.0004911862990810359,0.01852406816853474,0.05
-0.028613566666666666,0,-0.0014735588972431077,0.014638608731217124,0.05
-0.028613566666666666,0,-0.0014735588972431077,0.01593721348284752,0.05
-0.028613566666666666,0,-0.0014735588972431077,0.016188216095384393,0.05
-0.02874422222222222,0,0.0019647451963241435,0.02122791777762329,0.05
-0.02874422222222222,0,0.0019647451963241435,0.017653162504666715,0.05
-0.025216522222222225,0,-0.0014735588972431077,0.018126671272806375,0.05
-0.025216522222222225,0,-0.0014735588972431077,0.014575755694768133,0.05
-0.023387344444444444,0,-0.0014735588972431077,0.01835397711902551,0.05
-0.023387344444444444,0,-0.0014735588972431077,0.011571349414255066,0.05
-0.021688822222222223,0,0.0019647451963241435,0.02093344371373406,0.05
-0.021688822222222223,0,0.0019647451963241435,0.015692747607004027,0.05
-0.021688822222222223,0,0.0,0.016069915725988416,0.05
-0.021688822222222223,0,0.0,0.015624789676801313,0.05
-0.021688822222222223,0,0.0,0.01695058154744357,0.05
-0.020251611111111113,0,-0.0004911862990810359,0.010275307847669383,0.05
-0.020251611111111113,0,-0.0004911862990810359,0.009537060637335988,0.05
-0.0199903,0,0.0014735588972431077,0.006671431663267297,0.05
-0.0199903,0,0.0014735588972431077,0.008109525108309505,0.05
-0.02012095555555556,0,0.0,0.004199409842181562,0.05
-0.02012095555555556,0,0.0,0.016540088880312137,0.05
-0.0199903,0,-0.0004911862990810359,0.018057820879158797,0.05
-0.0199903,0,-0.0004911862990810359,0.01630022152945923,0.05
-0.01972898888888889,0,0.0014735588972431077,0.018583584426691363,0.05
-0.01972898888888889,0,0.0014735588972431077,0.018187673809277567,0.05
-0.020904888888888886,0,0.0019647451963241435,0.01688774873589357,0.05
-0.020904888888888886,0,0.0019647451963241435,0.016389126384250687,0.05
-0.020251611111111113,0,0.0014735588972431077,0.014789803712288413,0.05
-0.020251611111111113,0,0.0014735588972431077,0.015922252762414657,0.05
-0.020251611111111113,0,0.0004911862990810359,0.01586338823645314,0.05
-0.020251611111111113,0,0.0004911862990810359,0.02412740830256144,0.05
-0.02012095555555556,0,0.0,0.021867567944262086,0.05
-0.02012095555555556,0,0.0,0.02622673194787264,0.05
-0.008623266666666667,0,-0.007858980785296574,0.014151070438901854,0.05
0.0,0,0.0,0.02140298095649606,0.05
-0.00013065555555555555,0,-0.0014735588972431077,0.013274286970986815,0.05
-0.00013065555555555555,0,-0.0014735588972431077,0.01858719632464255,0.05
0.00013065555555555555,0,-0.0004911862990810359,0.0072362418862194034,0.05
0.0,0,0.0,0.007148022727569258,0.05
0.0,0,0.0,0.017563717123976533,0.05
0.0,0,0.0,0.014130068008870351,0.05
0.0,0,0.0,0.018367171446835754,0.05
0.0,0,0.0,0.016586660436283047,0.05
0.0,0,0.0,0.01573386262197353,0.05
0.0,0,0.0,0.014062294456145185,0.05
0.0,0,0.0,0.01290998940490498,0.05
0.0,0,0.0,0.02206289156878057,0.05
0.0,0,0.0,0.014545329152674423,0.05
0.0,0,0.0,0.012376763163623579,0.05
0.0,0,0.0,0.016987728344858236,0.05
0.0,0,0.0,0.02190858244229621,0.05
0.0,0,0.0,0.015219772824370313,0.05
0.0,0,0.0,0.018259401933066816,0.05
0.0,0,0.0,0.01853468542781781,0.05
0.0,0,0.0,0.019551818342768652,0.05
0.0,0,0.0,0.019715392071113367,0.05
0.0,0,0.0,0.015679539916253007,0.05
0.0,0,0.0,0.020550143198410812,0.05
0.0,0,0.0,0.018563994987314952,0.05
0.0,0,0.0,0.014880631448378045,0.05
0.0,0,0.0,0.015483438698824336,0.05
0.0,0,0.0,0.01706211511543181,0.05
0.0,0,0.0,0.017564482330322092,0.05
0.0,0,0.0,0.01853683095660577,0.05
0.0,0,0.0,0.01968703042632487,0.05
0.0,0,0.0,0.016741423201335353,0.05
0.0,0,0.0,0.01818023033814972,0.05
0.0,0,0.0,0.018170505287447906,0.05
0.0,0,0.0,0.020753284108916147,0.05
0.0,0,0.0,0.016365160356618818,0.05
0.0,0,0.0,0.017336361041662435,0.05
0.0,0,0.0,0.01788307876801278,0.05
0.0,0,0.0,0.016099154775544168,0.05
0.0,0,0.0,0.011933366738056969,0.05
0.0,0,0.0,0.01500597866384856,0.05
0.0,0,0.0,0.016411553700155106,0.05
0.0,0,0.0,0.019901858872436975,0.05
0.0,0,0.0,0.01665404664644927,0.05
0.0,0,0.0,0.016841269368596666,0.05
0.0,0,0.0,0.016080722009757114,0.05
0.0,0,0.0,0.016023923322522594,0.05
0.0,0,0.0,0.013590450696179342,0.05
0.0,0,0.0,0.015859831476185672,0.05
0.0,0,0.0,0.014813777290857363,0.05
0.0,0,0.0,0.01564303444631147,0.05
0.0,0,0.0,0.013736579029143124,0.05
0.0,0,0.0,0.013988337381687237,0.05
0.0,0,0.0,0.019045159149189052,0.05
0.0,0,0.0,0.01644500449068865,0.05
0.0,0,0.0,0.019513405336568177,0.05
0.0,0,0.0,0.015767876662052274,0.05
0.0,0,0.0,0.01719482781150706,0.05
0.0,0,0.0,0.016188431580557442,0.05
0.0,0,0.0,0.018478580717183293,0.05
0.0,0,0.0,0.017051888720808418,0.05
0.0,0,0.0,0.017051888720808418,0.05
0.0,0,0.0,0.01616853841421801,0.05
0.0,0,0.0,0.019964242021046442,0.05
0.0,0,0.0,0.018105756446827395,0.05
0.0,0,0.0,0.020855516198456877,0.05
0.0,0,0.0,0.01379627587611547,0.05
0.0,0,0.0,0.016671099570948165,0.05
0.0,0,0.0,0.019858446883007794,0.05
0.0,0,0.0,0.01454177796906767,0.05
0.0,0,0.0,0.017561740654960266,0.05
0.0,0,0.0,0.013761882122936504,0.05
0.0,0,0.0,0.018176000365946875,0.05
0.0,0,0.0,0.01584282401444508,0.05
0.0,0,0.0,0.017349085100781536,0.05
0.0,0,0.0,0.020488772288709805,0.05
0.0,0,0.0,0.017379984533333413,0.05
0.0,0,0.0,0.013875548911295362,0.05
0.0,0,0.0,0.018788058582698542,0.05
0.0,0,0.0,0.01473849676564602,0.05
0.0024824555555555557,0,0.0004911862990810359,0.019729364920434447,0.05
0.0024824555555555557,0,0.0004911862990810359,0.01632832294635576,0.05
0.033709133333333335,0,-0.0068766081871345025,0.01652009583963214,0.23
0.033709133333333335,0,-0.0068766081871345025,0.019053730876642114,0.23
0.0655890888888889,0,-0.0009823725981620718,0.021793765322400405,0.23
0.0655890888888889,0,-0.0009823725981620718,0.02545409748518222,0.23
0.0655890888888889,0,-0.0009823725981620718,0.02667060356423941,0.23
0.09577052222222222,0,-0.0014735588972431077,0.03260912807162026,0.23
0.09577052222222222,0,-0.0014735588972431077,0.027145473148973885,0.23
0.12778113333333332,0,0.0068766081871345025,0.04355226138628109,0.23
0.12778113333333332,0,0.0068766081871345025,0.03925125767823834,0.23
0.16122895555555555,0,0.004911862990810359,0.04368081879041583,0.23
0.16122895555555555,0,0.004911862990810359,0.04443161221806437,0.23
0.16175157777777777,0,0.0009823725981620718,0.04725430548649585,0.23
0.16175157777777777,0,0.0009823725981620718,0.04775487921526421,0.23
0.1592691222222222,0,-0.0014735588972431077,0.04760596342103413,0.23
0.1592691222222222,0,-0.0014735588972431077,0.0460427965121088,0.23
0.1592691222222222,0,-0.0014735588972431077,0.045381265266804686,0.23
0.1605756777777778,0,0.0004911862990810359,0.04947197735621764,0.23
0.1605756777777778,0,0.0004911862990810359,0.04475509563307528,0.23
0.16031436666666665,0,-0.004420676691729323,0.04537926357077911,0.23
0.15953043333333333,0,0.004420676691729323,0.04533567506741141,0.23
0.15953043333333333,0,0.004420676691729323,0.04852008561739035,0.23
0.15953043333333333,0,0.004420676691729323,0.045702127003307,0.23
0.16227419999999998,0,0.0009823725981620718,0.045910854755976886,0.23
0.16227419999999998,0,0.0009823725981620718,0.04470336158612355,0.23
0.16070633333333334,0,0.0019647451963241435,0.04972547291864243,0.23
0.16070633333333334,0,0.0019647451963241435,0.04958755049567625,0.23
0.16096764444444447,0,0.0009823725981620718,0.04697624391161938,0.23
0.1605756777777778,0,-0.0004911862990810359,0.04970985004962033,0.23
0.15966108888888889,0,0.0009823725981620718,0.04907735784137563,0.23
0.15966108888888889,0,0.0009823725981620718,0.04545401159127053,0.23
0.1599224,0,0.0029471177944862155,0.04592930493615928,0.23
0.1599224,0,0.0029471177944862155,0.0493785072737488,0.23
0.1610983,0,0.0014735588972431077,0.046857268642188865,0.23
0.1610983,0,0.0014735588972431077,0.04568256769326145,0.23
0.1610983,0,0.0014735588972431077,0.0470731268220519,0.23
0.15770125555555556,0,-0.0004911862990810359,0.042062449046080634,0.23
0.15770125555555556,0,-0.0004911862990810359,0.04900060693209686,0.23
0.1599224,0,-0.005894235588972431,0.04624640471072041,0.23
0.1599224,0,-0.005894235588972431,0.04401590843672681,0.23
0.15953043333333333,0,-0.0034383040935672513,0.04421982083094965,0.23
0.15953043333333333,0,-0.0034383040935672513,0.046497547848594764,0.23
0.16031436666666665,0,0.0004911862990810359,0.046139143551466345,0.23
0.16031436666666665,0,0.0004911862990810359,0.04481748838393385,0.23
0.15953043333333333,0,-0.0014735588972431077,0.042066057725352955,0.23
0.15953043333333333,0,-0.0014735588972431077,0.041101504522200266,0.23
0.1604450222222222,0,0.0,0.04697366885508883,0.23
0.1604450222222222,0,0.0,0.04915863320714067,0.23
0.1604450222222222,0,0.0,0.045836016825606236,0.23
0.1604450222222222,0,0.0009823725981620718,0.047775106515703915,0.23
0.1599224,0,0.0029471177944862155,0.046201398428035,0.23
0.15913846666666667,0,0.0,0.04557801774734799,0.23
0.15913846666666667,0,0.0,0.04435328687696704,0.23
0.1613596111111111,0,-0.0024559314954051793,0.04654916450834862,0.23
0.1613596111111111,0,-0.0024559314954051793,0.044758394210658116,0.23
0.15835453333333332,0,-0.0009823725981620718,0.04783284703454381,0.23
0.15835453333333332,0,-0.0009823725981620718,0.04581197842149373,0.23
0.15835453333333332,0,-0.0009823725981620718,0.04662504909189319,0.23
0.1592691222222222,0,-0.0014735588972431077,0.041584858401012434,0.23
0.1605756777777778,0,0.0014735588972431077,0.04633932122851834,0.23
0.1605756777777778,0,0.0014735588972431077,0.04940788176501265,0.23
0.15979174444444444,0,0.0034383040935672513,0.05165674808878113,0.23
0.15979174444444444,0,0.0034383040935672513,0.04939054563979771,0.23
0.15979174444444444,0,0.0034383040935672513,0.04951029330942006,0.23
0.15900781111111115,0,-0.0014735588972431077,0.047116460516391644,0.23
0.15900781111111115,0,-0.0014735588972431077,0.04785576418908893,0.23
0.16096764444444447,0,0.0009823725981620718,0.04641082814632972,0.23
0.16096764444444447,0,0.0009823725981620718,0.04838483711820176,0.23
0.1570479777777778,0,-0.0019647451963241435,0.05312407476586683,0.23
0.1570479777777778,0,-0.0019647451963241435,0.045426606670278515,0.23
0.15678666666666666,0,0.0009823725981620718,0.053666761800515654,0.23
0.15678666666666666,0,0.0009823725981620718,0.04415833630668622,0.23
0.12908768888888889,0,-0.012770843776106934,0.04194752270059195,0.23
0.12908768888888889,0,-0.012770843776106934,0.041527181865193094,0.23
0.11288640000000001,0,-0.01080609857978279,0.037300233677437074,0.23
0.11288640000000001,0,-0.01080609857978279,0.040808747524400786,0.23
0.11288640000000001,0,-0.01080609857978279,0.03508278978172239,0.23
0.10191133333333334,0,-0.003929490392648287,0.035197275124415915,0.23
0.1002128111111111,0,0.0024559314954051793,0.033473685710300266,0.23
0.09969018888888888,0,0.0004911862990810359,0.03359695155675796,0.23
0.09969018888888888,0,0.0004911862990810359,0.031217744796135403,0.23
0.09916756666666668,0,0.0004911862990810359,0.0323342607180508,0.23
0.09916756666666668,0,0.0004911862990810359,0.03383017394736688,0.23
0.09929822222222222,0,-0.0009823725981620718,0.028845226229960042,0.23
0.09929822222222222,0,-0.0009823725981620718,0.031075973238676582,0.23
0.09877559999999999,0,-0.0019647451963241435,0.03328802717896609,0.23
0.09877559999999999,0,-0.0019647451963241435,0.03057090192224223,0.23
0.09812232222222224,0,0.0004911862990810359,0.029250510249025686,0.23
0.09773035555555556,0,-0.0009823725981620718,0.026397518196933843,0.23
0.09773035555555556,0,-0.0009823725981620718,0.0335006460162364,0.23
0.10060477777777778,0,0.0,0.03207156833796256,0.23
0.10060477777777778,0,0.0,0.03056946138516114,0.23
0.10165002222222222,0,0.0019647451963241435,0.030316806396502298,0.23
0.10165002222222222,0,0.0019647451963241435,0.03189835862683454,0.23
0.09955953333333332,0,0.0009823725981620718,0.03083814480878338,0.23
0.09890625555555556,0,-0.0004911862990810359,0.03363202702318762,0.23
0.09890625555555556,0,-0.0004911862990810359,0.033005658823348855,0.23
0.06689564444444444,0,0.012770843776106934,0.027240757294562077,0.09
-0.001437211111111111,0,0.012279657477025897,0.007797658042078615,0.09
-0.001437211111111111,0,0.012279657477025897,0.004943772536058689,0.09
0.0009145888888888889,0,-0.004420676691729323,0.006428130535970962,0.05
0.0009145888888888889,0,-0.004420676691729323,0.010972456084028926,0.05
0.0010452444444444444,0,0.005894235588972431,0.00679637978121522,0.05
0.0010452444444444444,0,0.005894235588972431,0.010977537638394761,0.05
0.0016985222222222224,0,0.027997619047619042,0.016131162410080703,0.09
0.0016985222222222224,0,0.027997619047619042,0.01543263174779774,0.09
0.0016985222222222224,0,0.027997619047619042,0.021205799449649673,0.09
0.0009145888888888889,0,0.048627443609022554,0.02175472342547455,0.09
0.001437211111111111,0,0.07023964076858813,0.02565992943585329,0.09
0.001437211111111111,0,0.07023964076858813,0.018412257881437938,0.09
0.006532777777777778,0,0.03634778613199666,0.009737441329632841,0.09
0.0,0,0.0,0.005072673331732527,0.05
0.0,0,0.0,0.007899380544467436,0.05
0.0003919666666666667,0,0.0024559314954051793,0.005917525137179986,0.05
0.0003919666666666667,0,0.0024559314954051793,0.007979937007063046,0.05
0.01554801111111111,0,-0.004420676691729323,0.012761875196062991,0.23
0.01554801111111111,0,-0.004420676691729323,0.018285702906046725,0.23
0.01554801111111111,0,-0.004420676691729323,0.016705147836804126,0.23
0.15469617777777778,0,-0.0068766081871345025,0.04665542230190064,0.23
0.15469617777777778,0,-0.0068766081871345025,0.04695814256759785,0.23
0.26039652222222226,0,0.005403049289891395,0.07360918883953377,0.23
0.26039652222222226,0,0.005403049289891395,0.07653793593422621,0.23
0.3478050888888889,0,-0.0009823725981620718,0.10421059416693951,0.23
0.3478050888888889,0,-0.0009823725981620718,0.10281841476007257,0.23
0.42058023333333333,0,-0.0014735588972431077,0.12088017331316124,0.23
0.42058023333333333,0,-0.0014735588972431077,0.11818413684894295,0.23
0.4819883444444445,0,0.02406812865497076,0.13591791619428195,0.09
0.5137376444444445,0,0.03340066833751044,0.1321268367045906,0.09
0.5018479888888889,0,0.01817389306599833,0.12637580089447603,0.09
0.41731384444444447,0,0.008841353383458646,0.10890216972651853,0.23
0.41731384444444447,0,0.008841353383458646,0.11879767539439101,0.23
0.41731384444444447,0,0.008841353383458646,0.1223257657940473,0.23
0.35891081111111106,0,0.004420676691729323,0.10103917561735304,0.23
0.35891081111111106,0,0.004420676691729323,0.10474856981950087,0.23
0.34741312222222226,0,0.022103383458646614,0.10372815746599426,0.09
0.3380059222222222,0,0.01817389306599833,0.08550882167436058,0.09
0.3380059222222222,0,0.01817389306599833,0.0934294132012064,0.09
0.22577280000000002,0,-0.018665079365079364,0.06381187091869431,0.23
0.06689564444444444,0,-0.014735588972431077,0.025124036170369336,0.23
0.06689564444444444,0,-0.014735588972431077,0.0172271201658072,0.23
0.06754892222222222,0,-0.012279657477025897,0.022668586103220322,0.23
0.06754892222222222,0,-0.012279657477025897,0.02119470532588827,0.23
0.06754892222222222,0,-0.012279657477025897,0.022294840504650987,0.23
0.07355907777777777,0,-0.009332539682539682,0.022033823824385176,0.23
0.07342842222222222,0,-0.011788471177944862,0.022591352805323574,0.23
0.07342842222222222,0,-0.011788471177944862,0.028346989824324906,0.23
0.07342842222222222,0,-0.011788471177944862,0.04941350164812964,0.23
0.03775945555555555,0,0.052556934001670844,0.060099682278032626,0.09
0.03775945555555555,0,0.052556934001670844,0.08215581839127489,0.09
0.03005077777777778,0,0.13851453634085215,0.09204554329483502,0.09
0.025085866666666668,0,0.19745689223057641,0.11246349609381844,0.09
0.020904888888888886,0,0.2583639933166249,0.13969987090625077,0.09
0.014894733333333332,0,0.30748262322472847,0.06913617020304137,0.09
0.014894733333333332,0,0.30748262322472847,0.06862203249831986,0.09
0.008100644444444445,0,0.3624954887218045,0.07598702792849314,0.09
0.008100644444444445,0,0.3624954887218045,0.07672380953387238,0.09
0.008100644444444445,0,0.3624954887218045,0.08104531119273042,0.09
-0.0016985222222222224,0,0.40129920634920635,0.08212393967144097,0.09
-0.0016985222222222224,0,0.40129920634920635,0.083304121091524,0.09
0.0010452444444444444,0,0.40277276524644945,0.08425741695660784,0.09
0.0010452444444444444,0,0.40277276524644945,0.08570764637165576,0.09
-0.0011759000000000001,0,0.40031683375104427,0.08538703996101811,0.09
-0.0011759000000000001,0,0.40031683375104427,0.08536274842045215,0.09
0.0005226222222222222,0,0.4037551378446115,0.08716080732658693,0.09
0.0005226222222222222,0,0.4037551378446115,0.08407181146373421,0.09
0.0010452444444444444,0,0.3978609022556391,0.07963428165155326,0.09
0.0010452444444444444,0,0.3978609022556391,0.07837602969034524,0.09
0.0010452444444444444,0,0.3978609022556391,0.07528657024303564,0.09
-0.003266388888888889,0,0.3492334586466165,0.0703956844745954,0.09
-0.003266388888888889,0,0.3492334586466165,0.07020191917468091,0.09
-0.0005226222222222222,0,0.3094473684210526,0.06493113919727075,0.09
-0.0005226222222222222,0,0.3094473684210526,0.06323591823750042,0.09
-0.0006532777777777777,0,0.2775202589807853,0.05606310659758759,0.09
-0.0006532777777777777,0,0.2775202589807853,0.05627219985134632,0.09
0.0058795,0,0.2244721386800334,0.045675826271839186,0.09
0.0058795,0,0.2244721386800334,0.04397912593948046,0.09
0.0058795,0,0.2244721386800334,0.04957506359439733,0.09
0.0010452444444444444,0,0.19745689223057641,0.04138693049429514,0.09
0.0007839333333333334,0,0.1984392648287385,0.03996333217505454,0.09
0.0003919666666666667,0,0.19696570593149543,0.03607088807163767,0.09
0.0015678666666666668,0,0.15128538011695908,0.031146187019473488,0.09
0.0015678666666666668,0,0.15128538011695908,0.0359041269728474,0.09
0.0015678666666666668,0,0.15128538011695908,0.03617422313236606,0.09
0.0002613111111111111,0,0.1316379281537176,0.03152631188330698,0.09
0.0002613111111111111,0,0.1316379281537176,0.029964552330883958,0.09
0.0009145888888888889,0,0.11051691729323308,0.027015079972837724,0.09
0.0009145888888888889,0,0.11051691729323308,0.027678838976389085,0.09
0.00013065555555555555,0,0.09774607351712614,0.02626681872571618,0.09
0.00013065555555555555,0,0.09774607351712614,0.02506795664503896,0.09
0.0,0,0.10020200501253132,0.023408255616797918,0.09
0.0,0,0.10020200501253132,0.026645129861376543,0.09
-0.00013065555555555555,0,0.09872844611528821,0.026378123399993972,0.09
-0.00013065555555555555,0,0.09872844611528821,0.028244423470573078,0.09
-0.0005226222222222222,0,0.09823725981620718,0.02605173675104175,0.09
-0.0005226222222222222,0,0.09823725981620718,0.024459565418651883,0.09
0.00013065555555555555,0,0.09872844611528821,0.026771421917529473,0.09
0.00013065555555555555,0,0.09872844611528821,0.028570818855218803,0.09
0.00013065555555555555,0,0.09872844611528821,0.0253562240112654,0.09
0.00013065555555555555,0,0.09872844611528821,0.02597593375894959,0.09
0.00013065555555555555,0,0.09872844611528821,0.026722043653454892,0.09
0.0002613111111111111,0,0.09725488721804511,0.02748429991970008,0.09
0.0,0,0.09921963241436925,0.027810920946162186,0.09
-0.0005226222222222222,0,0.06385421888053466,0.020434126644318953,0.09
-0.0005226222222222222,0,0.06385421888053466,0.019122805114431513,0.09
-0.00013065555555555555,0,0.0004911862990810359,0.014248972889859674,0.05
-0.00013065555555555555,0,0.0004911862990810359,0.012881538744755245,0.05
-0.00013065555555555555,0,0.0004911862990810359,0.00928260480901541,0.05
0.0010452444444444444,0,0.003929490392648287,0.012402397449871446,0.05
0.0010452444444444444,0,0.003929490392648287,0.013912679649178108,0.05
0.009537855555555554,0,0.0004911862990810359,0.015218506035291492,0.05
0.009537855555555554,0,0.0004911862990810359,0.012966414377177033,0.05
0.021166200000000003,0,-0.008841353383458646,0.020039593559686552,0.23
0.021166200000000003,0,-0.008841353383458646,0.014431599535488952,0.23
0.03005077777777778,0,-0.04224202172096909,0.01661036817594639,0.23
0.03958863333333333,0,-0.006385421888053467,0.015691916553439322,0.23
0.03958863333333333,0,-0.006385421888053467,0.016976495462376975,0.23
0.05814172222222223,0,-0.007367794486215539,0.02331807140407192,0.23
0.05814172222222223,0,-0.007367794486215539,0.02000397323076661,0.23
0.08597135555555556,0,-0.008841353383458646,0.01999381154237338,0.23
0.08597135555555556,0,-0.008841353383458646,0.0251623841464759,0.23
0.11210246666666666,0,-0.0029471177944862155,0.02695648327599942,0.23
0.11210246666666666,0,-0.0029471177944862155,0.023964747580397665,0.23
0.13418325555555558,0,-0.012279657477025897,0.03158617784032741,0.23
0.13418325555555558,0,-0.012279657477025897,0.028744459754467107,0.23
0.17024418888888887,0,-0.021121010860484544,0.039458496787746294,0.23
0.17024418888888887,0,-0.021121010860484544,0.03558152092704642,0.23
0.20565184444444445,0,-0.02652406015037594,0.045518406997864386,0.23
0.20565184444444445,0,-0.02652406015037594,0.045941148423262655,0.23
0.23713983333333333,0,-0.03192710944026733,0.0469821133654437,0.23
0.23713983333333333,0,-0.03192710944026733,0.043611323737854146,0.23
0.2726781444444444,0,-0.02701524644945697,0.06019175455374669,0.23
0.2726781444444444,0,-0.02701524644945697,0.0644732100348409,0.23
0.31226677777777784,0,-0.011788471177944862,0.06464249328626344,0.23
0.31226677777777784,0,-0.011788471177944862,0.07167153557000898,0.23
0.3506795111111111,0,0.011788471177944862,0.08113456674760118,0.09
0.3506795111111111,0,0.011788471177944862,0.07583485348916985,0.09
0.3506795111111111,0,0.011788471177944862,0.08023550581749046,0.09
0.3907907666666667,0,0.01424440267335004,0.08940506455890544,0.09
0.3907907666666667,0,0.01424440267335004,0.0915182167969456,0.09
0.4298567777777778,0,0.012770843776106934,0.08955142330589703,0.09
0.46657098888888887,0,0.004420676691729323,0.1225558524951731,0.23
0.46657098888888887,0,0.004420676691729323,0.10745369701864296,0.23
0.5051143777777778,0,-0.011788471177944862,0.13145435229818356,0.23
0.5051143777777778,0,-0.011788471177944862,0.129445590369322,0.23
0.5454869444444443,0,-0.01326203007518797,0.14061704622440827,0.23
0.5454869444444443,0,-0.01326203007518797,0.13851886155253973,0.23
0.5454869444444443,0,-0.01326203007518797,0.1413411878658015,0.23
0.5858595111111111,0,-0.020629824561403505,0.1527580451219799,0.23
0.5858595111111111,0,-0.020629824561403505,0.1646956956755452,0.23
0.6255787999999999,0,-0.02161219715956558,0.170683309699553,0.23
0.6255787999999999,0,-0.02161219715956558,0.16871652805737025,0.23
0.6587653111111111,0,-0.02652406015037594,0.18103382778071533,0.23
0.6587653111111111,0,-0.02652406015037594,0.17764857353946598,0.23
0.6960021444444444,0,-0.005403049289891395,0.1915497980628984,0.23
0.6960021444444444,0,-0.005403049289891395,0.18838659406245553,0.23
0.7214799777777777,0,-0.023576942355889724,0.197587781880838,0.23
0.7214799777777777,0,-0.023576942355889724,0.19526056056737226,0.23
0.7480030555555556,0,-0.03782134502923977,0.20028344269873927,0.23
0.7480030555555556,0,-0.03782134502923977,0.20103885120094844,0.23
0.7480030555555556,0,-0.03782134502923977,0.1978863267315398,0.23
0.7672094222222221,0,-0.04125964912280701,0.1623962660464962,0.23
0.7672094222222221,0,-0.04125964912280701,6.058323705187657,0.23
0.7800136666666667,0,-0.05501286549707602,0.10215602642236148,0.23
0.7894208666666668,0,-0.06188947368421053,0.17087920824158878,0.23
0.7894208666666668,0,-0.06188947368421053,0.21280415803945313,0.23
0.7934711888888889,0,-0.03389185463659147,0.21673931454418768,0.23
0.7934711888888889,0,-0.03389185463659147,0.2183807912886934,0.23
0.7858931666666666,0,-0.005403049289891395,0.21586928600777422,0.23
0.7885062777777777,0,0.004420676691729323,0.21410759318324635,0.23
0.7869384111111112,0,0.005403049289891395,0.2157093809351014,0.23
0.7869384111111112,0,0.005403049289891395,0.21746618402471946,0.23
0.7527066555555555,0,0.006385421888053467,0.21822886341457015,0.23
0.7527066555555555,0,0.006385421888053467,0.21778085235106925,0.23
0.7527066555555555,0,0.006385421888053467,0.21782208172177706,0.23
0.7524453444444444,0,-0.007367794486215539,0.21724137487786613,0.23
0.7524453444444444,0,-0.007367794486215539,0.21647177542005652,0.23
0.7476110888888889,0,0.020629824561403505,0.21468585818643515,0.09
0.7402943777777777,0,0.024559314954051795,0.12985696100480776,0.09
0.7383345444444445,0,0.017191520467836258,0.1672776945524326,0.09
0.7375506111111111,0,0.0191562656641604,0.12520279975210355,0.09
0.7388571666666667,0,0.011297284878863827,0.12815486359707584,0.09
0.7440833888888889,0,0.0024559314954051793,0.13225378060044285,0.23
0.7440833888888889,0,0.0024559314954051793,0.2143346838875344,0.23
0.7440833888888889,0,0.0024559314954051793,0.21306897933280278,0.23
0.7498322333333334,0,-0.00835016708437761,0.21837326691916717,0.23
0.7498322333333334,0,-0.00835016708437761,0.21699704966526848,0.23
0.7541438666666667,0,-0.013753216374269005,0.22122931821429317,0.23
0.7541438666666667,0,-0.013753216374269005,0.21689275399176514,0.23
0.7604153333333333,0,-0.014735588972431077,0.22056768901952467,0.23
0.7604153333333333,0,-0.014735588972431077,0.2187153388108689,0.23
0.7626364777777778,0,-0.015226775271512115,0.2253572801393579,0.23
0.7626364777777778,0,-0.015226775271512115,0.22491203012557964,0.23
0.7652495888888888,0,-0.01326203007518797,0.22726072261269542,0.23
0.7652495888888888,0,-0.01326203007518797,0.2189826173305225,0.23
0.7628977888888889,0,0.005403049289891395,0.2210400985386153,0.23
0.7628977888888889,0,0.005403049289891395,0.22202393575544954,0.23
0.7567569777777777,0,0.023576942355889724,0.21979548170216595,0.09
0.7564956666666667,0,0.020629824561403505,0.12739985523078934,0.09
0.7564956666666667,0,0.020629824561403505,0.12797428222156337,0.09
0.7546664888888889,0,0.022594569757727653,0.16617082969225155,0.09
0.7511387888888889,0,0.005403049289891395,0.16603521784200745,0.23
0.7507468222222222,0,0.02161219715956558,0.24904678163474486,0.09
0.7568876333333333,0,0.01326203007518797,0.16133648431424866,0.09
0.7678627,0,0.009332539682539682,0.16960049684259426,0.23
0.7678627,0,0.009332539682539682,0.24767047112081003,0.23
0.7745261333333333,0,0.03733015873015873,0.14445496061340138,0.09
0.7686466333333333,0,0.02406812865497076,0.2067462107410469,0.09
0.7299725888888888,0,0.0024559314954051793,2.4250808005947957,0.23
0.6351166555555555,0,0.0191562656641604,0.13278144980310372,0.09
0.5133456777777778,0,0.02996236424394319,0.11728336021768512,0.09
0.5103406,0,0.017682706766917293,0.06772833756039416,0.09
0.5103406,0,0.017682706766917293,0.1450220453504241,0.09
0.40398697777777776,0,-0.009823725981620717,0.11629881274787755,0.1704855122112373
0.40398697777777776,0,-0.009823725981620717,0.12319476049731502,0.1704855122112373
0.32820675555555556,0,-0.019647451963241434,0.09067730110801765,0.1693644320745276
0.32820675555555556,0,-0.019647451963241434,0.08592391203771947,0.1693644320745276
0.2383157333333333,0,-0.05403049289891394,0.06208090232368644,0.1689605038881694
0.08296627777777778,0,-0.2107189223057644,0.03217413523070378,0.17283679641196997
0.08296627777777778,0,-0.2107189223057644,0.03160265341609745,0.17283679641196997
0.0411565,0,-0.15177656641604012,0.019376332134681845,0.16957562818469502
-0.0018291777777777777,0,0.0029471177944862155,0.01931876452799928,0.05
-0.0018291777777777777,0,0.0029471177944862155,0.010400250150665221,0.05
-0.00013065555555555555,0,0.005403049289891395,0.008560357726695887,0.05
-0.00013065555555555555,0,0.005403049289891395,0.007541502224166084,0.05
0.00013065555555555555,0,-0.004420676691729323,0.0068357062469554895,0.05
0.00013065555555555555,0,-0.004420676691729323,0.008801178938591756,0.05
-0.001437211111111111,0,0.023085756056808685,0.017049009323616568,0.09
-0.001437211111111111,0,0.023085756056808685,0.018874057358280114,0.09
-0.0018291777777777777,0,0.0835016708437761,0.024808027471802697,0.09
-0.0018291777777777777,0,0.0835016708437761,0.027269700368283467,0.09
-0.0013065555555555554,0,0.1424440267335004,0.030049028553440355,0.09
-0.0013065555555555554,0,0.1424440267335004,0.031189191146425897,0.09
-0.0013065555555555554,0,0.19647451963241436,0.036198722740887895,0.09
-0.0013065555555555554,0,0.19647451963241436,0.04055352787432964,0.09
-0.0013065555555555554,0,0.19647451963241436,0.04371054831065,0.09
-0.0010452444444444444,0,0.2662229741019215,0.045472059405817486,0.09
-0.0010452444444444444,0,0.2662229741019215,0.04595413955111101,0.09
-0.00013065555555555555,0,0.30306194653299917,0.04323165913417278,0.09
-0.00013065555555555555,0,0.30306194653299917,0.04776962387644366,0.09
0.0007839333333333334,0,0.29962364243943185,0.04309295221981349,0.09
0.0007839333333333334,0,0.29962364243943185,0.045854370081027204,0.09
0.00013065555555555555,0,0.3001148287385129,0.041749142614941795,0.09
0.00013065555555555555,0,0.3001148287385129,0.04033957321988682,0.09
0.0,0,0.2966765246449457,0.042788180699113366,0.09
0.0,0,0.2966765246449457,0.041904343034247,0.09
0.0005226222222222222,0,0.30060601503759393,0.03964214581823538,0.09
0.0005226222222222222,0,0.30060601503759393,0.039037626780371724,0.09
-0.0019598333333333334,0,0.29422059314954047,0.04191069660159928,0.09
-0.0019598333333333334,0,0.29422059314954047,0.03835071820108936,0.09
-0.0019598333333333334,0,0.29422059314954047,0.04260527463260189,0.09
-0.0003919666666666667,0,0.29618533834586463,0.03973817787685885,0.09
-0.0003919666666666667,0,0.29618533834586463,0.021498844164105354,0.09
0.0003919666666666667,0,0.30306194653299917,0.03728626938729028,0.09
0.0003919666666666667,0,0.30306194653299917,0.0605466627188586,0.09
-0.0006532777777777777,0,0.301097201336675,0.06652034247566418,0.09
-0.0003919666666666667,0,0.2952029657477026,0.06181513088303088,0.09
-0.0003919666666666667,0,0.2952029657477026,0.0593843030940609,0.09
0.0005226222222222222,0,0.30355313283208024,0.0625278625440083,0.09
0.0005226222222222222,0,0.30355313283208024,0.06059173525394928,0.09
-0.0002613111111111111,0,0.30060601503759393,0.06106976703634189,0.09
-0.0002613111111111111,0,0.30060601503759393,0.062233519112376665,0.09
-0.0005226222222222222,0,0.29962364243943185,0.05955614969977855,0.09
-0.0005226222222222222,0,0.29962364243943185,0.06269178762161152,0.09
-0.0005226222222222222,0,0.29962364243943185,0.0599471435191369,0.09
0.0002613111111111111,0,0.30060601503759393,0.062284756104306276,0.09
0.0002613111111111111,0,0.30060601503759393,0.06153607481945013,0.09
-0.0002613111111111111,0,0.30257076023391816,0.06032138014653399,0.09
-0.0002613111111111111,0,0.30257076023391816,0.061068073095905895,0.09
-0.0005226222222222222,0,0.29569415204678356,0.06322821451491449,0.09
-0.0005226222222222222,0,0.29569415204678356,0.06547344221397505,0.09
0.0010452444444444444,0,0.30060601503759393,0.0616007860961849,0.09
0.0010452444444444444,0,0.30060601503759393,0.06139987033679049,0.09
-0.0013065555555555554,0,0.2966765246449457,0.06199766757047752,0.09
-0.0013065555555555554,0,0.2966765246449457,0.05865479046762787,0.09
-0.001437211111111111,0,0.2971677109440268,0.06311056471819997,0.09
-0.0011759000000000001,0,0.2981500835421888,0.06422374478351874,0.09
0.00013065555555555555,0,0.3001148287385129,0.05565851502328044,0.09
0.00013065555555555555,0,0.3001148287385129,0.058604797977755606,0.09
-0.0006532777777777777,0,0.29127347535505427,0.05637586458842779,0.09
-0.0006532777777777777,0,0.29127347535505427,0.05153906774806146,0.09
-0.0006532777777777777,0,0.29127347535505427,0.04809276144666206,0.09
-0.0006532777777777777,0,0.25983755221386795,0.05225335666887279,0.09
-0.0006532777777777777,0,0.25983755221386795,0.036275174510578184,0.09
0.0002613111111111111,0,0.23478705096073516,0.03476737072335365,0.09
0.0002613111111111111,0,0.23478705096073516,0.03411525485015587,0.09
-0.0026131111111111108,0,0.22398095238095234,0.03249418453074031,0.09
-0.0003919666666666667,0,0.21563078529657476,0.031370570425607605,0.09
-0.00013065555555555555,0,0.2038423141186299,0.03197948828726714,0.09
-0.00013065555555555555,0,0.2038423141186299,0.028654391531890127,0.09
0.0019598333333333334,0,0.17535350877192982,0.029860872680823932,0.09
0.0019598333333333334,0,0.17535350877192982,0.028932740602512573,0.09
0.0024824555555555557,0,0.16356503759398494,0.028074879196541495,0.09
0.0024824555555555557,0,0.16356503759398494,0.026052857441759406,0.09
0.0009145888888888889,0,0.14489995822890558,0.023652031076326355,0.09
0.0009145888888888889,0,0.14489995822890558,0.022691168798673677,0.09
0.0009145888888888889,0,0.14489995822890558,0.022470956785889302,0.09
0.0018291777777777777,0,0.1247613199665831,0.02246881250050279,0.09
0.0,0,0.11984945697577276,0.020195087270441364,0.09
0.0,0,0.11984945697577276,0.02422586204404295,0.09
0.0,0,0.11984945697577276,0.021311000048054415,0.09
0.0005226222222222222,0,0.10707861319966583,0.01892836966275793,0.09
0.0005226222222222222,0,0.10707861319966583,0.02104349444104761,0.09
-0.0002613111111111111,0,0.09921963241436925,0.01842818779966987,0.09
-0.0002613111111111111,0,0.09921963241436925,0.021714866855978603,0.09
-0.0002613111111111111,0,0.09921963241436925,0.01877291747219126,0.09
0.0,0,0.10118437761069339,0.01932599598758645,0.09
0.0,0,0.10118437761069339,0.017007662562110625,0.09
0.0,0,0.09921963241436925,0.0203629394312391,0.09
0.0,0,0.09921963241436925,0.017387439433381276,0.09
0.0,0,0.09823725981620718,0.021973509350109856,0.09
0.0,0,0.10020200501253132,0.01920808671695679,0.09
0.0,0,0.10020200501253132,0.016554175138271617,0.09
0.0,0,0.10020200501253132,0.019734387687952146,0.09
0.00013065555555555555,0,0.09872844611528821,0.016788334150306533,0.09
0.00013065555555555555,0,0.09872844611528821,0.019830728461591215,0.09
0.00013065555555555555,0,0.10069319131161236,0.018848584542555197,0.09
0.00013065555555555555,0,0.10069319131161236,0.018296564563845073,0.09
0.00013065555555555555,0,0.10069319131161236,0.01860276604146442,0.09
0.0,0,0.09627251461988304,0.01792061222204218,0.09
0.0,0,0.09627251461988304,0.018450815194456488,0.09
0.0,0,0.10020200501253132,0.017942909233463495,0.09
0.0,0,0.10020200501253132,0.021207443974880728,0.09
0.0,0,0.09921963241436925,0.017938720631737428,0.09
0.0003919666666666667,0,0.09971081871345029,0.018814374666207404,0.09
0.0003919666666666667,0,0.09971081871345029,0.016528949000893224,0.09
0.0011759000000000001,0,0.07220438596491228,0.015133602268656916,0.09
0.0006532777777777777,0,-0.0034383040935672513,0.020655458062059776,0.05
0.0003919666666666667,0,0.0014735588972431077,0.012679440125156113,0.05
0.0003919666666666667,0,0.0014735588972431077,0.015261602896801903,0.05
-0.0003919666666666667,0,-0.0014735588972431077,0.01897578163008407,0.05
-0.0003919666666666667,0,-0.0014735588972431077,0.014690531583668476,0.05
-0.0002613111111111111,0,-0.0009823725981620718,0.014056744241504444,0.05
0.0,0,0.0,0.015915133243204985,0.05
0.0,0,0.0,0.015644888830257546,0.05
0.0,0,0.0,0.013745553792130225,0.05
0.0,0,0.0,0.013051657588925595,0.05
-0.005356877777777778,0,-0.009332539682539682,0.01503924144721596,0.05
-0.005356877777777778,0,-0.009332539682539682,0.012129567388535748,0.05
-0.03684486666666667,0,-0.022594569757727653,0.012484450321539725,0.05
-0.03684486666666667,0,-0.022594569757727653,0.017113319913496492,0.05
-0.06036286666666666,0,-0.03634778613199666,0.021186523939441693,0.05
-0.06036286666666666,0,-0.03634778613199666,0.017288454633570437,0.05
-0.06036286666666666,0,-0.03634778613199666,0.022487474933019485,0.05
-0.0785239888888889,0,-0.044697953216374264,0.02853788006713505,0.05
-0.0785239888888889,0,-0.044697953216374264,0.024243689215010186,0.05
-0.094072,0,-0.05992472848788638,0.02806785185300347,0.05
-0.1105346,0,-0.08939590643274853,0.034264423158264334,0.05
-0.1105346,0,-0.08939590643274853,0.03284433949367585,0.05
-0.1105346,0,-0.08939590643274853,0.03558938502666385,0.05
-0.12046442222222223,0,-0.09627251461988304,0.037141027451578205,0.05
-0.12046442222222223,0,-0.09627251461988304,0.03240558358785422,0.05
-0.13261538888888888,0,-0.10069319131161236,0.037106594355322646,0.05
-0.13261538888888888,0,-0.10069319131161236,0.041938014067957025,0.05
-0.14280652222222223,0,-0.12034064327485378,0.04088471733420296,0.05
-0.14280652222222223,0,-0.12034064327485378,0.0421304055739177,0.05
-0.14280652222222223,0,-0.12034064327485378,0.037666595796224014,0.05
-0.14123865555555554,0,-0.11149928989139515,0.0383051099051357,0.05
-0.14123865555555554,0,-0.11149928989139515,0.03674597605781014,0.05
-0.1437211111111111,0,-0.1041314954051796,0.041140724197177486,0.05
-0.1437211111111111,0,-0.1041314954051796,0.03362030948072422,0.05
-0.14620356666666665,0,-0.07908099415204678,0.03635604729318906,0.05
-0.14620356666666665,0,-0.07908099415204678,0.03460068510782331,0.05
-0.1479020888888889,0,-0.06188947368421053,0.0384997508766095,0.05
-0.1479020888888889,0,-0.06188947368421053,0.03641366008396009,0.05
-0.14594225555555554,0,-0.04175083542188805,0.03971040403148296,0.05
-0.14411307777777776,0,-0.035856599832915614,0.03381660677851081,0.05
-0.14411307777777776,0,-0.035856599832915614,0.035469831227081285,0.05
-0.1452889777777778,0,-0.024559314954051795,0.0379171816576791,0.05
-0.1452889777777778,0,-0.024559314954051795,0.03886587126936478,0.05
-0.1430678333333333,0,-0.015226775271512115,0.035009522205414395,0.05
-0.14450504444444445,0,-0.003929490392648287,0.027554315167350362,0.05
-0.1467261888888889,0,0.005403049289891395,0.036456981996423374,0.05
-0.14646487777777778,0,0.010314912280701753,0.03879312914207131,0.09
-0.14646487777777778,0,0.010314912280701753,0.03335180905195046,0.09
-0.14659553333333333,0,0.022594569757727653,0.0340846025724407,0.09
-0.14659553333333333,0,0.022594569757727653,0.03364970014980293,0.09
-0.14659553333333333,0,0.022594569757727653,0.036936874503133,0.09
-0.14659553333333333,0,0.022594569757727653,0.03686419403143814,0.09
-0.14659553333333333,0,0.022594569757727653,0.03517806973228497,0.09
-0.14620356666666665,0,0.030944736842105264,0.029915644856173988,0.09
-0.14620356666666665,0,0.030944736842105264,0.03019774859511988,0.09
-0.14724881111111113,0,0.030944736842105264,0.03410011763977823,0.09
-0.14724881111111113,0,0.030944736842105264,0.031538947245906994,0.09
-0.1484247111111111,0,0.034383040935672515,0.03272887909655048,0.09
-0.1484247111111111,0,0.034383040935672515,0.029972375296781303,0.09
-0.14659553333333333,0,0.04125964912280701,0.029082473825071647,0.09
-0.14659553333333333,0,0.04125964912280701,0.03159369711042873,0.09
-0.1460729111111111,0,0.0520657477025898,0.03099870291613821,0.09
-0.1460729111111111,0,0.0520657477025898,0.030362968188918007,0.09
-0.1476407777777778,0,0.04518913951545531,0.034593439951967224,0.09
-0.1476407777777778,0,0.04518913951545531,0.03467961366573416,0.09
-0.14986192222222222,0,0.046662698412698406,0.032952203765092294,0.09
-0.14986192222222222,0,0.046662698412698406,0.03051233110620075,0.09
-0.14946995555555556,0,0.04518913951545531,0.0353782696031711,0.09
-0.14946995555555556,0,0.04518913951545531,0.03136685846412822,0.09
-0.14946995555555556,0,0.04518913951545531,0.03111450542299849,0.09
-0.14881667777777777,0,0.046662698412698406,0.03384227640933884,0.09
-0.14881667777777777,0,0.046662698412698406,0.03388321449369361,0.09
-0.15064585555555554,0,0.03880371762740183,0.03525492562631858,0.09
-0.15064585555555554,0,0.03880371762740183,0.03254957235933137,0.09
-0.14894733333333332,0,0.04125964912280701,0.02544957717227899,0.09
-0.14894733333333332,0,0.04125964912280701,0.03426708157374531,0.09
-0.1510378222222222,0,0.034383040935672515,0.03281385269670692,0.09
-0.1510378222222222,0,0.034383040935672515,0.031110326544651675,0.09
-0.14293717777777779,0,0.03929490392648287,0.028498260957522826,0.09
-0.14293717777777779,0,0.03929490392648287,0.034246082373177555,0.09
-0.1396707888888889,0,0.02505050125313283,0.03173608090440862,0.09
-0.1396707888888889,0,0.02505050125313283,0.023528238271644356,0.09
-0.1319621111111111,0,0.031435923141186296,0.028000221530344312,0.09
-0.1319621111111111,0,0.031435923141186296,0.027542340758534314,0.09
-0.1319621111111111,0,0.031435923141186296,0.029025335474101653,0.09
-0.1237308111111111,0,0.02996236424394319,0.02524551625344119,0.09
-0.1237308111111111,0,0.02996236424394319,0.023725748402915622,0.09
-0.11014263333333335,0,0.02701524644945697,0.025400854054983747,0.09
-0.11014263333333335,0,0.02701524644945697,0.020373474430532695,0.09
-0.1023033,0,0.0260328738512949,0.02231853656172923,0.09
-0.1023033,0,0.0260328738512949,0.024401362540256266,0.09
-0.094072,0,0.02161219715956558,0.024236678798585196,0.09
-0.094072,0,0.02161219715956558,0.02012791660014306,0.09
-0.08518742222222223,0,0.009823725981620717,0.019345293800337497,0.05
-0.08518742222222223,0,0.009823725981620717,0.021017342294029226,0.05
-0.08179037777777778,0,0.008841353383458646,0.016000653632100358,0.05
-0.07277514444444445,0,0.01424440267335004,0.017621157524846387,0.09
-0.07277514444444445,0,0.01424440267335004,0.015483773530337098,0.09
-0.07277514444444445,0,0.01424440267335004,0.022485440291037814,0.09
-0.06885547777777777,0,0.007367794486215539,0.021187523482318345,0.05
-0.06885547777777777,0,0.007367794486215539,0.014667357311041285,0.05
-0.06885547777777777,0,0.007367794486215539,0.017029068349773878,0.05
-0.06389056666666666,0,0.007367794486215539,0.011978503848559663,0.05
-0.06389056666666666,0,0.007367794486215539,0.01651704780151698,0.05
-0.06036286666666666,0,0.0068766081871345025,0.012812227657203874,0.05
-0.06036286666666666,0,0.0068766081871345025,0.014833457649068007,0.05
-0.05748844444444444,0,0.008841353383458646,0.017276847562024633,0.05
-0.05748844444444444,0,0.008841353383458646,0.014159245252460996,0.05
-0.04729731111111111,0,0.005894235588972431,0.009208042293682822,0.05
-0.04729731111111111,0,0.005894235588972431,0.012873681186173883,0.05
-0.04403092222222222,0,0.00835016708437761,0.010828384371644056,0.05
-0.04403092222222222,0,0.00835016708437761,0.015122273700057977,0.05
-0.041548466666666665,0,0.007858980785296574,0.010741159391929855,0.05
-0.041548466666666665,0,0.007858980785296574,0.013670231716654387,0.05
-0.03671421111111111,0,0.009332539682539682,0.012270964161742172,0.05
-0.03671421111111111,0,0.009332539682539682,0.009561874688655292,0.05
-0.03671421111111111,0,0.009332539682539682,0.0144398320723822,0.05
-0.035930277777777776,0,0.005403049289891395,0.009411797315270285,0.05
-0.035930277777777776,0,0.005403049289891395,0.013522203237240776,0.05
-0.03462372222222222,0,0.006385421888053467,0.01996490623166843,0.05
-0.03462372222222222,0,0.006385421888053467,0.01816118687342547,0.05
-0.0305734,0,0.003929490392648287,0.012965849262495511,0.05
-0.0305734,0,0.003929490392648287,0.012007236872751272,0.05
-0.028874877777777776,0,0.0014735588972431077,0.013958326766454546,0.05
-0.028874877777777776,0,0.0014735588972431077,0.009658239934977409,0.05
-0.028874877777777776,0,0.0014735588972431077,0.016280739115767492,0.05
-0.02560848888888889,0,0.0009823725981620718,0.017689333319553333,0.05
-0.02560848888888889,0,0.0009823725981620718,0.007992425490729661,0.05
-0.02417127777777778,0,0.0004911862990810359,0.012544354764567308,0.05
-0.02417127777777778,0,0.0004911862990810359,0.014331193858340321,0.05
-0.022211444444444447,0,0.005894235588972431,0.01440733487027838,0.05
-0.022211444444444447,0,0.005894235588972431,0.015088587013746105,0.05
-0.022864722222222224,0,0.0034383040935672513,0.01449858002032243,0.05
-0.022864722222222224,0,0.0034383040935672513,0.00883594179726563,0.05
-0.021035544444444443,0,0.0004911862990810359,0.017578708647281213,0.05
-0.021035544444444443,0,0.0004911862990810359,0.014064931189416532,0.05
-0.01907571111111111,0,0.0009823725981620718,0.019027185862669115,0.05
-0.01907571111111111,0,0.0009823725981620718,0.01715458330709876,0.05
-0.01907571111111111,0,0.0009823725981620718,0.008837649319308954,0.05
-0.0199903,0,0.0034383040935672513,0.019323677678063603,0.05
-0.0199903,0,0.0034383040935672513,0.009364209736951606,0.05
-0.019859644444444446,0,0.004911862990810359,0.011701436873750184,0.05
-0.019859644444444446,0,0.004911862990810359,0.01941273722848302,0.05
-0.0199903,0,0.0024559314954051793,0.020042059022540616,0.05
-0.0199903,0,0.0024559314954051793,0.018195399734550376,0.05
-0.02012095555555556,0,0.003929490392648287,0.015465129705516476,0.05
-0.02012095555555556,0,0.003929490392648287,0.009991555337959852,0.05
-0.019598333333333332,0,0.0019647451963241435,0.013056614364781179,0.05
-0.019598333333333332,0,0.0019647451963241435,0.013165527587879694,0.05
-0.0199903,0,0.0024559314954051793,0.010049458504078007,0.05
-0.0199903,0,0.0024559314954051793,0.00892148138127493,0.05
-0.019859644444444446,0,0.0029471177944862155,0.008301559266935129,0.05
-0.019859644444444446,0,0.0029471177944862155,0.010168502363181406,0.05
-0.019859644444444446,0,0.0029471177944862155,0.010074606958715105,0.05
-0.02012095555555556,0,0.0009823725981620718,0.01098597446844774,0.05
-0.02012095555555556,0,0.0009823725981620718,0.013803919174383289,0.05
-0.018814400000000002,0,0.0019647451963241435,0.010337685262742818,0.05
-0.0199903,0,0.0014735588972431077,0.01685491781043078,0.05
-0.017246533333333335,0,0.011788471177944862,0.015795518179863143,0.09
-0.011889655555555555,0,-0.00835016708437761,0.020439237635162567,0.05
0.00013065555555555555,0,-0.0004911862990810359,0.02285931218294035,0.05
0.00013065555555555555,0,-0.0004911862990810359,0.013238782867375168,0.05
0.0002613111111111111,0,-0.0009823725981620718,0.018581554150304217,0.05
0.0,0,0.0,0.013559529380875988,0.05
0.0,0,0.0,0.016506162060205033,0.05
0.0,0,0.0,0.014016341891763021,0.05
0.0,0,0.0,0.013927522162924685,0.05
0.0,0,0.0,0.013789438291030392,0.05
0.0,0,0.0,0.012513961675818936,0.05
0.0,0,0.0,0.014290865780260956,0.05
0.0,0,0.0,0.015741812731035244,0.05
0.0,0,0.0,0.017576369668687686,0.05
0.0,0,0.0,0.014495448821227828,0.05
0.0,0,0.0,0.016013775677379914,0.05
0.0,0,0.0,0.015255856489310344,0.05
0.0,0,0.0,0.014626293074728264,0.05
0.0,0,0.0,0.014263527713922372,0.05
0.0,0,0.0,0.01638974054272803,0.05
0.0,0,0.0,0.013407583300172955,0.05
0.0,0,0.0,0.013146301517146596,0.05
0.0,0,0.0,0.017379665214200635,0.05
0.0,0,0.0,0.013795970861553495,0.05
0.0,0,0.0,0.01781533773499909,0.05
0.0,0,0.0,0.01525859468338127,0.05
0.0,0,0.0,0.012635677343909725,0.05
0.0,0,0.0,0.015785616574026076,0.05
0.0,0,0.0,0.017277683065398165,0.05
0.0,0,0.0,0.014034230076588813,0.05
0.0,0,0.0,0.015492943145233022,0.05
0.0,0,0.0,0.015106578136437582,0.05
0.0,0,0.0,0.012951388733138879,0.05
0.0,0,0.0,0.01273482758438452,0.05
0.0,0,0.0,0.016284416161480166,0.05
0.0,0,0.0,0.015012594721794023,0.05
0.0,0,0.0,0.01373368928779931,0.05
0.0,0,0.0,0.021112476001130132,0.05
0.0,0,0.0,0.01591794411489232,0.05
0.0,0,0.0,0.018799684408508453,0.05
0.0,0,0.0,0.009995365790658935,0.05
0.0,0,0.0,0.017198952637039595,0.05
0.0,0,0.0,0.01693824582248937,0.05
0.0,0,0.0,0.01619140620845429,0.05
0.0,0,0.0,0.01169256603653022,0.05
0.0,0,0.0,0.016189315704997882,0.05
0.0,0,0.0,0.019688925352738636,0.05
0.0,0,0.0,0.016161481440122506,0.05
0.0,0,0.0,0.012300348041088026,0.05
0.0,0,0.0,0.016282909767908495,0.05
0.0,0,0.0,0.012572746042932537,0.05
0.0,0,0.0,0.012795642583770592,0.05
0.0,0,0.0,0.020164975102628074,0.05
0.0,0,0.0,0.010125245740294737,0.05
0.0,0,0.0,0.011359410060705942,0.05
0.0,0,0.0,0.017872323560191774,0.05
0.0,0,0.0,0.013483291809141096,0.05
0.0,0,0.0,0.016368462576027004,0.05
0.0,0,0.0,0.013141025215418062,0.05
0.0,0,0.0,0.012217436408321236,0.05
0.0,0,0.0,0.014671018470853305,0.05
0.0,0,0.0,0.016577770598922858,0.05
0.0,0,0.0,0.0162063828965525,0.05
0.0,0,0.0,0.0162280907095732,0.05
0.0,0,0.0,0.012907342415850545,0.05
0.0,0,0.0,0.01771264672806661,0.05
0.0,0,0.0,0.015227061235420728,0.05
0.0,0,0.0,0.013971937250732612,0.05
0.0,0,0.0,0.013757327430398527,0.05
0.0,0,0.0,0.017425040471882224,0.05
0.0,0,0.0,0.02092244132068327,0.05
0.0,0,0.0,0.019771859903052597,0.05
0.0,0,0.0,0.015635937193012962,0.05
0.0,0,0.0,0.018450502874083438,0.05
0.0,0,0.0,0.011753862839735044,0.05
0.0,0,0.0,0.014675395126540935,0.05
0.0,0,0.0,0.013976027697088627,0.05
0.0,0,0.0,0.01205775702124784,0.05
0.0,0,0.0,0.017897714871566463,0.05
0.0,0,0.0,0.017205344920936436,0.05
0.0,0,0.0,0.014228915926415762,0.05
0.003266388888888889,0,0.0004911862990810359,0.01896209423574646,0.05
0.003266388888888889,0,0.0004911862990810359,0.014166752323774226,0.05
0.03566896666666667,0,-0.0034383040935672513,0.020796865353944274,0.16286389048569216
0.03566896666666667,0,-0.0034383040935672513,0.01907208289076392,0.16286389048569216
0.06663433333333334,0,-0.0019647451963241435,0.0162156101007854,0.1634237959179259
0.06663433333333334,0,-0.0019647451963241435,0.03006759440642719,0.1634237959179259
0.09720773333333334,0,-0.0019647451963241435,0.03611084419787523,0.16403523329188552
0.12712785555555553,0,-0.0024559314954051793,0.03516483455633821,0.16465329618915792
0.12712785555555553,0,-0.0024559314954051793,0.04341039382410519,0.16465329618915792
0.12712785555555553,0,-0.0024559314954051793,0.04388117271199629,0.16465329618915792
0.1592691222222222,0,-0.0024559314954051793,0.04973808427404569,0.16529610542810932
0.1592691222222222,0,-0.0024559314954051793,0.051082719810590156,0.16529610542810932
0.15953043333333333,0,-0.012279657477025897,0.043212116022346043,0.16569580553490768
0.15953043333333333,0,-0.012279657477025897,0.048789357442626004,0.16569580553490768
0.15979174444444444,0,0.0024559314954051793,0.04586899515017786,0.1653065576643497
0.15979174444444444,0,0.0024559314954051793,0.04526314810426378,0.1653065576643497
0.15979174444444444,0,-0.0014735588972431077,0.043351725444680446,0.1652672221516394
0.15979174444444444,0,-0.0014735588972431077,0.04685881236021899,0.1652672221516394
0.15966108888888889,0,0.004911862990810359,0.04612954409425282,0.16540237236752556
0.15966108888888889,0,0.004911862990810359,0.05078598131146591,0.16540237236752556
0.15966108888888889,0,0.004911862990810359,0.04913393368312084,0.16540237236752556
0.16031436666666665,0,-0.004420676691729323,0.05054597888467528,0.1653957413731888
0.16031436666666665,0,-0.004420676691729323,0.04840422526578229,0.1653957413731888
0.16031436666666665,0,0.0034383040935672513,0.037295220570700144,0.16535636551952113
0.16031436666666665,0,0.0034383040935672513,0.04736185387365059,0.16535636551952113
0.15861584444444446,0,-0.0019647451963241435,0.04885598311745501,0.16526336967106092
0.16005305555555557,0,0.0014735588972431077,0.04745690567540216,0.16527244833656773
0.16005305555555557,0,0.0014735588972431077,0.04808797678203211,0.16527244833656773
0.16005305555555557,0,0.0014735588972431077,0.04908013121411305,0.16527244833656773
0.15939977777777775,0,0.0,0.04105163079873787,0.16520041761974866
0.15939977777777775,0,0.0,0.03540938147307622,0.16520041761974866
0.16122895555555555,0,0.0029471177944862155,0.050604940336147486,0.16535497644231914
0.16122895555555555,0,0.0029471177944862155,0.04480218534277473,0.16535497644231914
0.16122895555555555,0,0.0029471177944862155,0.04569247007413412,0.16535497644231914
0.15939977777777775,0,0.0009823725981620718,0.048101694310221106,0.1652397227009567
0.1605756777777778,0,0.0004911862990810359,0.047396893566313776,0.16524358559740318
0.1605756777777778,0,0.0004911862990810359,0.04387239104931364,0.16524358559740318
0.1605756777777778,0,0.0004911862990810359,0.05114728934715739,0.16524358559740318
0.1605756777777778,0,0.005403049289891395,0.03380631555305473,0.16544036318557168
0.1605756777777778,0,0.005403049289891395,0.05203411279446128,0.16544036318557168
0.15887715555555557,0,0.0009823725981620718,0.04982166069540567,0.16522927028999004
0.15887715555555557,0,0.0009823725981620718,0.04830944971295045,0.16522927028999004
0.15887715555555557,0,0.0009823725981620718,0.04628446916420635,0.16522927028999004
0.1610983,0,0.0004911862990810359,0.053520577539738996,0.165254038033654
0.1610983,0,0.0004911862990810359,0.05607194658533092,0.165254038033654
0.1587465,0,-0.0024559314954051793,0.04126801220924668,0.1652856531932398
0.1587465,0,-0.0024559314954051793,0.052669984133873755,0.1652856531932398
0.16070633333333334,0,0.0,0.043721366045764806,0.1652265487308598
0.16070633333333334,0,0.0,0.051475839470623064,0.1652265487308598
0.15953043333333333,0,0.0004911862990810359,0.047798654675114266,0.16522268072506263
0.15953043333333333,0,0.0004911862990810359,0.04630786961352792,0.16522268072506263
0.1608369888888889,0,0.0004911862990810359,0.04226947776754873,0.16524881181552195
0.1608369888888889,0,0.0004911862990810359,0.052276043953748186,0.16524881181552195
0.1613596111111111,0,0.0034383040935672513,0.05128668466788521,0.1653772696054723
0.1613596111111111,0,0.0034383040935672513,0.05141616684188734,0.1653772696054723
0.16005305555555557,0,0.0014735588972431077,0.04591909008637184,0.16527244833656773
0.16005305555555557,0,0.0014735588972431077,0.04060853775086981,0.16527244833656773
0.1592691222222222,0,-0.0034383040935672513,0.04460608375236465,0.16533546144410827
0.1592691222222222,0,-0.0034383040935672513,0.03975848557955683,0.16533546144410827
0.1592691222222222,0,-0.0034383040935672513,0.04686972699374726,0.16533546144410827
0.16070633333333334,0,0.004911862990810359,0.04646183930151861,0.16542327560447354
0.16070633333333334,0,0.004911862990810359,0.044611955027823495,0.16542327560447354
0.1604450222222222,0,0.004911862990810359,0.046394975581257845,0.16541804979321895
0.1604450222222222,0,0.004911862990810359,0.04397853310832743,0.16541804979321895
0.1608369888888889,0,0.0004911862990810359,0.04348976887967635,0.16524881181552195
0.1608369888888889,0,0.0004911862990810359,0.04081797856345482,0.16524881181552195
0.1569173222222222,0,-0.006385421888053467,0.04493684522007203,0.16540662214711813
0.1569173222222222,0,-0.006385421888053467,0.043019104905199494,0.16540662214711813
0.15299765555555556,0,-0.0004911862990810359,0.035314637537093005,0.16509202527805694
0.15299765555555556,0,-0.0004911862990810359,0.04392275304203114,0.16509202527805694
0.15051520000000002,0,0.003929490392648287,0.03849746459953333,0.16518007812361668
0.15051520000000002,0,0.003929490392648287,0.044881464363581945,0.16518007812361668
0.12503736666666665,0,0.007367794486215539,0.03528116873260526,0.16480861086890766
0.12503736666666665,0,0.007367794486215539,0.04035880667916576,0.16480861086890766
0.12503736666666665,0,0.007367794486215539,0.035751353841309196,0.16480861086890766
0.11497688888888888,0,0.004911862990810359,0.03736338639970174,0.16450878707044253
0.09864494444444445,0,-0.0024559314954051793,0.029863318557370934,0.16408366099418856
0.09864494444444445,0,-0.0024559314954051793,0.03182172464468332,0.16408366099418856
0.09864494444444445,0,-0.0024559314954051793,0.033099482570896295,0.16408366099418856
0.1008660888888889,0,0.003929490392648287,0.026560103727156118,0.1641871807739767
0.1008660888888889,0,0.003929490392648287,0.02975456829884825,0.1641871807739767
0.1002128111111111,0,0.0004911862990810359,0.027250220770447565,0.16403632978540944
0.1002128111111111,0,0.0004911862990810359,0.032638242803103144,0.16403632978540944
0.10099674444444444,0,0.004420676691729323,0.029714018316765563,0.16420950925995073
0.10099674444444444,0,0.004420676691729323,0.025569604059344424,0.16420950925995073
0.0999515,0,-0.0024559314954051793,0.02763556818802851,0.164109790761822
0.0999515,0,-0.0024559314954051793,0.03360316067019269,0.164109790761822
0.09929822222222222,0,0.0,0.02566225596076602,0.16399838650863754
0.09969018888888888,0,0.0014735588972431077,0.032721320663582944,0.16406520481178707
0.09969018888888888,0,0.0014735588972431077,0.031934819979390947,0.16406520481178707
0.09969018888888888,0,0.0014735588972431077,0.02702729720243901,0.16406520481178707
0.09969018888888888,0,0.0014735588972431077,0.030158946028649415,0.16406520481178707
0.09942887777777779,0,-0.0004911862990810359,0.033819434361474505,0.16402065115065098
0.09982084444444443,0,0.0029471177944862155,0.032623382990723815,0.16412686992485676
0.09982084444444443,0,0.0029471177944862155,0.03231333980275722,0.16412686992485676
0.06807154444444445,0,-0.012279657477025897,0.022243062208892557,0.1638687578730339
-0.00013065555555555555,0,-0.0024559314954051793,0.014652651897970362,0.05
-0.00013065555555555555,0,-0.0024559314954051793,0.013291291681243687,0.05
0.0,0,-0.0009823725981620718,0.012596671359655089,0.05
0.0,0,-0.0009823725981620718,0.013809444556610062,0.05
0.0,0,-0.0009823725981620718,0.022915161809047596,0.05
0.002090488888888889,0,0.02161219715956558,0.023330205463978418,0.09
0.0035277000000000004,0,0.10560505430242273,0.025901647332305718,0.09
0.0035277000000000004,0,0.10560505430242273,0.02837787735322711,0.09
0.0035277000000000004,0,0.10560505430242273,0.03083233536170462,0.09
0.003005077777777778,0,0.1930362155388471,0.03802921219086913,0.09
0.003005077777777778,0,0.1930362155388471,0.0489240727010195,0.09
0.0031357333333333335,0,0.26818771929824564,0.04949639707875791,0.09
0.0031357333333333335,0,0.26818771929824564,0.056582199146347496,0.09
0.0022211444444444443,0,0.34137447786131997,0.06126062389115291,0.09
0.0022211444444444443,0,0.34137447786131997,0.05602660221866052,0.09
-0.0010452444444444444,0,0.40670225563909773,0.05974868660901182,0.09
-0.0010452444444444444,0,0.40670225563909773,0.0631909758041873,0.09
-0.0005226222222222222,0,0.40473751044277356,0.05855153490470556,0.09
-0.0005226222222222222,0,0.40473751044277356,0.05728003749198801,0.09
0.0023518000000000002,0,0.3998256474519632,0.05755663868496413,0.09
0.0023518000000000002,0,0.3998256474519632,0.05843190906702161,0.09
0.0023518000000000002,0,0.3998256474519632,0.05667223009011153,0.09
0.0003919666666666667,0,0.3934402255639098,0.05520401061165133,0.09
0.0003919666666666667,0,0.3934402255639098,0.055278082176448314,0.09
0.0003919666666666667,0,0.40031683375104427,0.04714489468191581,0.09
0.0003919666666666667,0,0.40031683375104427,0.05682600476347248,0.09
-0.0005226222222222222,0,0.3978609022556391,0.05722319377248234,0.09
-0.0005226222222222222,0,0.3978609022556391,0.0496562894152617,0.09
0.0,0,0.38509005847953215,0.05020577290970905,0.09
0.0,0,0.38509005847953215,0.05030999258892981,0.09
-0.0002613111111111111,0,0.36937209690893896,0.04767994217478394,0.09
-0.0002613111111111111,0,0.36937209690893896,0.048497658676831805,0.09
0.0011759000000000001,0,0.33056837928153715,0.04429227021250906,0.09
0.0011759000000000001,0,0.33056837928153715,0.04446716097703712,0.09
-0.0013065555555555554,0,0.2829233082706767,0.0361341292668604,0.09
-0.0013065555555555554,0,0.2829233082706767,0.039725445416145574,0.09
-0.0013065555555555554,0,0.2829233082706767,0.035954878185953346,0.09
0.0005226222222222222,0,0.2485402673350042,0.03536546199994928,0.09
0.0009145888888888889,0,0.1999128237259816,0.026600803141034766,0.09
0.0009145888888888889,0,0.1999128237259816,0.030177024999519013,0.09
0.0009145888888888889,0,0.1999128237259816,0.021661604987322655,0.09
-0.001437211111111111,0,0.16061791979949874,0.02544309523488876,0.09
-0.001437211111111111,0,0.16061791979949874,0.02290957680223936,0.09
-0.0003919666666666667,0,0.14882944862155387,0.025955821629736798,0.09
-0.0003919666666666667,0,0.14882944862155387,0.022729774660732262,0.09
0.0006532777777777777,0,0.14489995822890558,0.021635993550439662,0.09
0.0006532777777777777,0,0.14489995822890558,0.020241697619152975,0.09
0.0011759000000000001,0,0.1026579365079365,0.020672226927647485,0.09
0.0011759000000000001,0,0.1026579365079365,0.025391639798332314,0.09
0.00013065555555555555,0,0.10069319131161236,0.022507721455495774,0.09
0.00013065555555555555,0,0.10069319131161236,0.017275152277672158,0.09
0.00013065555555555555,0,0.09676370091896408,0.022625326725407482,0.09
0.00013065555555555555,0,0.09676370091896408,0.015274215196411298,0.09
-0.00013065555555555555,0,0.09872844611528821,0.019277616751010893,0.09
-0.00013065555555555555,0,0.09872844611528821,0.022358937443133522,0.09
-0.00013065555555555555,0,0.09872844611528821,0.022484130279711113,0.09
0.00013065555555555555,0,0.09872844611528821,0.023756486356910057,0.09
0.00013065555555555555,0,0.09872844611528821,0.022411249830012393,0.09
-0.00013065555555555555,0,0.09971081871345029,0.018442377456067277,0.09
0.00013065555555555555,0,0.09872844611528821,0.018391493702152442,0.09
0.00013065555555555555,0,0.09872844611528821,0.02010549489022563,0.09
0.00013065555555555555,0,0.09872844611528821,0.019555694124728,0.09
0.0002613111111111111,0,0.10020200501253132,0.021641296222597278,0.09
0.0007839333333333334,0,0.0658189640768588,0.01850745681727496,0.09
0.00013065555555555555,0,0.0034383040935672513,0.014836177824404436,0.05
0.00013065555555555555,0,0.0034383040935672513,0.005412890345843498,0.05
-0.0007839333333333334,0,-0.0029471177944862155,0.01831106002297217,0.05
-0.0007839333333333334,0,-0.0029471177944862155,0.010585046072216248,0.05
-0.00013065555555555555,0,0.0024559314954051793,0.016096219068885764,0.05
-0.00013065555555555555,0,0.0024559314954051793,0.013424229409081948,0.05
0.0003919666666666667,0,-0.0004911862990810359,0.013300151324881873,0.05
0.0003919666666666667,0,-0.0004911862990810359,0.0172302012928332,0.05
0.009668511111111111,0,-0.003929490392648287,0.0077160685168681025,0.05
0.009668511111111111,0,-0.003929490392648287,0.018997031728305698,0.05
0.020904888888888886,0,-0.01080609857978279,0.020383370190798566,0.1628720504775787
0.020904888888888886,0,-0.01080609857978279,0.014594563220669036,0.1628720504775787
0.037628800000000004,0,-0.012770843776106934,0.017666868800640907,0.16328308283939794
0.037628800000000004,0,-0.012770843776106934,0.021962367077218905,0.16328308283939794
0.037628800000000004,0,-0.012770843776106934,0.016056424462080863,0.16328308283939794
0.06480515555555556,0,-0.01080609857978279,0.025974949120088343,0.16374379456461516
0.09028298888888889,0,-0.015226775271512115,0.025449018884978927,0.16443146466105027
0.09028298888888889,0,-0.015226775271512115,0.020828092049270004,0.16443146466105027
0.12164032222222222,0,-0.0004911862990810359,0.025606799292198012,0.16446487929472936
0.12164032222222222,0,-0.0004911862990810359,0.030516705430582602,0.16446487929472936
0.12164032222222222,0,-0.0004911862990810359,0.03244858041916684,0.16446487929472936
0.15404289999999998,0,0.0004911862990810359,0.04214245309319491,0.16511293014895914
0.15404289999999998,0,0.0004911862990810359,0.04063256817013364,0.16511293014895914
0.18513892222222222,0,-0.009332539682539682,0.04758624342524016,0.16608929281699542
0.18513892222222222,0,-0.009332539682539682,0.04347684032737372,0.16608929281699542
0.2206772333333333,0,-0.011297284878863827,0.051767918983504434,0.16687883022506442
0.2206772333333333,0,-0.011297284878863827,0.05437186087732244,0.16687883022506442
0.2206772333333333,0,-0.011297284878863827,0.055338909776373534,0.16687883022506442
0.25556226666666665,0,-0.01670033416875522,0.06427714104246739,0.16779351495033384
0.25556226666666665,0,-0.01670033416875522,0.0659571777645498,0.16779351495033384
0.29306041111111114,0,-0.03978609022556391,0.07227702904576364,0.16947414660665605
0.29306041111111114,0,-0.03978609022556391,0.07026679985032641,0.16947414660665605
0.3380059222222222,0,-0.050592188805346695,0.08324513479458213,0.17080894556899567
0.3380059222222222,0,-0.050592188805346695,0.08331001986688562,0.17080894556899567
0.37772521111111107,0,-0.05943354218880535,0.09320346378089187,0.17195997173993063
0.37772521111111107,0,-0.05943354218880535,0.10165736935773767,0.17195997173993063
0.4218867888888889,0,-0.02406812865497076,0.1061244900622607,0.17141519078221568
0.4218867888888889,0,-0.02406812865497076,0.10612093728603586,0.17141519078221568
0.4218867888888889,0,-0.02406812865497076,0.10122221787477058,0.17141519078221568
0.4629126333333333,0,-0.007367794486215539,0.11402781509890511,0.17156558363410881
0.4629126333333333,0,-0.007367794486215539,0.11486654152308634,0.17156558363410881
0.49244078888888887,0,-0.007367794486215539,0.12470502329974849,0.17215613492534357
0.49244078888888887,0,-0.007367794486215539,0.11824631719994326,0.17215613492534357
0.5240594333333333,0,0.01424440267335004,0.13359866689736072,0.09
0.5538489,0,0.02996236424394319,0.12256144604847927,0.09
0.5828544333333333,0,0.017191520467836258,0.13159394986213155,0.09
0.6134278333333334,0,0.021121010860484544,0.13612398330362374,0.09
0.6390363222222222,0,0.021121010860484544,0.12617479123254796,0.09
0.6600718666666666,0,0.02161219715956558,0.13196774551607432,0.09
0.6600718666666666,0,0.02161219715956558,0.14487153584936507,0.09
0.7153391666666666,0,0.01424440267335004,0.15498891653503324,0.09
0.7272288222222222,0,0.015717961570593148,0.13112999815789803,0.09
0.7272288222222222,0,0.015717961570593148,0.1225902910191601,0.09
0.7656415555555556,0,0.03733015873015873,0.12856485388326422,0.09
0.7757020333333333,0,0.049609816207184625,0.13028065889541243,0.09
0.7757020333333333,0,0.049609816207184625,0.13230586761426208,0.09
0.7805362888888888,0,0.02161219715956558,0.12900289711118915,0.09
0.7892902111111112,0,0.01424440267335004,0.12659267872185703,0.09
0.7928179111111112,0,0.0019647451963241435,0.11128544513132155,0.23
0.7928179111111112,0,0.0019647451963241435,0.16985787771387315,0.23
0.8083659222222223,0,0.020138638262322473,0.17418196693841909,0.09
0.8090191999999999,0,0.017682706766917293,0.11678339492055884,0.09
0.8145067333333333,0,-0.01080609857978279,0.1151817759879376,0.23
0.8145067333333333,0,-0.01080609857978279,0.17501784233178214,0.23
0.8145067333333333,0,-0.01080609857978279,0.1745046043223837,0.23
0.8146373888888889,0,-0.044697953216374264,0.17843624190361226,0.23
0.8146373888888889,0,-0.044697953216374264,0.17527113696089644,0.23
0.8186877111111112,0,-0.05697761069340016,0.17882731464983234,0.23
0.8186877111111112,0,-0.05697761069340016,0.1737954572434703,0.23
0.8184264,0,-0.05894235588972431,0.18076135266901655,0.23
0.8184264,0,-0.05894235588972431,0.18367530080321978,0.23
0.8155519777777778,0,-0.0697484544695071,0.1834475197315138,0.23
0.8190796777777778,0,-0.08301048454469508,0.18288562416708012,0.23
0.8167278777777778,0,-0.07416913116123643,0.182653278671544,0.23
0.8142454222222222,0,-0.0835016708437761,0.18445457459915815,0.23
0.8142454222222222,0,-0.0835016708437761,0.1867890506537196,0.23
0.8005265888888888,0,-0.07318675856307436,0.17842234527361428,0.23
0.8005265888888888,0,-0.07318675856307436,0.17581334603164575,0.23
0.7909887333333334,0,-0.06090710108604846,0.17424295335088763,0.23
0.7909887333333334,0,-0.06090710108604846,0.17432253993538252,0.23
0.7605459888888889,0,-0.023085756056808685,0.16433326255028577,0.23
0.7605459888888889,0,-0.023085756056808685,0.16425832283578065,0.23
0.7320630777777779,0,-0.0034383040935672513,0.15907229243577156,0.23
0.7320630777777779,0,-0.0034383040935672513,0.16054623569233178,0.23
0.7125954000000001,0,0.003929490392648287,0.1533745580510626,0.23
0.7125954000000001,0,0.003929490392648287,0.15586389570405185,0.23
0.7055400000000001,0,0.031435923141186296,0.1537729076165918,0.09
0.7055400000000001,0,0.031435923141186296,0.09204468682660799,0.09
0.7003137777777777,0,0.024559314954051795,0.09572036642203091,0.09
0.7033188555555555,0,0.0191562656641604,0.10399842136971854,0.09
0.6845044555555555,0,0.03978609022556391,0.09314738338536774,0.09
0.6753585666666667,0,0.04568032581453634,0.09812476965825152,0.09
0.6831979,0,0.03192710944026733,0.10145607961495161,0.09
0.7016203333333334,0,-0.011788471177944862,0.1068545607188786,0.23
0.7046254111111112,0,-0.022103383458646614,0.14294342566533935,0.23
0.7046254111111112,0,-0.022103383458646614,0.14609552930916103,0.23
0.6660820222222222,0,-0.020629824561403505,0.13615987396794502,0.23
0.6660820222222222,0,-0.020629824561403505,0.13022240911885172,0.23
0.5929149111111112,0,0.0,0.11648359295579765,0.23
0.5929149111111112,0,0.0,0.11767578886973983,0.23
0.5929149111111112,0,0.0,0.11201479301510224,0.23
0.4490631444444444,0,0.004420676691729323,0.08628283128594605,0.23
0.4490631444444444,0,0.004420676691729323,0.08756770221282066,0.23
0.29266844444444445,0,-0.08055455304928989,0.06637852673179656,0.23
0.29266844444444445,0,-0.08055455304928989,0.0735411934647428,0.23
0.043246988888888886,0,-0.2146484126984127,0.05947588987700471,0.23
0.043246988888888886,0,-0.2146484126984127,0.0679046355815561,0.23
0.03945797777777778,0,-0.2485402673350042,0.07531586471734535,0.23
0.03945797777777778,0,-0.2485402673350042,0.07810642970491778,0.23
0.03945797777777778,0,-0.2485402673350042,0.08050109471524146,0.23
0.028613566666666666,0,-0.2794850041771094,0.08490943056413763,0.23
0.028613566666666666,0,-0.2794850041771094,0.06846536384725074,0.23
0.01920636666666667,0,-0.32074465329991647,0.08583284244305332,0.23
0.01920636666666667,0,-0.32074465329991647,0.08213280482365921,0.23
0.009276544444444444,0,-0.35905718462823727,0.08890635741729552,0.05
-0.0010452444444444444,0,-0.40473751044277356,0.07504812678839469,0.05
-0.0005226222222222222,0,-0.39884327485380117,0.07020967986155592,0.05
-0.0035277000000000004,0,-0.2794850041771094,0.03257639297021225,0.05
-0.0035277000000000004,0,-0.2794850041771094,0.03312092962514967,0.05
-0.0009145888888888889,0,0.0329094820384294,0.015964554742643272,0.09
0.0003919666666666667,0,-0.012279657477025897,0.01853639776108325,0.05
0.0003919666666666667,0,-0.012279657477025897,0.022916468809593405,0.05
0.00013065555555555555,0,-0.07515150375939848,0.023635354190646964,0.05
0.00013065555555555555,0,-0.07515150375939848,0.0264216844952186,0.05
0.00013065555555555555,0,-0.07515150375939848,0.029707001441665066,0.05
0.0019598333333333334,0,-0.11051691729323308,0.02904914279321621,0.05
0.0019598333333333334,0,-0.11051691729323308,0.032485607368227316,0.05
0.003397044444444445,0,-0.13753216374269006,0.03696444258009205,0.05
0.003397044444444445,0,-0.13753216374269006,0.033878065395526596,0.05
0.003397044444444445,0,-0.16307385129490393,0.038771993613637555,0.05
0.003397044444444445,0,-0.16307385129490393,0.03523638608670945,0.05
0.0036583555555555554,0,-0.18566842105263157,0.03999086680626372,0.05
0.0036583555555555554,0,-0.18566842105263157,0.037657673830183015,0.05
0.0035277000000000004,0,-0.1930362155388471,0.045070827038005815,0.05
0.0035277000000000004,0,-0.1930362155388471,0.0422507090360678,0.05
0.002090488888888889,0,-0.19549214703425227,0.04148644504179122,0.05
0.002090488888888889,0,-0.19549214703425227,0.04148644504179122,0.05
0.0,0,-0.18468604845446948,0.03290745560660667,0.05
0.0,0,-0.18468604845446948,0.03367535285912715,0.05
0.0,0,-0.18468604845446948,0.032301601549221105,0.05
-0.0011759000000000001,0,-0.14981182121971592,0.029720476968783213,0.05
-0.0011759000000000001,0,-0.14981182121971592,0.03366520908175587,0.05
-0.0016985222222222224,0,-0.13900572263993316,0.02965423433500642,0.05
-0.0016985222222222224,0,-0.13900572263993316,0.02646530862191778,0.05
-0.00013065555555555555,0,-0.1311467418546366,0.024767746787086632,0.05
-0.00013065555555555555,0,-0.1311467418546366,0.023909916652717075,0.05
0.0003919666666666667,0,-0.09578132832080201,0.029488219106953175,0.05
0.0003919666666666667,0,-0.09578132832080201,0.02340903550018886,0.05
0.0,0,-0.10020200501253132,0.02019263304245504,0.05
0.0,0,-0.10020200501253132,0.02327994691588213,0.05
0.00013065555555555555,0,-0.10069319131161236,0.026913578677370122,0.05
0.00013065555555555555,0,-0.10069319131161236,0.025820255533604272,0.05
0.0,0,-0.10020200501253132,0.02634060886264768,0.05
0.0,0,-0.10020200501253132,0.025084274134692115,0.05
0.0,0,-0.10020200501253132,0.026363604649798707,0.05
0.0002613111111111111,0,-0.09725488721804511,0.024317093648654704,0.05
0.0002613111111111111,0,-0.09725488721804511,0.025315614229005325,0.05
-0.0003919666666666667,0,-0.09774607351712614,0.0294506654035813,0.05
0.0003919666666666667,0,-0.10167556390977443,0.02808883329280116,0.05
0.0003919666666666667,0,-0.10167556390977443,0.026248075411816837,0.05
0.00013065555555555555,0,-0.09971081871345029,0.023518903085086272,0.05
0.00013065555555555555,0,-0.09971081871345029,0.025434994482203703,0.05
-0.0007839333333333334,0,-0.07073082706766917,0.01646214805647285,0.05
0.0,0,0.003929490392648287,0.012812849771455314,0.05
0.0,0,0.003929490392648287,0.015406809129824041,0.05
0.0,0,0.003929490392648287,0.014583256902100456,0.05
0.00013065555555555555,0,-0.0004911862990810359,0.014346388742556513,0.05
0.016854566666666668,0,-0.01424440267335004,0.01710341836087236,0.23
0.016854566666666668,0,-0.01424440267335004,0.015182813202325148,0.23
0.16828435555555554,0,-0.004911862990810359,0.05073995591351377,0.23
0.16828435555555554,0,-0.004911862990810359,0.05387694379279231,0.23
0.16828435555555554,0,-0.004911862990810359,0.054889402761045786,0.23
0.2871809111111111,0,0.01670033416875522,0.08334933583245238,0.09
0.2871809111111111,0,0.01670033416875522,0.08394402938347273,0.09
0.38203684444444447,0,0.014735588972431077,0.11088592682052177,0.09
0.46434984444444444,0,0.02652406015037594,0.11908760962555726,0.09
0.5192251777777778,0,0.03733015873015873,0.133236606029736,0.09
0.5521503777777779,0,0.01080609857978279,0.11001010699543919,0.09
0.5521503777777779,0,0.01080609857978279,0.1107308549963639,0.09
0.5680903555555555,0,0.023576942355889724,0.14061569648794855,0.09
0.5837690222222222,0,0.07367794486215538,0.14531981998373095,0.09
0.5599897111111112,0,0.05108337510442774,0.14278811170536562,0.09
0.5189638666666666,0,-0.02161219715956558,0.14920890070963283,0.23
0.5189638666666666,0,-0.02161219715956558,0.1488364668716001,0.23
0.3824288111111111,0,-0.0034383040935672513,0.10931053609433741,0.23
0.3824288111111111,0,-0.0034383040935672513,0.110526216825771,0.23
0.3137039888888889,0,0.01326203007518797,0.09611192994366222,0.09
0.2448485111111111,0,-0.019647451963241434,0.07472362756179818,0.23
0.14502766666666667,0,-0.01670033416875522,0.041736837397529945,0.23
-0.0019598333333333334,0,0.016209147869674187,0.011110501783514942,0.09
-0.0019598333333333334,0,0.016209147869674187,0.013381522174691452,0.09
0.0006532777777777777,0,-0.0034383040935672513,0.01072579319016502,0.05
-0.0005226222222222222,0,0.0068766081871345025,0.017380584410264032,0.05
-0.0005226222222222222,0,0.0068766081871345025,0.01431497275385113,0.05
0.0006532777777777777,0,-0.0024559314954051793,0.013377943127910212,0.05
0.0006532777777777777,0,-0.0024559314954051793,0.012217941660954173,0.05
0.0018291777777777777,0,0.007858980785296574,0.012755120734547912,0.05
0.0018291777777777777,0,0.007858980785296574,0.018058011918113764,0.05
0.0018291777777777777,0,0.007858980785296574,0.018720550640005787,0.05
0.0015678666666666668,0,0.0766250626566416,0.02495566821814464,0.09
0.0015678666666666668,0,0.0766250626566416,0.025080721770145087,0.09
0.0018291777777777777,0,0.14146165413533834,0.036150198302483755,0.09
0.0018291777777777777,0,0.14146165413533834,0.03322177276200593,0.09
0.001437211111111111,0,0.20285994152046782,0.037553134193114825,0.09
0.001437211111111111,0,0.20285994152046782,0.04389067911443319,0.09
0.0015678666666666668,0,0.260328738512949,0.0454713363431562,0.09
0.0015678666666666668,0,0.260328738512949,0.04970684602452263,0.09
-0.0016985222222222224,0,0.301097201336675,0.04890914925018272,0.09
-0.0016985222222222224,0,0.301097201336675,0.04896631024231393,0.09
-0.0016985222222222224,0,0.301097201336675,0.05128759666711152,0.09
0.00013065555555555555,0,0.2981500835421888,0.04753912208944023,0.09
0.00013065555555555555,0,0.2981500835421888,0.04602970125572312,0.09
-0.0010452444444444444,0,0.29962364243943185,0.047630039547354626,0.09
-0.0010452444444444444,0,0.29962364243943185,0.047672279002765966,0.09
-0.0006532777777777777,0,0.3020795739348371,0.04933482207480682,0.09
-0.0006532777777777777,0,0.3020795739348371,0.049199039533514975,0.09
0.0007839333333333334,0,0.29765889724310773,0.05061311782634481,0.09
0.0007839333333333334,0,0.29765889724310773,0.0502651265066669,0.09
0.0,0,0.30060601503759393,0.050841975665222736,0.09
0.0,0,0.30060601503759393,0.052917986206046215,0.09
0.0003919666666666667,0,0.301097201336675,0.06850760129663196,0.09
0.0003919666666666667,0,0.301097201336675,0.07105934247771918,0.09
0.00013065555555555555,0,0.2981500835421888,0.07207324182700105,0.09
0.00013065555555555555,0,0.2981500835421888,2.186440657385891,0.09
-0.0002613111111111111,0,0.29765889724310773,0.06980611268796896,0.09
-0.0002613111111111111,0,0.29765889724310773,0.06708682224453928,0.09
-0.0002613111111111111,0,0.30355313283208024,2.1841694399293408,0.09
0.0007839333333333334,0,0.2986412698412698,0.06624856411519792,0.09
0.0002613111111111111,0,0.29962364243943185,0.09102420816334905,0.09
-0.00013065555555555555,0,0.3040443191311612,0.08407654800087135,0.09
-0.00013065555555555555,0,0.3040443191311612,0.09009521377695513,0.09
0.0,0,0.2986412698412698,0.0867486849804924,0.09
0.0,0,0.2986412698412698,2.197004440174283,0.09
-0.00013065555555555555,0,0.2991324561403509,0.08711559508471789,0.09
-0.0002613111111111111,0,0.30551787802840435,2.195068279122264,0.09
0.0005226222222222222,0,0.2966765246449457,0.09241934346080054,0.09
0.0007839333333333334,0,0.30355313283208024,0.08751078843454888,0.09
0.0007839333333333334,0,0.30355313283208024,0.08811917984048248,0.09
0.0,0,0.30257076023391816,0.0903632400912247,0.09
0.0,0,0.30257076023391816,0.08958555850179857,0.09
0.0011759000000000001,0,0.2971677109440268,2.203697651458659,0.09
0.0,0,0.301588387635756,0.09086692981507145,0.09
-0.0003919666666666667,0,0.30600906432748537,0.08732204481532735,0.09
-0.0003919666666666667,0,0.30600906432748537,13.811680482074511,0.09
0.0002613111111111111,0,0.29569415204678356,0.08600956293933552,0.09
0.0005226222222222222,0,0.30060601503759393,0.08827464992268866,0.09
0.0005226222222222222,0,0.30060601503759393,0.08764566959838273,0.09
0.0005226222222222222,0,0.30060601503759393,0.08990649708338416,0.09
-0.0002613111111111111,0,0.30257076023391816,0.08705776706132275,0.09
-0.0002613111111111111,0,0.30257076023391816,0.08860049532492621,0.09
0.0007839333333333334,0,0.2986412698412698,0.0863799063800414,0.09
0.0007839333333333334,0,0.2986412698412698,2.1950293671799535,0.09
0.0009145888888888889,0,0.30502669172932323,0.09179396358211983,0.09
0.0009145888888888889,0,0.30502669172932323,0.09134162886792743,0.09
0.00013065555555555555,0,0.2971677109440268,0.08952804438982728,0.09
-0.0011759000000000001,0,0.2971677109440268,0.08985282413300964,0.09
-0.0011759000000000001,0,0.2971677109440268,0.08877844219646036,0.09
-0.0011759000000000001,0,0.2971677109440268,2.2038887176342197,0.09
0.00013065555555555555,0,0.3040443191311612,0.08831470716631276,0.09
0.0006532777777777777,0,0.2971677109440268,0.08593672392079953,0.09
0.0006532777777777777,0,0.2971677109440268,0.10403569349876625,0.09
-0.0005226222222222222,0,0.2986412698412698,0.10816974477235833,0.09
0.0005226222222222222,0,0.29962364243943185,0.1076501610797543,0.09
-0.0003919666666666667,0,0.2981500835421888,0.10810718437614604,0.09
-0.0002613111111111111,0,0.2986412698412698,0.10263442543517537,0.09
0.0009145888888888889,0,0.30306194653299917,0.1185681588805864,0.09
-0.0005226222222222222,0,0.29765889724310773,0.10903585510510981,0.09
0.00013065555555555555,0,0.301097201336675,0.10872552851681987,0.09
0.00013065555555555555,0,0.301097201336675,0.10779554823010115,0.09
-0.0002613111111111111,0,0.29471177944862154,0.07957044844295695,0.09
-0.0027437666666666662,0,0.2618022974101921,0.0801764444052654,0.09
-0.0027437666666666662,0,0.2618022974101921,0.08337082787749099,0.09
-0.0027437666666666662,0,0.2618022974101921,0.07617137958777939,0.09
0.0024824555555555557,0,0.24804908103592313,0.06631406447962335,0.09
0.0024824555555555557,0,0.24804908103592313,0.06670704071813076,0.09
-0.00013065555555555555,0,0.2146484126984127,0.06809516470448887,0.09
-0.00013065555555555555,0,0.2146484126984127,0.06153096598489794,0.09
0.0006532777777777777,0,0.19794807852965748,0.04654936584209139,0.09
0.0006532777777777777,0,0.19794807852965748,0.05023745479962292,0.09
0.0007839333333333334,0,0.15128538011695908,0.04464237988113622,0.09
0.0007839333333333334,0,0.15128538011695908,0.04374880645229616,0.09
0.0,0,0.1247613199665831,0.035206925293300495,0.09
0.0,0,0.1247613199665831,0.03647353263040859,0.09
-0.00013065555555555555,0,0.11149928989139515,0.035513842891144294,0.09
-0.00013065555555555555,0,0.11149928989139515,0.03315789191680404,0.09
0.0,0,0.1041314954051796,0.03391519795555877,0.09
0.0,0,0.1041314954051796,0.0358781337275011,0.09
-0.00013065555555555555,0,0.09872844611528821,0.03104377362700152,0.09
-0.00013065555555555555,0,0.09872844611528821,0.032883597187123775,0.09
0.00013065555555555555,0,0.09872844611528821,0.033070355228364934,0.09
0.00013065555555555555,0,0.09872844611528821,0.03349417545956995,0.09
0.0,0,0.09921963241436925,0.03660224909540897,0.09
0.0,0,0.09921963241436925,0.03213764477916247,0.09
0.0,0,0.09921963241436925,0.035655146017567384,0.09
0.0,0,0.09921963241436925,0.030788892116796317,0.09
0.0,0,0.09921963241436925,0.029341409466322528,0.09
0.00013065555555555555,0,0.09774607351712614,0.034600731609386384,0.09
0.00013065555555555555,0,0.09774607351712614,0.03309834769218861,0.09
-0.00013065555555555555,0,0.09971081871345029,0.03264834685581588,0.09
-0.00013065555555555555,0,0.09971081871345029,0.03237175637397309,0.09
0.0005226222222222222,0,0.09823725981620718,0.03011438275937524,0.09
0.0005226222222222222,0,0.09823725981620718,0.037138915494350264,0.09
-0.00013065555555555555,0,0.09872844611528821,0.030677640225435232,0.09
-0.00013065555555555555,0,0.09872844611528821,0.032129192357524164,0.09
-0.0002613111111111111,0,0.09725488721804511,0.032158377448095576,0.09
-0.0002613111111111111,0,0.09725488721804511,0.03260608963172806,0.09
-0.0003919666666666667,0,0.09971081871345029,0.032027743684645275,0.09
-0.0005226222222222222,0,0.0658189640768588,0.014354699114803702,0.09
0.00013065555555555555,0,-0.0004911862990810359,0.006231243567655209,0.05
0.00013065555555555555,0,-0.0004911862990810359,0.009506803356775924,0.05
0.0005226222222222222,0,0.0,0.005056270503468169,0.05
-0.0003919666666666667,0,-0.0014735588972431077,0.007847349045602673,0.05
-0.0003919666666666667,0,-0.0014735588972431077,0.007903056814459746,0.05
-0.00013065555555555555,0,0.0004911862990810359,0.005560652420543992,0.05
-0.00013065555555555555,0,0.0004911862990810359,0.006533047221726717,0.05
0.0,0,0.0,0.005413266234671288,0.05
0.0,0,0.0,0.007018668820196812,0.05
0.0,0,0.0,0.008507493481005164,0.05
0.0,0,0.0,0.006102931841075598,0.05
-0.0035277000000000004,0,-0.0024559314954051793,0.006653784601518171,0.05
-0.0035277000000000004,0,-0.0024559314954051793,0.007016220032255142,0.05
-0.03397044444444444,0,-0.007858980785296574,0.012935139654804357,0.05
-0.03397044444444444,0,-0.007858980785296574,0.011422267527913754,0.05
-0.0576191,0,-0.02406812865497076,0.017726667104548698,0.05
-0.0576191,0,-0.02406812865497076,0.01589209356708122,0.05
-0.07630284444444443,0,-0.032418295739348374,0.028624001558517187,0.05
-0.07630284444444443,0,-0.032418295739348374,0.02246721041940299,0.05
-0.09472527777777778,0,-0.044697953216374264,0.02760783979365252,0.05
-0.09472527777777778,0,-0.044697953216374264,0.02659777619891769,0.05
-0.10491641111111111,0,-0.046662698412698406,0.03159511962253251,0.05
-0.10491641111111111,0,-0.046662698412698406,0.031221824087659313,0.05
-0.11745934444444443,0,-0.046662698412698406,0.03706470971505376,0.05
-0.11745934444444443,0,-0.046662698412698406,0.037134146615077815,0.05
-0.11745934444444443,0,-0.046662698412698406,0.03826345777162452,0.05
-0.1260826111111111,0,-0.04175083542188805,0.04165363430572634,0.05
-0.1314394888888889,0,-0.04617151211361737,0.04513061261109368,0.05
-0.1314394888888889,0,-0.04617151211361737,0.042564726776551896,0.05
-0.1314394888888889,0,-0.04617151211361737,0.04076191056525435,0.05
-0.13300735555555554,0,-0.05108337510442774,0.043384436063104936,0.05
-0.13300735555555554,0,-0.05108337510442774,0.03837843987599473,0.05
-0.14045472222222222,0,-0.04568032581453634,0.044889880093297134,0.05
-0.14045472222222222,0,-0.04568032581453634,0.04033886828686639,0.05
-0.14202258888888888,0,-0.04273320802005012,0.04415248849025041,0.05
-0.14202258888888888,0,-0.04273320802005012,0.04574532751441269,0.05
-0.14332914444444445,0,-0.03782134502923977,0.04896435029122523,0.05
-0.14332914444444445,0,-0.03782134502923977,0.04749577142763769,0.05
-0.14411307777777776,0,-0.043715580618212194,0.047471454437551956,0.05
-0.14411307777777776,0,-0.043715580618212194,0.04439858371178257,0.05
-0.1481634,0,-0.035365413533834586,0.04396500332691408,0.05
-0.1481634,0,-0.035365413533834586,0.042251920134815546,0.05
-0.1481634,0,-0.035365413533834586,0.03747661821803124,0.05
-0.1484247111111111,0,-0.022594569757727653,0.051130488172838794,0.05
-0.1486860222222222,0,-0.023576942355889724,0.04835247925047813,0.05
-0.1486860222222222,0,-0.023576942355889724,0.04799641865379583,0.05
-0.1510378222222222,0,-0.014735588972431077,0.04970379940089463,0.05
-0.1510378222222222,0,-0.014735588972431077,0.0511705418267413,0.05
-0.1519524111111111,0,-0.011297284878863827,0.04784140198758989,0.05
-0.1519524111111111,0,-0.011297284878863827,0.04875838574709635,0.05
-0.14881667777777777,0,0.007367794486215539,0.0435789806313989,0.05
-0.14881667777777777,0,0.007367794486215539,0.04369528771006883,0.05
-0.1481634,0,0.008841353383458646,0.04964525069872009,0.05
-0.1481634,0,0.008841353383458646,0.04629352690124461,0.05
-0.14973126666666667,0,0.005894235588972431,0.04679139204692097,0.05
-0.14973126666666667,0,0.005894235588972431,0.04492270305622577,0.05
-0.14855536666666666,0,0.016209147869674187,0.0488746733998034,0.09
-0.14855536666666666,0,0.016209147869674187,0.048496110906022356,0.09
-0.1502538888888889,0,0.024559314954051795,0.0493236985164639,0.09
-0.1502538888888889,0,0.024559314954051795,0.049606481597711964,0.09
-0.1502538888888889,0,0.024559314954051795,0.04967376263998461,0.09
-0.1479020888888889,0,0.02750643274853801,0.049513397681661894,0.09
-0.1479020888888889,0,0.02750643274853801,0.04626829653117244,0.09
-0.14986192222222222,0,0.0329094820384294,0.048378581282928386,0.09
-0.14986192222222222,0,0.0329094820384294,0.04964829462742318,0.09
-0.14920864444444445,0,0.02750643274853801,0.050095354894514846,0.09
-0.14920864444444445,0,0.02750643274853801,0.048082386181647736,0.09
-0.15116847777777778,0,0.0191562656641604,0.04975231324869967,0.09
-0.15116847777777778,0,0.0191562656641604,0.04748831162489352,0.09
-0.14946995555555556,0,0.023576942355889724,0.046672185181518944,0.09
-0.14946995555555556,0,0.023576942355889724,0.05021438051555815,0.09
-0.1502538888888889,0,0.020629824561403505,0.04749529086212376,0.09
-0.1502538888888889,0,0.020629824561403505,0.05022300949408706,0.09
-0.14920864444444445,0,0.024559314954051795,0.04490721444821906,0.09
-0.1481634,0,0.020629824561403505,0.04661560939750266,0.09
-0.1481634,0,0.020629824561403505,0.0459036388294485,0.09
-0.14568094444444443,0,0.01326203007518797,0.047528066748059185,0.09
-0.14568094444444443,0,0.01326203007518797,0.05244684111430659,0.09
-0.13731898888888888,0,0.030944736842105264,0.0467530976332754,0.09
-0.13731898888888888,0,0.030944736842105264,0.04560315751452233,0.09
-0.1319621111111111,0,0.012770843776106934,0.04619451282088341,0.09
-0.1319621111111111,0,0.012770843776106934,0.04329528770546761,0.09
-0.11719803333333333,0,0.004420676691729323,0.04089137859521338,0.05
-0.11719803333333333,0,0.004420676691729323,0.03567062204458642,0.05
-0.10321788888888889,0,0.004911862990810359,0.03503665485702951,0.05
-0.10321788888888889,0,0.004911862990810359,0.03390109927309982,0.05
-0.10008215555555557,0,0.009823725981620717,0.036018802882741695,0.05
-0.10008215555555557,0,0.009823725981620717,0.03473856914344672,0.05
-0.08819250000000001,0,0.010314912280701753,0.028433859717552076,0.09
-0.08819250000000001,0,0.010314912280701753,0.032553247833810264,0.09
-0.08819250000000001,0,0.010314912280701753,0.03144602420920425,0.09
-0.08819250000000001,0,0.012279657477025897,0.03790289526885436,0.09
-0.08819250000000001,0,0.012279657477025897,0.03280884696260961,0.09
-0.07787071111111112,0,0.014735588972431077,0.03399628094730637,0.09
-0.07787071111111112,0,0.014735588972431077,0.028693187137222544,0.09
-0.06911678888888888,0,0.00835016708437761,0.027216605779271024,0.05
-0.06911678888888888,0,0.00835016708437761,0.02523575456933712,0.05
-0.06624236666666665,0,0.0004911862990810359,0.02695575839424618,0.05
-0.06624236666666665,0,0.0004911862990810359,0.030856372491587868,0.05
-0.05970958888888889,0,0.012279657477025897,0.028557278009917773,0.09
-0.05970958888888889,0,0.012279657477025897,0.021204784836410844,0.09
-0.0576191,0,0.009332539682539682,0.023637193743245258,0.05
-0.0576191,0,0.009332539682539682,0.0279461798376215,0.05
-0.0576191,0,0.009332539682539682,0.02163119431920932,0.05
-0.05618188888888889,0,0.009823725981620717,0.0306774970455389,0.05
-0.05147828888888889,0,-0.0009823725981620718,0.031270913339249716,0.05
-0.05147828888888889,0,-0.0009823725981620718,0.0182088256128409,0.05
-0.05147828888888889,0,-0.0009823725981620718,0.020092226734088045,0.05
-0.045860099999999994,0,0.0014735588972431077,0.021308763196847293,0.05
-0.045860099999999994,0,0.0014735588972431077,0.0210840850620157,0.05
-0.04363895555555555,0,0.007858980785296574,0.016937367553965674,0.05
-0.04363895555555555,0,0.007858980785296574,0.018557034874237148,0.05
-0.04128715555555555,0,0.0029471177944862155,0.02519116457035026,0.05
-0.04128715555555555,0,0.0029471177944862155,0.026491818086036383,0.05
-0.03789011111111111,0,-0.003929490392648287,0.020356925147724025,0.05
-0.03789011111111111,0,-0.003929490392648287,0.023627254968828896,0.05
-0.034885033333333336,0,0.004420676691729323,0.018169026098383338,0.05
-0.034885033333333336,0,0.004420676691729323,0.018357282348258765,0.05
-0.03305585555555556,0,-0.0024559314954051793,0.021154472624390085,0.05
-0.0329252,0,-0.0019647451963241435,0.015090851731516579,0.05
-0.02913618888888889,0,0.0034383040935672513,0.020402692134374338,0.05
-0.02913618888888889,0,0.0034383040935672513,0.018830965796400687,0.05
-0.02913618888888889,0,0.0034383040935672513,0.01554900366186067,0.05
-0.03018143333333333,0,0.0034383040935672513,0.018702389686269093,0.05
-0.03018143333333333,0,0.0034383040935672513,0.019079448641989977,0.05
-0.025477833333333335,0,0.004420676691729323,0.01953688916878587,0.05
-0.025477833333333335,0,0.004420676691729323,0.0257979696071456,0.05
-0.022472755555555557,0,0.005894235588972431,0.023764852745981016,0.05
-0.022472755555555557,0,0.005894235588972431,0.016999473858952525,0.05
-0.022734066666666667,0,0.0019647451963241435,0.020439264378270733,0.05
-0.022734066666666667,0,0.0019647451963241435,0.01716711673659779,0.05
-0.020251611111111113,0,0.0014735588972431077,0.01806545584849776,0.05
-0.020251611111111113,0,0.0014735588972431077,0.014948900150556074,0.05
-0.02012095555555556,0,0.003929490392648287,0.019103043869168786,0.05
-0.02012095555555556,0,0.003929490392648287,0.01507196047129996,0.05
-0.02012095555555556,0,0.003929490392648287,0.015600472711209701,0.05
-0.01972898888888889,0,0.0024559314954051793,0.019466712280751704,0.05
-0.01972898888888889,0,0.0024559314954051793,0.017947649609767472,0.05
-0.02012095555555556,0,0.0029471177944862155,0.017329100493179934,0.05
-0.02012095555555556,0,0.0029471177944862155,0.016741704801490974,0.05
-0.01972898888888889,0,0.0034383040935672513,0.01801889105838328,0.05
-0.01972898888888889,0,0.0034383040935672513,0.016664288170614862,0.05
-0.0199903,0,0.0014735588972431077,0.018023877122872255,0.05
-0.01907571111111111,0,0.0029471177944862155,0.01812989097746222,0.05
-0.01907571111111111,0,0.0029471177944862155,0.01812989097746222,0.05
-0.01907571111111111,0,0.0029471177944862155,0.014578911701956259,0.05
-0.0199903,0,0.0024559314954051793,0.018847133615529532,0.05
-0.0199903,0,0.0024559314954051793,0.014983958358916697,0.05
-0.02012095555555556,0,0.0009823725981620718,0.018352282971429556,0.05
-0.02012095555555556,0,0.0009823725981620718,0.015299320421615832,0.05
-0.02012095555555556,0,0.0009823725981620718,0.012341598088924906,0.05
-0.02012095555555556,0,0.0029471177944862155,0.015975796492548523,0.05
-0.01972898888888889,0,0.0034383040935672513,0.015145965407896285,0.05
-0.01972898888888889,0,0.0034383040935672513,0.01718167859339875,0.05
-0.019598333333333332,0,0.0,0.019178316712175295,0.05
-0.019598333333333332,0,0.0029471177944862155,0.018797079017031176,0.05
-0.019598333333333332,0,0.0029471177944862155,0.015835265343632544,0.05
-0.013065555555555556,0,-0.003929490392648287,0.019133979079728743,0.05
-0.0009145888888888889,0,-0.0014735588972431077,0.015533243433046743,0.05
0.0005226222222222222,0,0.0019647451963241435,0.01598644545560086,0.05
0.0,0,0.0,0.01816761546947943,0.05
0.0,0,0.0,0.020625671231162438,0.05
0.0,0,0.0,0.019323628739070252,0.05
-0.00013065555555555555,0,-0.0004911862990810359,0.015566008282542891,0.05
0.0,0,0.0,0.014509382471333584,0.05
0.0,0,0.0,0.01787260546978416,0.05
0.0,0,0.0,0.01893968192831276,0.05
0.0,0,0.0,0.01628276402977599,0.05
0.0,0,0.0,0.014992409439368502,0.05
0.0,0,0.0,0.014067948294101884,0.05
0.0,0,0.0,0.015474515029795766,0.05
0.0,0,0.0,0.016086537289876288,0.05
0.0,0,0.0,0.010836067628021591,0.05
0.0,0,0.0,0.014777741345287894,0.05
0.0,0,0.0,0.014810993175447266,0.05
0.0,0,0.0,0.01453974099658783,0.05
0.0,0,0.0,0.017294255958720764,0.05
0.0,0,0.0,0.01696226609949468,0.05
0.0,0,0.0,0.01801520331429835,0.05
0.0,0,0.0,0.01580415004337375,0.05
0.0,0,0.0,0.014858605570843588,0.05
0.0,0,0.0,0.019047530266471043,0.05
0.0,0,0.0,0.017231870227779552,0.05
0.0,0,0.0,0.014053415531881417,0.05
0.0,0,0.0,0.013446384575933551,0.05
0.0,0,0.0,0.01542992222988442,0.05
0.0,0,0.0,0.012971191913925793,0.05
0.0,0,0.0,0.014182492854101251,0.05
0.0,0,0.0,0.01992066328940149,0.05
0.0,0,0.0,0.017157329035099648,0.05
0.0,0,0.0,0.0165360192089437,0.05
0.0,0,0.0,0.015957108966005787,0.05
0.0,0,0.0,0.014580872915490945,0.05
0.0,0,0.0,0.015904054859591135,0.05
0.0,0,0.0,0.016492655285130765,0.05
0.0,0,0.0,0.014740467455074556,0.05
0.0,0,0.0,0.01594712821280511,0.05
0.0,0,0.0,0.01743415097532032,0.05
0.0,0,0.0,0.017891326692127545,0.05
0.0,0,0.0,0.021349273134345204,0.05
0.0,0,0.0,0.01389735256874774,0.05
0.0,0,0.0,0.016390897373121254,0.05
0.0,0,0.0,0.014381060693197322,0.05
0.0,0,0.0,0.013047053652196664,0.05
0.0,0,0.0,0.019369140821389432,0.05
0.0,0,0.0,0.017852120406191132,0.05
0.0,0,0.0,0.01534545608209074,0.05
0.0,0,0.0,0.019508165978292857,0.05
0.0,0,0.0,0.02135833845688856,0.05
0.0,0,0.0,0.02135833845688856,0.05
0.0,0,0.0,0.019172041053852344,0.05
0.0,0,0.0,0.020591016962811848,0.05
0.0,0,0.0,0.01609942170632849,0.05
0.0,0,0.0,0.016637862136576562,0.05
0.0,0,0.0,0.017154172765088762,0.05
0.0,0,0.0,0.01523375630299814,0.05
0.0,0,0.0,0.015806595892545867,0.05
0.0,0,0.0,0.017351561422662094,0.05
0.0,0,0.0,0.012938715406474866,0.05
0.0,0,0.0,0.01794410180292772,0.05
0.0,0,0.0,0.01548711848647672,0.05
0.0,0,0.0,0.019634004969662996,0.05
0.0,0,0.0,0.015218739888041143,0.05
0.0,0,0.0,0.0167680565477774,0.05
0.0,0,0.0,0.01583476345017259,0.05
0.0,0,0.0,0.02015030896006721,0.05
0.0,0,0.0,0.012482553685678223,0.05
0.0,0,0.0,0.016214956912975007,0.05
0.0,0,0.0,0.018538711875253702,0.05
0.0,0,0.0,0.01689344306235562,0.05
0.0,0,0.0,0.015917750949601375,0.05
0.0,0,0.0,0.018746821754275837,0.05
0.0,0,0.0,0.013825453380070307,0.05
0.0,0,0.0,0.02184091214579982,0.05
0.0,0,0.0,0.02012607251794688,0.05
0.0,0,0.0,0.012429293735844137,0.05
0.0,0,0.0,0.015480272768315354,0.05
0.0,0,0.0,0.016987718094764494,0.05
0.0,0,0.0,0.016248631198895688,0.05
0.0,0,0.0,0.015740144432669502,0.05
0.008884577777777777,0,0.004911862990810359,0.01665815804471842,0.05
0.008884577777777777,0,0.004911862990810359,0.017035072818978512,0.05
0.0411565,0,0.0004911862990810359,0.017889216722513524,0.23
0.0411565,0,0.0004911862990810359,0.01336228056297027,0.23
0.07251383333333333,0,-0.0014735588972431077,0.028102252720732634,0.23
0.07251383333333333,0,-0.0014735588972431077,0.02144444444764933,0.23
0.10165002222222222,0,-0.0009823725981620718,0.0318454523059979,0.23
0.10165002222222222,0,-0.0009823725981620718,0.03213711993311712,0.23
0.13300735555555554,0,0.0019647451963241435,0.04537138358027342,0.23
0.13300735555555554,0,0.0019647451963241435,0.04319360159320065,0.23
0.15900781111111115,0,-0.0014735588972431077,0.050999709448658,0.23
0.15900781111111115,0,-0.0014735588972431077,0.04570496812706228,0.23
0.15939977777777775,0,-0.0029471177944862155,0.05003761995256146,0.23
0.15939977777777775,0,-0.0029471177944862155,0.04514463617247012,0.23
0.16175157777777777,0,-0.0009823725981620718,0.04406750866707103,0.23
0.16175157777777777,0,-0.0009823725981620718,0.04723370336450603,0.23
0.16175157777777777,0,-0.0009823725981620718,0.044328609819509555,0.23
0.16188223333333332,0,0.004420676691729323,0.04418354884759232,0.23
0.16188223333333332,0,0.004420676691729323,0.04668249191078938,0.23
0.15835453333333332,0,-0.0019647451963241435,0.04485048641616366,0.23
0.15835453333333332,0,-0.0019647451963241435,0.046445975885045544,0.23
0.1601837111111111,0,-0.005894235588972431,0.047216273306767025,0.23
0.1601837111111111,0,-0.005894235588972431,0.045910713593999175,0.23
0.1601837111111111,0,0.0009823725981620718,0.04375277663217292,0.23
0.1601837111111111,0,0.0009823725981620718,0.04997948463101169,0.23
0.1604450222222222,0,0.0029471177944862155,0.04570242901412171,0.23
0.1604450222222222,0,0.0029471177944862155,0.04529759511189962,0.23
0.1604450222222222,0,0.0029471177944862155,0.04584335088003299,0.23
0.15861584444444446,0,0.0,0.0480992971409227,0.23
0.15861584444444446,0,0.0,0.047986410203885256,0.23
0.15953043333333333,0,0.004420676691729323,0.048991151742691544,0.23
0.15822387777777777,0,-0.0014735588972431077,0.04604565236442277,0.23
0.15822387777777777,0,-0.0014735588972431077,0.04455752414449425,0.23
0.15822387777777777,0,-0.0014735588972431077,0.04830669370923507,0.23
0.16096764444444447,0,0.0019647451963241435,0.04862146140098276,0.23
0.16096764444444447,0,0.0019647451963241435,0.04683809149965568,0.23
0.15887715555555557,0,-0.0019647451963241435,0.04457689663648484,0.23
0.15887715555555557,0,-0.0019647451963241435,0.046507625827014766,0.23
0.15913846666666667,0,-0.0009823725981620718,0.04472668420886598,0.23
0.15953043333333333,0,-0.0024559314954051793,0.05138749309730732,0.23
0.1592691222222222,0,0.0004911862990810359,0.045912798901179074,0.23
0.1592691222222222,0,0.0004911862990810359,0.042035484479616816,0.23
0.1608369888888889,0,0.0014735588972431077,0.04558523529526346,0.23
0.1608369888888889,0,0.0014735588972431077,0.04707304984543955,0.23
0.15887715555555557,0,0.0009823725981620718,0.05058538572685774,0.23
0.15887715555555557,0,0.0009823725981620718,0.04755149220925,0.23
0.15887715555555557,0,0.0009823725981620718,0.04368396929488115,0.23
0.16031436666666665,0,-0.0014735588972431077,0.050453814054366455,0.23
0.16031436666666665,0,-0.0014735588972431077,0.04873359893916485,0.23
0.16175157777777777,0,0.0,0.04689608397745093,0.23
0.16175157777777777,0,0.0,0.04701144279406677,0.23
0.15939977777777775,0,0.0009823725981620718,0.050826434950083196,0.23
0.15939977777777775,0,0.0009823725981620718,0.050935792830926474,0.23
0.16096764444444447,0,-0.004911862990810359,0.04864751335181761,0.23
0.15966108888888889,0,0.0019647451963241435,0.04808030650835384,0.23
0.1107959111111111,0,0.017682706766917293,0.04099956033667171,0.09
0.1107959111111111,0,0.017682706766917293,0.04640853571889723,0.09
0.0006532777777777777,0,0.02701524644945697,0.013344804733199236,0.09
0.0006532777777777777,0,0.02701524644945697,0.022646362124338442,0.09
0.0013065555555555554,0,-0.005894235588972431,0.018302405295631822,0.05
0.0005226222222222222,0,0.0019647451963241435,0.013263441046065258,0.05
0.0005226222222222222,0,0.0019647451963241435,0.01617439262235704,0.05
0.0,0,-0.0019647451963241435,0.012474910863112663,0.05
-0.00013065555555555555,0,-0.0004911862990810359,0.015997608502976966,0.05
0.00013065555555555555,0,-0.0004911862990810359,0.016617238543288324,0.05
0.00013065555555555555,0,-0.0004911862990810359,0.014256516668619369,0.05
0.00013065555555555555,0,-0.0004911862990810359,0.01546339434981928,0.05
0.0,0,0.0,0.018854086210761175,0.05
0.0,0,0.0,0.013511509736660645,0.05
0.0,0,0.0,0.015570615841803397,0.05
0.0,0,0.0,0.014617050081634865,0.05
0.0,0,0.0,0.014584085188059884,0.05
